claim_nb,exposure,driv_age,veh_age,bonus_malus,log_density,area,brand_b13
1,0.8400,-0.381527,-0.547641,0.757846,1.135339,1.232275,0
1,0.7700,0.763690,-1.274619,2.338437,-0.386106,-0.212150,0
1,0.0300,-0.739408,-1.274619,1.263635,0.185548,0.510063,0
1,0.6200,1.551027,-0.547641,0.757846,1.012854,1.232275,0
1,0.5900,0.047929,-1.274619,-0.633074,0.686407,0.510063,0
1,0.7500,0.334233,0.179336,-0.569850,2.243436,1.954488,0
2,0.3700,-1.526745,-1.274619,3.286792,0.814491,0.510063,0
1,0.6800,-0.023647,-1.274619,-0.633074,0.626564,0.510063,0
1,0.6600,-0.095223,-1.274619,-0.190509,-0.314007,-0.212150,0
1,0.6300,-0.596256,-1.274619,-0.569850,2.001593,1.954488,0
2,0.7800,2.123635,-1.274619,-0.633074,0.295759,0.510063,0
1,0.0400,-0.810984,-1.274619,-0.569850,2.001593,1.954488,0
1,0.9800,-1.669897,-0.911130,1.579753,-0.680497,-0.212150,0
1,0.8700,-0.023647,-0.911130,-0.633074,-1.149305,-1.656575,0
1,0.9300,-0.954136,-0.729386,0.252057,-0.361849,-0.212150,0
1,0.0200,0.334233,-1.274619,-0.633074,0.425580,0.510063,0
1,0.7500,-1.383592,-0.002408,2.211990,1.238631,1.232275,0
1,0.8200,0.191081,0.542825,-0.633074,-1.495547,-1.656575,0
1,0.6300,-0.095223,-1.274619,1.263635,-0.014463,-0.212150,0
1,0.0900,-0.810984,-1.274619,0.694622,-0.568495,-0.212150,0
1,0.1800,-1.455169,-1.274619,1.579753,0.483509,0.510063,0
1,0.0700,-0.739408,-1.274619,-0.316956,0.796269,0.510063,0
1,0.6300,1.336299,-1.274619,-0.633074,-0.343719,-0.212150,0
2,0.5400,-0.309951,-0.547641,-0.633074,-0.835201,-0.934363,1
1,0.1100,-0.453103,-1.274619,0.252057,1.319981,1.232275,0
1,0.0800,-1.025712,-0.184152,2.528108,0.196733,0.510063,0
1,0.6100,0.047929,-0.729386,-0.000838,0.081882,-0.212150,0
1,0.1300,-1.455169,-0.547641,1.579753,-1.035196,-0.934363,0
1,0.4500,0.262657,-1.274619,-0.633074,-0.670993,-0.212150,0
1,0.3500,-1.168864,-1.274619,0.757846,-0.383355,-0.212150,0
2,0.0300,-1.598321,-0.002408,3.286792,0.822804,0.510063,0
1,0.0500,-0.739408,-1.274619,-0.380180,0.921445,1.232275,0
1,0.0800,0.262657,-1.274619,-0.633074,0.314566,0.510063,0
1,0.3600,0.835266,-1.274619,1.579753,0.632698,0.510063,0
1,0.4300,0.119505,0.542825,1.453306,0.599136,0.510063,0
1,0.4200,-0.309951,-1.274619,0.947517,1.191981,1.232275,0
1,0.0200,0.692114,-1.274619,-0.633074,1.390138,1.232275,0
1,0.3300,-0.882560,0.542825,0.188833,-0.752247,-0.934363,0
1,0.0700,-0.238375,-1.092874,-0.000838,0.234986,0.510063,0
1,0.1000,1.049994,-1.274619,-0.633074,0.671499,0.510063,0
3,0.0500,-0.166799,-1.274619,-0.633074,0.258494,0.510063,0
1,0.0600,-0.810984,-1.274619,-0.633074,-0.311605,-0.212150,0
1,0.3400,1.622603,-1.274619,-0.253732,-1.711335,-1.656575,0
1,0.0600,-0.882560,0.361081,0.821070,-0.135626,-0.212150,0
1,0.1100,-0.524680,-1.274619,-0.000838,1.180050,1.232275,0
1,0.1600,0.334233,-1.274619,-0.633074,1.272800,1.232275,0
1,0.2700,-1.097288,0.179336,2.528108,-0.502798,-0.212150,0
1,0.2000,0.262657,-0.002408,-0.633074,-1.073918,-0.934363,1
1,0.2200,-0.954136,-1.274619,0.504951,1.124961,1.232275,0
1,0.1900,1.049994,-0.911130,-0.633074,0.314566,0.510063,0
1,0.2800,0.692114,-1.274619,-0.633074,-0.259140,-0.212150,0
1,0.2600,1.694179,0.179336,0.188833,0.976619,1.232275,0
1,0.2300,0.835266,-1.274619,-0.633074,0.339828,0.510063,0
2,0.2300,-0.739408,-0.911130,2.528108,1.547777,1.232275,0
1,0.0500,-0.023647,-1.274619,-0.633074,1.209046,1.232275,0
1,0.0700,1.336299,-1.274619,-0.633074,0.149502,0.510063,0
1,0.1000,-0.453103,-1.274619,-0.569850,-1.910746,-1.656575,0
1,0.1000,-0.882560,-1.274619,-0.190509,-1.566612,-1.656575,0
1,0.0800,-0.882560,-1.274619,0.378504,1.664403,1.232275,0
1,0.0500,2.052059,-1.274619,-0.633074,1.127535,1.232275,0
1,0.0500,-0.739408,-1.274619,-0.000838,1.631396,1.232275,0
1,0.6600,0.692114,-0.002408,-0.633074,-1.210544,-1.656575,0
1,1.0000,2.052059,1.269803,-0.633074,-0.476015,-0.212150,0
1,1.0000,2.052059,0.724569,-0.633074,-0.295083,-0.212150,0
1,0.0900,2.409940,-0.002408,-0.633074,-0.476015,-0.212150,0
1,1.0000,2.052059,-0.184152,-0.633074,-1.864439,-1.656575,0
1,0.2400,1.479451,-1.092874,-0.633074,1.209046,1.232275,0
1,1.0000,0.692114,0.906314,-0.633074,-0.039744,-0.212150,0
1,1.0000,1.264722,1.088058,-0.633074,-0.295083,-0.212150,0
1,1.0000,1.193146,-0.729386,-0.633074,-1.679070,-1.656575,0
1,1.0000,1.551027,-0.184152,-0.633074,0.099886,-0.212150,0
1,1.0000,1.551027,0.361081,-0.633074,0.246870,0.510063,0
1,0.7500,1.193146,-0.184152,-0.633074,-0.438210,-0.212150,0
1,0.4400,0.477386,-0.911130,-0.633074,-1.910746,-1.656575,0
1,1.0000,0.906842,0.724569,-0.633074,-0.295083,-0.212150,0
1,1.0000,2.910972,1.269803,-0.633074,-0.331137,-0.212150,0
1,0.2000,0.191081,-0.365897,-0.633074,0.329867,0.510063,0
1,0.1800,0.620538,-0.547641,-0.633074,1.242394,1.232275,0
1,0.2500,-0.023647,0.724569,-0.633074,-1.452948,-1.656575,0
1,0.4500,1.193146,1.269803,-0.633074,-0.523809,-0.212150,0
2,0.9600,0.047929,0.906314,-0.633074,-0.333630,-0.212150,0
1,1.0000,2.481516,-0.729386,-0.506627,0.000415,-0.212150,0
2,1.0000,0.334233,1.269803,-0.633074,-1.910746,-1.656575,1
1,0.7500,1.908907,1.451547,-0.633074,-1.035196,-0.934363,0
1,0.4900,0.262657,-1.092874,-0.633074,-0.661656,-0.212150,0
1,0.8200,2.195212,1.269803,-0.633074,-0.786229,-0.934363,0
2,1.0000,2.195212,1.815036,-0.633074,-0.746789,-0.934363,0
1,1.0000,1.622603,-0.002408,-0.633074,-0.822529,-0.934363,0
1,1.0000,1.622603,0.906314,-0.633074,-0.207430,-0.212150,0
1,1.0000,1.121570,0.179336,-0.633074,-1.413508,-1.656575,0
1,1.0000,1.837331,-0.547641,-0.633074,-0.786229,-0.934363,0
1,1.0000,1.980483,0.542825,-0.633074,-0.299751,-0.212150,0
1,0.4300,-0.453103,-0.547641,-0.633074,-2.017543,-1.656575,0
1,1.0000,0.548962,-1.092874,-0.633074,-1.149305,-1.656575,0
1,1.0000,1.193146,-0.365897,-0.633074,0.084166,-0.212150,0
1,0.1500,0.191081,-0.547641,-0.127285,-1.821840,-1.656575,0
1,1.0000,0.763690,1.269803,-0.633074,1.209046,1.232275,0
1,1.0000,1.121570,2.542013,-0.633074,-0.375188,-0.212150,0
1,1.0000,-0.453103,-1.274619,0.757846,-0.295083,-0.212150,0
1,0.1200,1.407875,0.724569,-0.633074,-0.957174,-0.934363,0
1,0.4100,1.049994,-1.274619,-0.633074,1.625512,1.232275,0
1,1.0000,1.121570,-0.729386,-0.569850,-0.321281,-0.212150,0
1,0.8800,-0.667832,1.815036,-0.127285,0.522411,0.510063,0
1,0.0800,-0.739408,1.633291,-0.633074,-0.207430,-0.212150,1
1,0.1100,-1.669897,1.088058,1.579753,0.517386,0.510063,0
1,0.5800,2.409940,-0.547641,-0.633074,0.842900,0.510063,0
1,0.2000,0.047929,1.996780,2.528108,0.842900,0.510063,0
1,1.0000,1.193146,0.542825,-0.633074,0.246870,0.510063,0
1,1.0000,-0.238375,0.724569,-0.633074,0.246870,0.510063,0
2,0.3000,-0.166799,-0.365897,-0.633074,-0.925859,-0.934363,0
1,0.6300,-0.453103,0.179336,-0.633074,-1.172962,-1.656575,0
1,0.2300,0.548962,1.088058,-0.633074,0.634321,0.510063,0
1,0.7500,-1.741473,0.906314,1.263635,-1.326066,-1.656575,0
1,0.2400,-1.526745,1.633291,1.895872,1.020952,1.232275,0
1,0.2500,-0.166799,-0.365897,-0.633074,-0.154917,-0.212150,0
0,0.9900,0.548962,-0.911130,-0.633074,-1.007898,-0.934363,0
0,0.7500,-1.240440,0.724569,1.579753,-1.961470,-1.656575,0
0,1.0000,-0.524680,-0.184152,-0.633074,-1.104929,-0.934363,0
0,0.3400,-0.166799,0.361081,0.504951,-0.835201,-0.934363,0
0,0.3900,-1.240440,-1.092874,1.895872,-0.133906,-0.212150,0
0,0.9900,0.047929,-0.184152,-0.633074,-0.973550,-0.934363,0
0,1.0000,-0.023647,0.179336,-0.633074,-0.798056,-0.934363,0
0,0.4000,-1.526745,1.088058,2.211990,-0.666304,-0.212150,0
0,0.4000,-0.667832,0.724569,-0.633074,-0.786229,-0.934363,0
0,1.0000,-0.023647,-0.365897,-0.633074,-0.798056,-0.934363,0
0,0.6900,-1.526745,-0.729386,1.579753,-0.160302,-0.212150,0
0,1.0000,-1.312016,-0.184152,2.211990,-0.160302,-0.212150,0
0,1.0000,-0.954136,1.269803,-0.000838,-1.073918,-0.934363,0
0,1.0000,0.692114,0.179336,-0.633074,-1.679070,-1.656575,0
0,0.0900,-1.455169,0.179336,1.579753,0.634321,0.510063,0
0,0.2400,1.049994,1.451547,-0.633074,-0.973550,-0.934363,1
0,0.7000,0.763690,0.361081,-0.633074,-0.388870,-0.212150,0
0,0.4900,0.262657,0.361081,-0.633074,-0.388870,-0.212150,0
0,1.0000,-0.954136,0.542825,-0.000838,1.209046,1.232275,0
0,1.0000,-1.097288,-0.547641,-0.633074,-0.584265,-0.212150,0
0,0.3300,-1.669897,1.815036,2.211990,0.634321,0.510063,0
0,1.0000,-0.882560,1.088058,-0.633074,-1.210544,-1.656575,0
0,1.0000,-1.097288,0.179336,1.010741,-0.981932,-0.934363,0
0,1.0000,0.835266,0.361081,-0.633074,-0.405767,-0.212150,0
0,0.8300,-0.023647,-0.002408,-0.633074,-1.648651,-1.656575,0
0,1.0000,-1.168864,0.179336,-0.633074,-1.711335,-1.656575,0
0,1.0000,0.548962,-0.002408,-0.633074,-1.294751,-1.656575,1
0,0.2800,-0.739408,1.451547,1.010741,0.186489,0.510063,0
0,1.0000,1.264722,-0.547641,-0.633074,-1.172962,-1.656575,0
1,0.3300,-0.667832,0.361081,0.188833,-1.518197,-1.656575,0
0,0.4000,0.334233,0.361081,-0.633074,0.194885,0.510063,0
0,1.0000,-1.168864,-0.365897,1.579753,-1.237160,-1.656575,0
0,0.4900,-1.025712,1.269803,0.504951,-1.473821,-1.656575,0
0,0.0200,0.191081,-0.002408,-0.633074,-0.841652,-0.934363,0
0,0.0600,-0.882560,-0.911130,-0.633074,-0.441260,-0.212150,0
0,1.0000,1.980483,-1.092874,-0.633074,-0.211387,-0.212150,0
0,0.2100,0.334233,0.542825,-0.633074,-1.007898,-0.934363,0
0,0.2400,0.477386,0.542825,-0.633074,-0.973550,-0.934363,0
0,0.7500,-1.526745,1.269803,0.757846,-0.973550,-0.934363,0
0,1.0000,1.193146,-0.547641,-0.633074,-0.828828,-0.934363,1
0,0.4800,-0.596256,0.179336,-0.569850,-0.299751,-0.212150,0
0,0.0200,-1.669897,-0.911130,4.551264,2.243436,1.954488,0
0,0.7100,-0.381527,-0.547641,1.010741,-1.711335,-1.656575,0
0,1.0000,-0.381527,0.361081,-0.633074,-1.126655,-1.656575,0
0,1.0000,-0.166799,3.087246,-0.633074,-1.864439,-1.656575,0
0,1.0000,0.978418,0.542825,-0.633074,-1.541854,-1.656575,0
0,0.9300,0.763690,-0.729386,1.263635,0.182715,0.510063,0
1,1.0000,2.553092,-0.911130,-0.127285,-0.715164,-0.212150,0
0,0.0400,0.262657,1.451547,-0.633074,-0.768967,-0.934363,0
0,0.1300,-0.309951,-0.002408,-0.633074,-1.223686,-1.656575,0
0,0.3400,-0.667832,-0.365897,-0.633074,-0.710071,-0.212150,0
0,0.2700,-1.383592,0.361081,0.757846,0.387661,0.510063,0
0,1.0000,-0.381527,-0.002408,-0.633074,-1.185197,-1.656575,0
0,0.3700,0.119505,0.906314,-0.633074,-1.185197,-1.656575,0
0,0.2000,-1.598321,1.269803,2.528108,-1.185197,-1.656575,0
0,1.0000,-0.667832,-0.002408,0.252057,0.853477,0.510063,0
0,0.6500,-0.596256,0.179336,-0.633074,0.265835,0.510063,0
0,0.3400,-1.097288,-0.729386,-0.633074,0.421968,0.510063,0
0,0.0900,-1.383592,-1.274619,-0.000838,0.634321,0.510063,0
0,0.3600,-1.526745,-0.184152,1.010741,-1.432863,-1.656575,1
0,1.0000,-0.524680,2.360269,1.579753,-1.495547,-1.656575,0
0,1.0000,0.191081,-0.911130,-0.633074,0.634321,0.510063,0
0,1.0000,-0.810984,0.542825,-0.000838,0.332732,0.510063,0
0,0.5300,0.334233,0.906314,0.315280,0.921445,1.232275,0
0,0.0300,0.405810,0.724569,-0.569850,-1.210544,-1.656575,0
0,1.0000,0.835266,-0.002408,0.252057,0.921445,1.232275,0
0,0.9600,-1.741473,0.179336,1.895872,0.223708,0.510063,0
0,0.5100,0.262657,0.179336,-0.633074,-1.126655,-1.656575,0
0,0.6700,0.405810,-1.092874,-0.633074,-0.810152,-0.934363,0
0,1.0000,-0.524680,-1.092874,-0.569850,-1.197720,-1.656575,0
0,1.0000,0.262657,-0.365897,-0.633074,-0.435178,-0.212150,0
0,0.8700,-0.596256,-0.547641,-0.569850,0.627386,0.510063,0
0,0.7000,0.047929,0.906314,-0.633074,0.739531,0.510063,0
0,0.8600,0.119505,-0.729386,1.073964,0.627386,0.510063,0
1,0.7500,-0.667832,-0.911130,-0.633074,-0.459936,-0.212150,0
0,0.0200,-1.097288,1.269803,0.757846,1.242394,1.232275,0
0,1.0000,0.763690,0.906314,-0.633074,0.028979,-0.212150,0
0,0.6400,-0.023647,-1.274619,-0.633074,0.339123,0.510063,0
0,0.1200,-0.954136,-0.184152,0.125610,-1.044616,-0.934363,0
0,0.3300,-1.097288,1.451547,1.263635,0.582421,0.510063,0
0,1.0000,-0.596256,0.542825,0.757846,-0.209404,-0.212150,0
0,0.8700,-0.954136,0.179336,-0.569850,-0.752247,-0.934363,0
0,0.8800,-1.813049,1.996780,1.895872,-0.675724,-0.212150,0
0,0.2000,-1.097288,0.179336,0.631399,2.243436,1.954488,0
0,1.0000,0.763690,1.451547,-0.633074,-1.197720,-1.656575,0
0,1.0000,1.551027,1.451547,-0.633074,-0.584265,-0.212150,0
1,1.0000,-0.238375,1.815036,0.757846,-1.126655,-1.656575,0
0,0.9200,-0.739408,1.088058,0.504951,-0.400075,-0.212150,0
0,0.7200,-1.813049,1.088058,1.895872,0.132085,0.510063,0
0,0.7400,0.191081,-0.184152,-0.253732,-0.184287,-0.212150,0
0,1.0000,-1.168864,0.724569,-0.190509,-1.237160,-1.656575,0
0,1.0000,-0.954136,0.906314,0.252057,0.638359,0.510063,0
0,0.4100,-0.810984,-1.092874,-0.000838,-0.472760,-0.212150,0
0,1.0000,-0.596256,-0.184152,-0.633074,-1.821840,-1.656575,1
0,1.0000,-0.238375,1.088058,1.263635,-0.092630,-0.212150,0
0,0.2700,-0.882560,1.269803,-0.633074,-0.176791,-0.212150,0
1,0.5900,-0.453103,-0.729386,1.959095,-1.342443,-1.656575,0
0,0.2600,-0.453103,-0.911130,1.579753,-0.556967,-0.212150,0
1,1.0000,0.262657,1.815036,4.108699,-1.250984,-1.656575,0
0,0.5700,-1.240440,-0.547641,0.252057,1.974328,1.954488,0
0,0.2900,-0.524680,0.906314,-0.633074,-1.518197,-1.656575,0
0,1.0000,0.334233,0.906314,-0.633074,1.625512,1.232275,0
0,0.5300,-0.309951,-0.365897,-0.633074,1.631396,1.232275,0
0,0.5600,0.334233,-0.365897,-0.633074,0.004401,-0.212150,0
0,0.8700,-0.381527,-0.365897,0.252057,0.638359,0.510063,0
0,1.0000,0.047929,1.088058,-0.380180,-0.154917,-0.212150,0
0,0.6300,0.548962,1.269803,2.211990,-0.235766,-0.212150,0
0,1.0000,0.047929,-0.547641,-0.633074,-0.246264,-0.212150,0
0,1.0000,1.121570,0.361081,-0.633074,0.622435,0.510063,0
0,1.0000,-1.526745,1.633291,0.252057,-1.084056,-0.934363,0
0,0.1400,-1.455169,0.179336,1.263635,-0.868268,-0.934363,0
0,0.4900,-0.596256,0.542825,-0.633074,-0.752247,-0.934363,0
0,1.0000,1.837331,-0.911130,-0.633074,0.255198,0.510063,0
0,0.1400,0.620538,-0.911130,-0.633074,0.255198,0.510063,0
0,0.0500,1.121570,-1.274619,-0.633074,0.196733,0.510063,0
0,0.0700,-0.596256,-1.274619,-0.633074,-0.295083,-0.212150,0
0,1.0000,-1.383592,-0.184152,1.010741,-0.768967,-0.934363,0
1,1.0000,-0.095223,0.361081,-0.633074,1.907708,1.954488,0
0,1.0000,-1.312016,-0.184152,-0.190509,0.000415,-0.212150,0
0,0.1200,-0.453103,0.906314,-0.190509,-0.752247,-0.934363,0
0,0.8100,-0.238375,1.451547,-0.633074,-1.137859,-1.656575,0
0,0.0900,0.906842,-0.002408,-0.633074,0.634727,0.510063,0
0,0.6900,-0.238375,1.815036,-0.633074,-1.745682,-1.656575,0
0,0.6100,-1.455169,1.269803,1.579753,-1.821840,-1.656575,0
0,0.5400,0.477386,-0.002408,0.821070,-1.541854,-1.656575,0
0,0.0900,-1.168864,1.451547,-0.190509,0.329867,0.510063,0
0,1.0000,0.620538,-0.002408,-0.633074,0.329867,0.510063,0
0,0.4200,-1.312016,1.088058,2.211990,1.319981,1.232275,0
0,0.0800,-0.810984,-1.092874,0.568175,0.885520,1.232275,0
0,0.4300,-0.810984,-1.092874,0.568175,0.885520,1.232275,0
0,0.8900,0.692114,-1.092874,-0.633074,1.149536,1.232275,0
0,0.3300,-0.810984,-0.729386,-0.190509,1.676607,1.232275,0
0,1.0000,1.121570,-0.365897,-0.633074,0.848079,0.510063,0
0,0.6900,-1.097288,-0.911130,1.390082,1.676607,1.232275,0
0,0.7500,-1.168864,-0.729386,-0.633074,0.638359,0.510063,0
0,0.0600,-0.596256,-0.911130,-0.633074,1.175231,1.232275,0
0,1.0000,0.477386,0.542825,-0.633074,1.676607,1.232275,0
0,1.0000,-0.023647,0.542825,-0.633074,1.084615,1.232275,0
0,0.7800,-0.095223,0.179336,-0.633074,0.354429,0.510063,0
1,1.0000,2.839396,0.542825,-0.506627,0.490459,0.510063,0
0,0.2900,-0.166799,1.088058,-0.633074,-0.513200,-0.212150,0
0,0.9600,0.405810,0.724569,-0.633074,-0.680497,-0.212150,0
0,1.0000,-0.095223,-0.002408,-0.633074,0.517386,0.510063,0
0,1.0000,-1.598321,0.179336,2.211990,0.517386,0.510063,0
0,1.0000,0.763690,-0.729386,-0.633074,0.329867,0.510063,0
0,0.3500,-1.168864,0.361081,0.504951,-1.161002,-1.656575,0
0,1.0000,-1.025712,0.724569,-0.633074,-1.864439,-1.656575,0
0,1.0000,-0.524680,2.178524,-0.633074,1.179468,1.232275,0
0,0.5300,-0.238375,-1.274619,-0.633074,-0.549418,-0.212150,0
0,1.0000,1.551027,-0.547641,-0.633074,0.077284,-0.212150,0
0,0.5600,0.692114,-1.274619,-0.633074,-0.492596,-0.212150,0
0,0.2400,-0.023647,-0.729386,-0.633074,1.504547,1.232275,0
0,0.5700,-1.598321,-0.002408,1.895872,-0.060272,-0.212150,0
0,0.0800,0.477386,-0.002408,-0.633074,0.316043,0.510063,0
0,1.0000,-0.954136,0.906314,-0.569850,1.686634,1.232275,0
0,1.0000,-1.240440,1.269803,0.504951,-0.965299,-0.934363,0
0,0.2400,1.264722,-0.184152,-0.633074,-0.690173,-0.212150,0
0,0.5800,-1.240440,-0.547641,0.062386,0.143420,0.510063,0
0,0.4300,1.908907,-1.274619,1.895872,0.188366,0.510063,0
0,0.0900,-0.381527,-0.365897,-0.633074,-0.757762,-0.934363,0
0,0.3000,-0.023647,1.633291,-0.569850,1.243944,1.232275,0
0,1.0000,-1.168864,-0.547641,0.757846,1.223576,1.232275,1
0,1.0000,0.119505,-0.184152,-0.633074,0.640768,0.510063,0
0,0.6300,-0.524680,1.633291,2.528108,-0.213376,-0.212150,0
0,0.1700,-1.741473,1.633291,2.211990,1.277057,1.232275,0
0,1.0000,-1.097288,-0.547641,-0.000838,0.008358,-0.212150,0
0,0.0300,-1.097288,0.179336,0.504951,-1.115681,-1.656575,0
0,0.7700,-1.025712,0.542825,-0.633074,0.612393,0.510063,1
0,1.0000,-0.739408,0.542825,0.252057,0.008358,-0.212150,0
0,0.0200,-1.240440,0.724569,2.528108,-0.560782,-0.212150,0
0,0.2800,-1.455169,-0.547641,0.757846,-1.745682,-1.656575,0
0,0.4600,3.841461,0.542825,-0.569850,-1.342443,-1.656575,0
0,0.3700,-1.526745,0.906314,1.263635,0.008358,-0.212150,0
0,0.7900,-0.739408,2.360269,-0.633074,-0.661656,-0.212150,0
0,0.2700,-0.882560,-0.184152,0.757846,1.839934,1.954488,0
0,1.0000,-0.166799,1.451547,-0.633074,0.008358,-0.212150,0
0,1.0000,0.477386,-0.911130,-0.633074,-1.821840,-1.656575,0
0,0.0600,-0.810984,0.724569,0.757846,-1.394832,-1.656575,0
0,0.5800,0.334233,0.179336,-0.633074,0.008358,-0.212150,1
0,0.7700,-1.598321,-0.184152,1.010741,-0.405767,-0.212150,0
0,0.1000,-0.882560,-0.365897,-0.000838,1.225981,1.232275,0
0,0.1400,-1.526745,-0.547641,2.211990,0.008358,-0.212150,0
0,1.0000,0.548962,-0.365897,-0.633074,-0.730741,-0.212150,0
1,1.0000,2.409940,-0.184152,0.062386,-1.172962,-1.656575,0
0,1.0000,-1.598321,-0.911130,1.263635,-0.786229,-0.934363,0
0,0.1300,-1.383592,0.724569,0.125610,-1.821840,-1.656575,0
0,1.0000,-0.309951,1.088058,-0.000838,-0.786229,-0.934363,0
0,0.4000,-1.455169,-1.274619,0.694622,1.491267,1.232275,0
0,1.0000,1.336299,0.542825,-0.633074,-1.394832,-1.656575,0
0,0.2600,-0.166799,-0.002408,0.757846,-0.584265,-0.212150,0
0,0.0500,-1.455169,-0.184152,0.504951,-0.786229,-0.934363,0
0,0.2100,0.262657,1.996780,-0.633074,-1.197720,-1.656575,0
0,0.5200,-1.097288,-0.911130,-0.380180,-0.184287,-0.212150,0
0,0.5000,-0.810984,-0.184152,0.631399,-1.172962,-1.656575,0
0,1.0000,1.551027,0.361081,-0.633074,0.598703,0.510063,0
0,1.0000,1.407875,0.906314,-0.633074,1.149536,1.232275,0
0,0.2100,-0.524680,-0.002408,-0.633074,0.712583,0.510063,0
0,0.0800,0.334233,-0.365897,-0.633074,1.625512,1.232275,0
0,0.3000,0.548962,1.633291,1.895872,-1.223686,-1.656575,0
0,1.0000,0.262657,0.179336,-0.633074,-0.786229,-0.934363,0
0,1.0000,0.405810,1.451547,-0.633074,-0.725498,-0.212150,0
0,1.0000,-0.166799,0.724569,-0.633074,-0.999101,-0.934363,0
0,1.0000,0.262657,0.906314,-0.633074,-0.868268,-0.934363,0
0,1.0000,1.837331,0.542825,-0.633074,0.090960,-0.212150,0
0,1.0000,0.119505,-0.911130,-0.633074,-0.081624,-0.212150,0
0,0.0900,0.191081,0.179336,-0.633074,-0.617280,-0.212150,0
0,1.0000,0.334233,0.361081,-0.633074,0.090960,-0.212150,0
0,0.7700,-1.097288,1.269803,0.252057,-0.675724,-0.212150,0
0,0.7800,-0.381527,-1.092874,-0.633074,0.090960,-0.212150,0
0,0.1600,0.548962,-1.274619,1.010741,1.077788,1.232275,0
0,0.9800,-0.023647,1.633291,-0.190509,0.090960,-0.212150,0
0,0.4700,-0.023647,-0.184152,-0.633074,-1.745682,-1.656575,0
0,1.0000,1.980483,-0.184152,-0.633074,2.243436,1.954488,0
0,0.4900,-0.238375,0.906314,-0.190509,0.634321,0.510063,0
0,1.0000,0.262657,1.088058,-0.633074,1.238631,1.232275,0
0,1.0000,-1.168864,0.361081,1.010741,-0.792110,-0.934363,0
0,0.4600,2.052059,1.451547,-0.633074,-1.126655,-1.656575,0
0,1.0000,0.191081,0.361081,-0.633074,-0.588282,-0.212150,0
0,1.0000,1.479451,0.906314,-0.633074,1.209046,1.232275,0
0,0.2500,-1.383592,-0.547641,0.757846,0.200410,0.510063,0
0,0.7800,1.908907,-0.911130,-0.633074,1.209046,1.232275,0
0,0.0300,0.334233,1.088058,-0.633074,-0.188075,-0.212150,0
0,0.0800,0.906842,-0.547641,-0.380180,1.544343,1.232275,1
0,0.2600,-0.238375,-1.092874,-0.633074,-0.882092,-0.934363,0
0,0.1400,-0.596256,-0.729386,-0.633074,-1.210544,-1.656575,0
0,1.0000,0.620538,0.361081,-0.633074,-0.549418,-0.212150,0
0,1.0000,0.334233,1.815036,-0.633074,-1.359339,-1.656575,0
0,0.8200,-1.097288,1.269803,1.010741,-0.178655,-0.212150,0
0,1.0000,2.123635,-0.547641,-0.633074,0.490459,0.510063,0
0,1.0000,1.407875,-0.911130,-0.633074,0.739864,0.510063,0
0,1.0000,0.334233,0.542825,-0.633074,-0.336134,-0.212150,0
0,0.1800,1.908907,-0.002408,-0.633074,0.739864,0.510063,0
0,0.5500,-0.166799,-1.092874,-0.633074,2.243436,1.954488,0
0,0.2400,1.336299,-0.365897,2.211990,-1.452948,-1.656575,0
0,0.9000,0.119505,2.360269,-0.633074,0.067967,-0.212150,0
0,1.0000,2.409940,0.179336,-0.633074,-0.209404,-0.212150,0
0,1.0000,0.191081,0.179336,-0.633074,0.333446,0.510063,0
0,0.6600,-0.453103,-0.547641,-0.633074,-0.576322,-0.212150,0
0,1.0000,-1.240440,-1.092874,0.252057,-0.576322,-0.212150,0
0,1.0000,2.481516,1.088058,-0.633074,0.410981,0.510063,0
0,0.4200,2.195212,-1.274619,-0.633074,0.410981,0.510063,0
0,1.0000,2.266788,-0.911130,-0.633074,1.319981,1.232275,0
0,1.0000,2.409940,0.906314,-0.633074,1.012854,1.232275,0
0,1.0000,0.620538,0.361081,-0.633074,0.773046,0.510063,0
0,0.0200,1.694179,1.269803,-0.633074,-0.736037,-0.934363,0
0,0.0800,2.195212,1.815036,-0.506627,0.848079,0.510063,0
0,0.0800,-0.596256,-0.002408,4.108699,0.773046,0.510063,0
0,1.0000,-0.023647,1.269803,-0.633074,0.457597,0.510063,0
0,0.7000,-0.381527,0.724569,1.010741,1.676607,1.232275,0
0,0.2700,-0.524680,-1.092874,-0.633074,-0.973550,-0.934363,0
1,0.8000,-1.312016,-1.092874,0.504951,-0.630209,-0.212150,0
0,0.0900,0.763690,0.361081,-0.000838,-0.531001,-0.212150,0
0,0.3700,0.620538,-1.092874,-0.633074,-0.639006,-0.212150,0
0,1.0000,-0.810984,0.542825,-0.190509,1.222234,1.232275,0
0,0.2600,0.763690,1.996780,-0.633074,0.453628,0.510063,0
0,0.0600,-0.882560,0.724569,1.010741,1.222234,1.232275,0
0,0.2800,0.692114,1.815036,-0.633074,0.453628,0.510063,0
0,0.1300,1.336299,0.906314,-0.633074,0.239261,0.510063,0
0,1.0000,-0.882560,0.724569,-0.633074,1.222234,1.232275,0
0,1.0000,0.620538,-0.002408,-0.633074,0.639565,0.510063,1
0,0.4200,0.620538,2.905502,-0.633074,0.154518,0.510063,0
0,1.0000,-1.168864,-1.092874,-0.064061,-0.338651,-0.212150,0
0,0.2000,-0.667832,0.724569,2.211990,0.639565,0.510063,0
0,1.0000,1.908907,-0.729386,-0.633074,-0.369813,-0.212150,0
0,1.0000,0.620538,1.633291,0.188833,-0.156706,-0.212150,0
0,1.0000,-0.596256,-1.092874,-0.633074,0.450774,0.510063,0
0,1.0000,1.049994,-0.184152,-0.633074,0.450774,0.510063,0
0,1.0000,1.694179,-0.911130,-0.633074,0.749091,0.510063,0
2,0.9900,-0.524680,-0.911130,-0.633074,1.191981,1.232275,0
0,0.4700,-0.166799,0.542825,-0.633074,1.136602,1.232275,0
1,0.2700,-0.596256,-1.274619,-0.443403,1.136602,1.232275,0
0,1.0000,-0.596256,-0.547641,-0.633074,-1.063971,-0.934363,0
0,1.0000,-0.882560,-0.911130,-0.633074,-0.450516,-0.212150,0
0,0.1200,-0.524680,0.179336,1.010741,1.631396,1.232275,0
0,0.1200,-0.166799,0.724569,2.211990,-1.518197,-1.656575,0
0,0.3000,-0.309951,0.361081,-0.633074,-1.864439,-1.656575,0
0,0.0300,-0.739408,2.542013,0.252057,-2.233331,-1.656575,0
0,0.6200,-1.168864,-0.184152,2.528108,-1.711335,-1.656575,0
0,0.6200,-1.455169,-1.092874,0.504951,-0.568495,-0.212150,1
0,0.6000,-1.383592,-0.911130,-0.633074,-0.685313,-0.212150,0
0,1.0000,-0.453103,-0.729386,-0.633074,-0.990447,-0.934363,0
0,0.9100,-0.166799,-1.092874,-0.633074,0.381830,0.510063,0
0,0.2800,-1.956201,2.542013,2.211990,0.634321,0.510063,0
0,1.0000,-0.524680,0.906314,-0.633074,1.243944,1.232275,0
0,1.0000,-1.669897,0.542825,3.666133,0.403529,0.510063,0
0,1.0000,-1.025712,0.724569,1.010741,-1.035196,-0.934363,0
0,1.0000,-0.453103,0.542825,-0.633074,-0.621555,-0.212150,0
0,0.0600,0.477386,-0.911130,-0.633074,1.024469,1.232275,0
0,1.0000,0.119505,-0.911130,-0.633074,-0.091044,-0.212150,0
0,0.3000,1.622603,1.269803,-0.633074,1.012854,1.232275,0
0,0.3700,-0.309951,-0.002408,-0.633074,-0.725498,-0.212150,0
0,0.2400,-1.741473,-0.365897,2.528108,-1.197720,-1.656575,0
0,0.7700,-1.312016,1.088058,2.211990,0.634321,0.510063,0
0,0.0800,0.119505,1.088058,0.188833,-1.265177,-1.656575,0
0,0.6000,-1.097288,0.906314,-0.633074,-0.725498,-0.212150,0
0,0.0900,-1.240440,-1.274619,-0.506627,0.028979,-0.212150,0
0,1.0000,1.622603,1.088058,-0.633074,0.739864,0.510063,0
0,1.0000,0.334233,-0.911130,-0.633074,1.178594,1.232275,0
1,0.2300,1.264722,-0.911130,-0.633074,-0.223437,-0.212150,0
0,0.7600,1.264722,-1.274619,-0.633074,-0.223437,-0.212150,0
0,0.2000,0.191081,1.269803,0.757846,1.178594,1.232275,0
0,0.2400,-0.453103,1.815036,2.528108,1.465289,1.232275,0
0,0.5400,-0.524680,1.996780,4.108699,0.582421,0.510063,0
0,0.1200,0.334233,0.361081,2.211990,0.712583,0.510063,0
0,0.5000,0.548962,0.724569,2.528108,0.582421,0.510063,0
0,0.5300,0.334233,1.269803,0.504951,-1.007898,-0.934363,0
0,0.5900,0.191081,-0.729386,-0.633074,-0.182403,-0.212150,0
0,0.9700,0.548962,-0.002408,-0.633074,-0.680497,-0.212150,1
0,1.0000,-1.669897,-0.002408,1.010741,-1.126655,-1.656575,0
0,1.0000,-0.596256,-0.547641,-0.633074,-1.619876,-1.656575,0
0,0.4500,-0.810984,0.542825,2.211990,1.391703,1.232275,0
0,0.1000,0.262657,1.088058,2.528108,1.391703,1.232275,0
1,0.9700,0.548962,0.724569,-0.633074,0.410981,0.510063,0
0,1.0000,0.262657,1.451547,-0.633074,-1.223686,-1.656575,0
0,1.0000,1.121570,-0.911130,-0.633074,0.958635,1.232275,0
0,0.0300,1.407875,-0.729386,-0.633074,0.958635,1.232275,0
2,0.5400,-0.667832,-0.184152,-0.506627,0.248546,0.510063,0
0,0.7800,-0.596256,1.633291,0.757846,0.551133,0.510063,0
1,1.0000,0.334233,-0.547641,-0.633074,0.692982,0.510063,0
0,1.0000,-1.526745,-0.184152,0.504951,-1.265177,-1.656575,0
1,1.0000,1.479451,-0.184152,-0.633074,-1.035196,-0.934363,0
0,0.6100,-0.309951,-0.547641,-0.633074,-0.489238,-0.212150,0
0,0.0300,-0.381527,-1.274619,-0.633074,-0.903526,-0.934363,0
0,0.4500,-1.312016,-0.911130,-0.000838,-0.868268,-0.934363,0
0,1.0000,-0.381527,-0.911130,-0.633074,-0.841652,-0.934363,0
0,0.0400,0.047929,-0.184152,-0.633074,-1.104929,-1.656575,0
0,0.2100,-1.526745,-0.365897,3.286792,0.094325,-0.212150,0
0,0.4800,0.119505,0.906314,-0.633074,0.842900,0.510063,0
0,0.5300,-0.238375,-0.184152,-0.633074,-1.961470,-1.656575,0
0,0.8900,-0.954136,0.542825,1.263635,-0.405767,-0.212150,0
0,1.0000,0.047929,-1.092874,-0.633074,0.739864,0.510063,0
0,1.0000,0.262657,1.815036,-0.633074,-0.142560,-0.212150,0
0,0.8100,0.191081,-0.547641,-0.633074,0.197654,0.510063,0
0,1.0000,0.978418,0.361081,-0.633074,-0.613040,-0.212150,0
0,0.1400,-1.455169,0.179336,0.757846,-0.311605,-0.212150,0
0,0.0200,0.978418,-0.911130,3.286792,1.209046,1.232275,0
0,0.0400,-0.667832,-0.911130,1.579753,0.246870,0.510063,0
0,1.0000,0.477386,0.724569,-0.633074,0.246870,0.510063,0
0,0.2500,0.835266,-0.911130,-0.633074,1.319981,1.232275,0
0,0.0400,-0.810984,1.088058,1.579753,0.358528,0.510063,0
0,0.4300,-1.884625,-0.365897,2.528108,0.132085,0.510063,0
0,1.0000,0.835266,-0.547641,-0.633074,-0.100633,-0.212150,0
1,0.4300,-1.025712,0.361081,2.528108,0.345438,0.510063,0
0,1.0000,-1.669897,0.724569,0.757846,0.739531,0.510063,0
0,1.0000,1.121570,2.178524,0.252057,-1.518197,-1.656575,0
0,0.3900,0.262657,-0.365897,1.895872,1.390138,1.232275,0
0,0.9800,-1.526745,0.179336,1.010741,-0.584265,-0.212150,0
0,0.7900,-0.596256,-0.911130,-0.633074,-0.973550,-0.934363,0
0,1.0000,-0.095223,0.179336,0.504951,-0.596407,-0.212150,0
0,0.0300,-0.381527,0.724569,-0.633074,0.639565,0.510063,0
0,1.0000,1.694179,-1.092874,-0.633074,0.922625,1.232275,0
0,1.0000,2.338364,-0.365897,-0.633074,0.141377,0.510063,0
0,1.0000,-0.954136,-0.547641,0.125610,1.271577,1.232275,0
0,0.2400,-0.810984,-0.002408,0.504951,0.035262,-0.212150,0
0,0.3200,1.694179,-1.092874,-0.633074,-0.730741,-0.212150,0
0,0.5400,-0.596256,1.269803,2.211990,-1.394832,-1.656575,0
0,0.5300,1.479451,-1.274619,1.390082,-1.376790,-1.656575,0
1,0.6000,-0.095223,-0.365897,-0.633074,0.417722,0.510063,0
0,0.0400,0.047929,0.724569,-0.633074,0.634321,0.510063,0
0,0.1000,0.119505,-0.547641,-0.633074,-0.254813,-0.212150,0
0,1.0000,-0.524680,-0.002408,-0.380180,1.183960,1.232275,0
0,1.0000,0.978418,1.088058,-0.633074,0.405402,0.510063,0
0,1.0000,1.264722,0.906314,-0.633074,-0.841652,-0.934363,0
0,0.2600,-1.813049,-1.092874,3.286792,-0.896285,-0.934363,0
0,0.2400,-1.025712,0.724569,-0.380180,-0.957174,-0.934363,0
0,0.9900,0.477386,0.179336,-0.633074,-0.041184,-0.212150,1
0,1.0000,-1.168864,0.542825,-0.633074,-1.035196,-0.934363,0
0,1.0000,-0.309951,-1.092874,-0.633074,-1.265177,-1.656575,0
0,0.2100,-1.240440,-0.911130,-0.000838,-0.549418,-0.212150,0
0,0.7500,0.763690,0.906314,-0.633074,0.669605,0.510063,0
0,0.4700,-0.381527,0.542825,-0.633074,-1.035196,-0.934363,0
0,0.1600,-0.739408,3.087246,0.504951,-1.518197,-1.656575,0
0,1.0000,2.338364,-1.092874,-0.633074,-1.592578,-1.656575,0
0,0.0500,0.835266,-1.092874,-0.633074,-0.463113,-0.212150,0
0,0.0600,0.548962,-0.547641,-0.633074,-0.999101,-0.934363,0
0,0.9000,-1.168864,-0.184152,-0.380180,-0.014463,-0.212150,0
0,1.0000,0.405810,-0.365897,-0.633074,-0.014463,-0.212150,0
0,1.0000,-1.526745,-0.002408,1.263635,-0.239940,-0.212150,0
0,0.9100,0.477386,0.542825,-0.633074,-0.861488,-0.934363,0
0,0.2500,-1.097288,2.723758,-0.190509,0.575223,0.510063,0
0,0.2400,-1.097288,2.360269,-0.569850,0.005724,-0.212150,0
0,0.1500,-0.596256,1.451547,1.579753,-0.768967,-0.934363,0
0,0.6300,-1.383592,0.361081,1.579753,-1.197720,-1.656575,0
0,0.3800,-0.882560,1.633291,2.528108,-0.690173,-0.212150,0
0,0.3200,0.548962,0.724569,-0.633074,-0.918310,-0.934363,0
0,0.4700,0.262657,0.361081,-0.633074,-0.346272,-0.212150,0
0,0.4800,0.620538,-0.002408,0.504951,-1.237160,-1.656575,0
1,0.3900,-0.667832,1.633291,2.211990,0.332732,0.510063,0
0,0.5100,-0.739408,1.269803,-0.000838,0.332732,0.510063,0
0,0.8100,2.982548,0.361081,-0.633074,0.066791,-0.212150,0
0,0.1900,1.336299,0.906314,-0.633074,0.332732,0.510063,0
0,0.4200,-1.813049,0.542825,2.528108,0.773046,0.510063,0
0,0.0400,-0.810984,0.542825,1.263635,2.243436,1.954488,0
0,0.4900,-1.240440,0.179336,0.757846,-1.279759,-1.656575,0
0,0.7600,-0.882560,0.724569,0.252057,-1.197720,-1.656575,0
1,1.0000,-0.524680,-0.729386,-0.633074,1.162313,1.232275,0
0,0.2700,1.837331,0.179336,-0.633074,-0.657048,-0.212150,0
0,0.5400,-0.381527,1.815036,-0.633074,-1.541854,-1.656575,0
0,0.5300,0.262657,-0.002408,-0.633074,-0.564625,-0.212150,0
0,0.7900,0.477386,1.996780,-0.633074,1.625512,1.232275,0
0,1.0000,-0.023647,1.088058,-0.633074,-0.333630,-0.212150,0
0,0.3600,-0.739408,0.724569,-0.633074,0.668086,0.510063,0
0,0.4300,-1.312016,-0.729386,2.211990,1.739628,1.954488,0
0,0.0200,0.405810,0.906314,-0.127285,0.187428,0.510063,0
0,0.5800,0.405810,1.088058,1.579753,0.187428,0.510063,0
0,0.9400,0.334233,-0.184152,-0.443403,-0.965299,-0.934363,0
0,0.0500,0.620538,-0.547641,0.378504,0.638359,0.510063,0
0,0.1200,0.047929,-0.547641,2.528108,-0.331137,-0.212150,0
0,0.7000,2.052059,-0.911130,-0.633074,-0.154917,-0.212150,0
1,0.2400,-1.813049,-0.002408,2.211990,-0.061769,-0.212150,0
0,1.0000,-1.383592,-0.547641,-0.000838,-0.061769,-0.212150,0
0,0.7000,0.119505,1.269803,-0.633074,-0.690173,-0.212150,0
0,0.2700,-1.240440,0.724569,0.252057,-1.910746,-1.656575,0
0,0.1200,-1.240440,0.179336,0.252057,-1.910746,-1.656575,0
0,1.0000,-0.596256,-0.365897,-0.633074,0.701624,0.510063,0
0,0.9600,0.262657,-0.365897,-0.633074,-0.918310,-0.934363,0
1,0.4500,0.405810,-0.002408,-0.569850,0.868566,1.232275,0
0,0.8300,0.119505,2.178524,-0.569850,-1.432863,-1.656575,0
0,0.2500,-1.168864,0.906314,3.666133,-0.057291,-0.212150,0
0,0.2100,0.477386,0.724569,-0.633074,-1.172962,-1.656575,0
0,1.0000,-0.453103,0.724569,-0.633074,-0.229566,-0.212150,0
0,1.0000,-0.453103,0.906314,-0.633074,-1.161002,-1.656575,0
0,0.9900,-0.453103,-0.547641,-0.633074,-0.229566,-0.212150,1
0,0.3400,0.548962,0.361081,0.188833,-0.014463,-0.212150,0
0,0.2900,1.121570,-1.092874,-0.633074,-1.541854,-1.656575,0
1,1.0000,1.765755,-0.911130,-0.506627,-1.452948,-1.656575,0
0,0.0500,-0.453103,-0.365897,-0.633074,-1.961470,-1.656575,0
0,0.2100,-1.383592,-1.274619,1.579753,-1.250984,-1.656575,0
0,0.7800,-1.168864,1.088058,1.010741,-0.661656,-0.212150,0
0,0.3300,-1.168864,0.906314,2.528108,-1.094390,-0.934363,0
0,0.7800,1.049994,-0.184152,-0.633074,-1.910746,-1.656575,0
0,0.4500,0.620538,0.724569,-0.633074,-1.518197,-1.656575,0
0,0.3300,1.980483,0.179336,-0.633074,-1.566612,-1.656575,0
0,1.0000,0.262657,0.361081,-0.633074,1.183960,1.232275,0
0,1.0000,-0.954136,-0.547641,-0.633074,-1.376790,-1.656575,0
0,0.9600,-1.240440,-0.184152,2.211990,-0.397252,-0.212150,0
0,0.1200,0.119505,1.633291,2.528108,1.191981,1.232275,0
0,1.0000,-1.240440,-0.729386,-0.000838,1.191981,1.232275,0
1,0.9100,2.409940,-1.092874,-0.633074,1.676607,1.232275,0
0,0.0800,-0.596256,1.269803,-0.633074,-1.279759,-1.656575,0
0,0.9800,-0.095223,0.542825,1.263635,1.057134,1.232275,0
0,0.5800,-1.240440,1.269803,0.757846,-1.279759,-1.656575,0
0,0.1200,-0.882560,1.451547,1.895872,0.255198,0.510063,0
0,0.6700,-1.168864,0.361081,1.895872,0.255198,0.510063,0
0,1.0000,-1.741473,-0.911130,1.010741,0.450774,0.510063,0
0,0.6800,1.407875,2.905502,-0.633074,1.025830,1.232275,0
0,0.3800,-0.810984,1.633291,2.528108,1.025830,1.232275,0
0,0.0300,0.334233,0.542825,-0.633074,-0.417337,-0.212150,0
0,0.6000,-1.097288,0.179336,-0.190509,1.391703,1.232275,0
1,0.5100,-1.312016,-0.184152,2.528108,0.971050,1.232275,0
0,0.7400,-1.025712,1.996780,-0.064061,-1.073918,-0.934363,0
0,0.5200,-1.168864,0.542825,1.579753,-1.782400,-1.656575,0
0,0.8000,0.763690,-0.911130,-0.633074,1.035454,1.232275,0
0,0.8500,0.191081,0.361081,3.286792,-1.359339,-1.656575,0
0,0.8200,-0.524680,0.361081,-0.064061,-1.541854,-1.656575,0
0,0.2000,-1.741473,1.633291,2.528108,-1.782400,-1.656575,0
0,0.9300,1.622603,0.906314,-0.633074,0.739864,0.510063,0
0,0.1100,-0.381527,-1.274619,-0.443403,0.739864,0.510063,0
0,0.2400,-0.166799,-1.274619,-0.633074,0.186489,0.510063,0
0,0.1800,0.047929,1.451547,-0.190509,1.127535,1.232275,0
0,0.3900,1.908907,1.451547,-0.633074,-1.094390,-0.934363,0
0,0.0900,-1.669897,-0.365897,1.895872,0.634321,0.510063,0
0,0.8900,0.191081,0.361081,-0.633074,-1.025940,-0.934363,0
0,0.7500,0.119505,0.906314,-0.633074,-1.376790,-1.656575,0
0,0.1900,-0.309951,0.361081,-0.633074,0.359208,0.510063,0
0,0.9000,0.047929,0.724569,-0.633074,0.692982,0.510063,0
0,0.0800,1.049994,-1.274619,-0.633074,1.625512,1.232275,0
0,0.1800,-0.238375,-0.002408,1.579753,0.137267,0.510063,0
0,0.1200,-1.168864,0.179336,-0.633074,1.249586,1.232275,0
0,0.3600,-0.667832,0.724569,2.528108,1.319981,1.232275,0
0,0.8600,0.119505,1.088058,2.211990,-0.346272,-0.212150,0
0,0.0800,1.837331,0.361081,-0.633074,0.495218,0.510063,0
1,0.3700,-1.025712,-1.274619,-0.633074,-1.473821,-1.656575,0
0,0.2500,-0.238375,0.724569,-0.633074,1.087217,1.232275,0
0,0.5000,0.477386,-0.729386,0.757846,-0.822529,-0.934363,0
0,0.0300,0.191081,-0.002408,-0.633074,0.424979,0.510063,0
0,0.8800,-0.596256,1.088058,0.504951,1.127535,1.232275,0
0,0.6000,-1.312016,-0.365897,0.441728,2.001593,1.954488,0
0,0.5600,-0.596256,-0.365897,-0.633074,-1.711335,-1.656575,0
0,0.7000,0.548962,-0.365897,-0.633074,1.208081,1.232275,0
0,0.6100,-0.381527,-0.184152,-0.633074,-0.364491,-0.212150,0
0,0.8300,0.334233,-0.547641,-0.633074,1.222234,1.232275,0
0,0.6600,1.837331,-0.729386,-0.633074,1.222234,1.232275,0
0,1.0000,0.620538,-0.547641,-0.633074,1.191981,1.232275,0
0,0.0200,1.193146,-1.092874,-0.633074,-1.137859,-1.656575,0
0,1.0000,0.047929,-0.184152,0.694622,1.020952,1.232275,0
0,0.2300,-0.238375,0.179336,2.528108,1.242394,1.232275,0
0,0.0900,-1.383592,-0.184152,0.757846,0.384429,0.510063,0
0,0.7000,-1.598321,0.542825,1.579753,-0.331137,-0.212150,0
0,0.5800,0.334233,-0.184152,-0.633074,-1.359339,-1.656575,0
1,0.2100,-1.813049,0.724569,2.528108,-1.044616,-0.934363,0
0,0.7500,-0.023647,-0.729386,-0.633074,-1.961470,-1.656575,0
0,0.7900,0.262657,-0.729386,0.188833,-0.925859,-0.934363,0
1,0.5400,0.047929,1.088058,0.125610,-0.274567,-0.212150,0
0,0.7200,-0.166799,0.542825,-0.633074,-1.210544,-1.656575,0
0,0.1800,-1.240440,-1.274619,1.010741,1.183960,1.232275,0
0,0.2100,-0.954136,-0.365897,-0.380180,-0.910866,-0.934363,0
1,1.0000,-0.381527,0.179336,0.315280,-0.690173,-0.212150,0
0,0.1000,1.622603,-0.729386,-0.633074,0.239261,0.510063,0
0,0.5000,-1.025712,0.179336,0.821070,-1.237160,-1.656575,0
0,0.0700,0.835266,0.724569,-0.127285,-0.007649,-0.212150,0
0,0.7500,-1.598321,-1.092874,0.757846,0.060871,-0.212150,0
0,0.8400,1.407875,0.361081,-0.633074,1.191981,1.232275,0
0,0.7500,-0.381527,-0.002408,0.757846,0.090960,-0.212150,0
0,0.1600,-0.095223,1.633291,-0.633074,0.426778,0.510063,0
0,0.5400,-0.453103,0.361081,1.010741,-1.035196,-0.934363,0
0,0.6800,-0.381527,0.724569,-0.633074,-1.237160,-1.656575,0
0,0.2500,-1.312016,-0.547641,2.528108,1.625512,1.232275,0
0,0.1600,-0.238375,0.542825,-0.633074,0.073809,-0.212150,0
0,0.4200,0.835266,0.724569,-0.000838,-0.151357,-0.212150,0
0,0.3000,-1.813049,-0.547641,1.579753,-1.782400,-1.656575,0
0,0.5100,-1.025712,0.542825,-0.633074,-0.730741,-0.212150,0
0,0.1600,1.980483,-0.547641,-0.633074,-0.868268,-0.934363,0
0,0.1300,0.477386,-1.274619,-0.633074,-0.034021,-0.212150,0
0,0.6500,-1.383592,-0.184152,0.504951,0.634321,0.510063,0
0,0.0400,-1.741473,-1.274619,2.211990,0.634321,0.510063,0
0,0.2800,-0.596256,0.724569,-0.633074,-0.174933,-0.212150,0
0,0.1600,-1.025712,-1.092874,-0.000838,-0.568495,-0.212150,0
0,0.0300,1.407875,1.269803,-0.633074,-1.864439,-1.656575,0
0,0.0300,-0.166799,0.179336,0.125610,1.127535,1.232275,0
0,0.6000,-0.023647,0.542825,-0.633074,-0.081624,-0.212150,0
0,0.6500,0.119505,-0.365897,-0.633074,-0.176791,-0.212150,0
0,0.6200,0.763690,-1.092874,1.263635,-0.176791,-0.212150,0
0,0.1600,-1.240440,0.906314,2.528108,0.522411,0.510063,0
0,0.0300,-0.381527,-0.911130,-0.633074,-0.695078,-0.212150,0
0,0.3700,-0.954136,-0.002408,2.211990,1.875332,1.954488,0
0,0.3500,0.906842,0.724569,-0.633074,-1.115681,-1.656575,0
0,0.1100,0.620538,-1.274619,-0.633074,-1.910746,-1.656575,0
0,0.0600,0.119505,0.906314,-0.443403,0.008358,-0.212150,0
0,0.2700,-0.238375,-0.911130,-0.633074,0.008358,-0.212150,0
0,0.4500,-1.097288,-0.002408,0.631399,0.226332,0.510063,0
0,0.1800,-1.741473,0.906314,3.666133,0.600433,0.510063,0
0,0.0800,0.763690,-0.911130,-0.633074,0.950194,1.232275,0
1,0.3100,0.191081,0.724569,2.211990,1.128176,1.232275,0
0,0.1100,-0.453103,-1.274619,-0.633074,1.090668,1.232275,0
0,0.0600,-0.810984,1.451547,1.010741,0.692982,0.510063,0
0,0.1000,-0.381527,0.724569,-0.633074,1.090668,1.232275,0
0,0.2100,-0.739408,0.361081,-0.633074,0.403529,0.510063,0
0,0.0600,0.119505,0.179336,-0.633074,0.480271,0.510063,0
0,0.2300,-1.669897,2.178524,2.528108,1.191981,1.232275,0
0,0.1500,0.548962,1.633291,-0.633074,1.191981,1.232275,0
0,0.1000,-0.453103,-1.274619,-0.633074,-0.328656,-0.212150,0
0,0.4700,2.123635,-1.274619,-0.633074,-1.223686,-1.656575,0
0,0.2400,0.405810,-0.365897,-0.633074,-0.710071,-0.212150,0
0,0.9900,0.835266,1.815036,-0.633074,-1.104929,-0.934363,0
0,0.3800,1.908907,0.361081,-0.633074,0.329867,0.510063,0
0,0.9900,0.692114,1.269803,-0.569850,0.842900,0.510063,0
1,0.5000,1.049994,-0.911130,1.579753,-0.160302,-0.212150,0
0,1.0000,1.264722,0.724569,-0.633074,-1.250984,-1.656575,0
0,1.0000,0.191081,-0.547641,-0.633074,-1.326066,-1.656575,0
0,0.7800,2.409940,0.361081,-0.633074,-1.619876,-1.656575,0
0,1.0000,-0.667832,0.542825,-0.633074,-1.035196,-0.934363,0
0,1.0000,0.620538,1.269803,-0.633074,-1.250984,-1.656575,0
0,1.0000,0.191081,1.088058,-0.633074,0.334159,0.510063,0
0,1.0000,-0.667832,-0.911130,-0.633074,-0.661656,-0.212150,0
0,1.0000,1.336299,-1.092874,-0.633074,0.634321,0.510063,0
0,1.0000,0.262657,-0.911130,-0.633074,0.640768,0.510063,0
0,0.8300,1.121570,0.542825,-0.633074,0.582421,0.510063,0
0,0.4900,0.334233,-1.274619,-0.633074,1.208081,1.232275,0
0,1.0000,0.978418,1.996780,-0.633074,-1.265177,-1.656575,0
0,0.7500,1.908907,-0.729386,-0.633074,-0.417337,-0.212150,0
0,0.1900,0.047929,0.542825,-0.633074,1.243944,1.232275,0
0,0.1500,1.479451,-0.002408,-0.633074,-1.821840,-1.656575,0
0,1.0000,-0.309951,0.361081,-0.316956,-1.172962,-1.656575,0
0,1.0000,0.763690,0.724569,-0.633074,-1.679070,-1.656575,0
0,0.4000,-0.238375,-0.365897,-0.633074,-0.351414,-0.212150,0
0,1.0000,-0.238375,-0.365897,0.441728,-0.828828,-0.934363,0
0,1.0000,0.906842,-0.002408,-0.633074,-0.195733,-0.212150,0
0,1.0000,-0.095223,-0.184152,-0.633074,-0.949171,-0.934363,0
0,1.0000,1.049994,0.361081,-0.633074,-0.541974,-0.212150,0
0,1.0000,1.622603,-0.729386,-0.633074,-2.017543,-1.656575,0
0,1.0000,0.119505,1.633291,-0.633074,-1.104929,-0.934363,0
0,0.7200,-0.453103,-0.547641,1.453306,-0.139082,-0.212150,0
1,1.0000,0.191081,1.633291,-0.633074,-0.160302,-0.212150,0
0,1.0000,-0.023647,-0.911130,-0.633074,-0.063270,-0.212150,0
0,1.0000,-0.381527,1.088058,-0.633074,-0.752247,-0.934363,0
0,1.0000,-1.598321,-1.092874,1.263635,-0.725498,-0.212150,0
0,1.0000,0.763690,1.088058,-0.633074,-0.160302,-0.212150,0
0,1.0000,-0.453103,-1.092874,-0.633074,-0.903526,-0.934363,0
0,0.0800,-0.596256,-0.547641,-0.633074,-0.710071,-0.212150,0
0,1.0000,0.047929,1.451547,-0.633074,-1.376790,-1.656575,0
0,1.0000,1.264722,-0.911130,-0.633074,-1.821840,-1.656575,0
0,0.9000,1.264722,0.542825,-0.633074,-1.210544,-1.656575,0
0,1.0000,0.262657,-0.365897,-0.633074,1.138492,1.232275,0
0,1.0000,0.548962,-0.911130,-0.633074,-0.295083,-0.212150,0
1,0.7400,0.692114,-0.002408,-0.633074,-1.126655,-1.656575,0
0,0.2600,1.336299,-0.002408,0.441728,0.090960,-0.212150,0
0,0.2400,0.334233,0.361081,-0.633074,-1.172962,-1.656575,0
0,1.0000,-0.739408,0.542825,-0.633074,0.921445,1.232275,0
0,1.0000,2.409940,-0.547641,-0.633074,-1.094390,-0.934363,0
0,0.3500,2.696244,-0.184152,-0.633074,-0.139082,-0.212150,0
0,1.0000,-0.667832,-0.002408,-0.633074,0.851324,0.510063,0
0,0.1700,-0.166799,-0.002408,-0.633074,-0.973550,-0.934363,0
0,0.3000,-0.095223,0.542825,0.504951,-1.149305,-1.656575,0
0,0.0200,0.047929,0.724569,-0.633074,-0.949171,-0.934363,0
0,0.8400,1.336299,1.996780,-0.633074,-0.828828,-0.934363,0
0,1.0000,1.908907,-0.729386,-0.633074,-1.115681,-1.656575,0
0,0.9000,-0.667832,-1.092874,-0.633074,-0.388870,-0.212150,0
1,0.4900,0.119505,0.724569,2.717779,-1.782400,-1.656575,0
1,0.8300,2.123635,1.815036,-0.633074,-0.469525,-0.212150,0
0,0.1200,2.123635,1.815036,-0.633074,-0.469525,-0.212150,0
0,1.0000,0.692114,-0.002408,-0.506627,-1.035196,-0.934363,0
0,1.0000,-0.739408,-0.002408,-0.633074,-1.711335,-1.656575,0
0,0.3600,-0.166799,1.088058,-0.633074,0.583314,0.510063,0
0,0.4300,0.191081,0.906314,-0.633074,-1.452948,-1.656575,0
0,0.0600,-0.739408,-0.547641,-0.569850,0.008358,-0.212150,0
0,0.0800,-0.667832,1.633291,-0.633074,1.191981,1.232275,0
0,1.0000,0.477386,-1.092874,-0.633074,-0.502798,-0.212150,0
0,1.0000,1.765755,-1.092874,-0.633074,-1.821840,-1.656575,0
0,1.0000,-0.095223,-0.184152,-0.633074,0.749091,0.510063,0
0,0.3700,-0.381527,-0.002408,-0.633074,-0.918310,-0.934363,0
0,1.0000,-0.882560,-0.184152,3.666133,-0.476015,-0.212150,0
0,1.0000,-0.238375,-0.911130,-0.633074,0.309367,0.510063,0
0,0.0600,-0.739408,-1.274619,-0.569850,-0.444327,-0.212150,0
0,1.0000,1.264722,0.724569,-0.633074,1.020952,1.232275,0
0,1.0000,-0.739408,-0.911130,-0.633074,-0.949171,-0.934363,0
0,0.1700,1.837331,0.906314,-0.633074,-1.432863,-1.656575,0
0,0.1600,-0.238375,-0.911130,-0.633074,0.077284,-0.212150,0
0,0.3800,0.405810,1.269803,-0.633074,-0.861488,-0.934363,0
0,0.0400,0.763690,0.179336,2.654555,-1.376790,-1.656575,0
0,1.0000,0.835266,1.088058,-0.380180,-0.973550,-0.934363,0
0,0.9900,0.334233,0.724569,-0.633074,0.582421,0.510063,0
0,0.1800,0.405810,-1.274619,-0.633074,0.008358,-0.212150,0
1,1.0000,1.193146,-0.729386,-0.633074,-1.115681,-1.656575,0
0,0.0900,-0.596256,0.906314,1.263635,0.912869,1.232275,0
0,0.4600,1.407875,-0.911130,-0.633074,1.625512,1.232275,0
0,1.0000,0.835266,0.361081,-0.633074,-1.473821,-1.656575,0
0,1.0000,-0.596256,1.269803,-0.633074,-0.841652,-0.934363,0
0,1.0000,0.262657,1.269803,-0.633074,-0.700029,-0.212150,0
0,1.0000,-0.023647,0.361081,-0.633074,1.311306,1.232275,0
0,0.8600,0.047929,0.724569,-0.633074,-0.182403,-0.212150,0
0,1.0000,1.264722,-0.729386,-0.633074,-0.295083,-0.212150,0
0,1.0000,-0.667832,0.542825,-0.064061,0.046389,-0.212150,0
0,1.0000,1.121570,-0.184152,-0.633074,-0.804070,-0.934363,0
0,1.0000,-1.168864,-1.092874,-0.569850,-1.025940,-0.934363,0
0,1.0000,-0.954136,-0.911130,-0.569850,-0.896285,-0.934363,0
0,0.2200,0.978418,-1.274619,-0.633074,-0.154917,-0.212150,0
0,0.2400,0.548962,0.361081,-0.633074,0.322636,0.510063,0
0,1.0000,0.047929,-0.002408,-0.633074,-1.126655,-1.656575,0
0,1.0000,0.548962,0.542825,-0.633074,1.145363,1.232275,0
0,0.5400,-0.739408,0.724569,2.022319,-1.745682,-1.656575,1
0,1.0000,0.405810,0.724569,-0.000838,0.387661,0.510063,0
0,1.0000,-0.882560,0.542825,-0.633074,-0.647950,-0.212150,0
0,1.0000,1.908907,-0.547641,-0.633074,0.329867,0.510063,0
0,0.3900,1.622603,-0.184152,-0.633074,-1.342443,-1.656575,0
0,0.2800,0.763690,-0.911130,-0.633074,-0.438210,-0.212150,0
0,0.4900,0.191081,-0.547641,-0.633074,-0.768967,-0.934363,0
0,1.0000,1.837331,-0.365897,-0.633074,-0.592329,-0.212150,0
0,0.7300,-0.023647,1.088058,-0.633074,-0.377897,-0.212150,0
0,1.0000,-0.667832,0.542825,-0.633074,0.052471,-0.212150,0
0,0.0700,-0.023647,-1.274619,-0.633074,0.109752,-0.212150,0
0,0.6300,0.692114,-0.911130,-0.633074,-0.354004,-0.212150,0
0,1.0000,1.264722,2.542013,1.263635,-0.295083,-0.212150,0
1,0.8800,-0.238375,-0.547641,-0.633074,-1.237160,-1.656575,0
0,0.7500,-0.667832,1.633291,-0.190509,-0.472760,-0.212150,0
0,0.2900,-1.097288,-0.184152,-0.190509,0.118371,-0.212150,0
0,0.7500,0.405810,-0.365897,-0.633074,-0.617280,-0.212150,0
0,0.1300,0.405810,-0.002408,-0.633074,-0.786229,-0.934363,0
0,0.0300,0.405810,-1.092874,-0.633074,0.008358,-0.212150,0
0,0.5000,0.334233,0.179336,-0.633074,0.634321,0.510063,0
0,1.0000,1.479451,0.361081,-0.633074,-0.584265,-0.212150,0
0,0.6500,0.191081,0.542825,-0.633074,-1.172962,-1.656575,0
0,0.5400,0.906842,0.542825,-0.633074,-1.394832,-1.656575,0
0,1.0000,-0.453103,0.724569,-0.253732,1.138492,1.232275,0
0,0.7500,2.195212,0.179336,1.010741,-1.376790,-1.656575,0
0,0.7900,-1.240440,-0.184152,-0.000838,-1.679070,-1.656575,0
0,1.0000,-1.240440,0.179336,-0.633074,0.028979,-0.212150,0
0,1.0000,-0.381527,1.269803,-0.633074,-0.391649,-0.212150,0
0,1.0000,0.477386,-0.184152,-0.633074,-1.104929,-0.934363,0
0,0.0900,1.837331,-0.365897,0.062386,-0.768967,-0.934363,0
0,0.8400,-0.596256,-0.547641,0.125610,0.869869,1.232275,0
0,0.0900,0.334233,-0.365897,-0.633074,0.885014,1.232275,0
0,0.2400,-0.882560,-0.547641,2.907450,-0.453637,-0.212150,0
1,1.0000,0.548962,0.906314,-0.633074,-0.613040,-0.212150,0
0,0.0500,-1.025712,0.361081,-0.569850,-1.104929,-1.656575,0
1,0.9000,0.477386,1.088058,1.263635,-0.534634,-0.212150,0
0,1.0000,1.837331,0.179336,-0.633074,-0.154917,-0.212150,0
0,0.1900,0.906842,-1.092874,0.504951,-1.310178,-1.656575,0
0,1.0000,0.047929,0.542825,-0.633074,-0.137351,-0.212150,0
0,1.0000,-1.025712,0.906314,-0.000838,0.120504,0.510063,0
0,1.0000,-0.667832,-0.547641,1.263635,0.334159,0.510063,0
0,0.8800,-0.810984,0.179336,-0.633074,-1.172962,-1.656575,0
0,0.9100,-0.810984,-1.092874,-0.633074,-0.176791,-0.212150,0
0,0.0400,-1.741473,-0.365897,-0.633074,0.073809,-0.212150,0
0,0.4400,-0.810984,0.361081,1.579753,0.000415,-0.212150,0
0,0.4800,0.548962,-0.184152,-0.633074,-1.044616,-0.934363,0
0,0.4800,-1.025712,-0.729386,0.694622,-0.634589,-0.212150,0
0,0.8600,-0.309951,-1.092874,-0.633074,-1.376790,-1.656575,0
0,0.4300,-0.453103,-0.911130,-0.190509,-1.223686,-1.656575,0
1,1.0000,0.334233,-0.911130,-0.633074,-1.237160,-1.656575,0
0,0.0600,-0.739408,0.906314,0.757846,-1.104929,-0.934363,0
0,0.6700,0.477386,-0.184152,-0.633074,-1.137859,-1.656575,1
0,1.0000,-0.739408,-0.911130,-0.380180,-1.864439,-1.656575,0
0,0.2400,-0.739408,0.179336,-0.633074,0.329867,0.510063,0
0,1.0000,-0.524680,1.451547,-0.633074,0.634321,0.510063,0
0,0.9400,-0.667832,-0.729386,-0.633074,0.689705,0.510063,0
0,0.4300,1.908907,-1.092874,-0.633074,0.634321,0.510063,0
0,0.0200,1.049994,1.088058,-0.633074,-0.661656,-0.212150,0
0,0.1300,1.336299,-0.184152,-0.633074,-1.342443,-1.656575,0
0,1.0000,-0.166799,1.269803,-0.000838,0.332732,0.510063,0
0,0.5100,-0.453103,0.542825,-0.506627,-1.619876,-1.656575,0
0,1.0000,-0.739408,0.906314,-0.633074,-0.604658,-0.212150,0
0,0.2400,1.837331,-0.729386,1.895872,-0.007649,-0.212150,0
0,0.5900,0.692114,-0.911130,-0.633074,0.517386,0.510063,0
1,0.5000,-0.667832,3.268991,0.504951,0.421968,0.510063,0
0,0.6600,-1.097288,-0.002408,-0.000838,-0.469525,-0.212150,0
1,1.0000,-0.882560,1.815036,0.188833,-0.331137,-0.212150,0
0,0.0200,-0.453103,1.269803,1.263635,1.209046,1.232275,0
0,0.1000,-1.168864,-0.365897,-0.253732,0.478101,0.510063,0
0,0.0300,-1.383592,-0.729386,1.579753,1.136602,1.232275,0
0,1.0000,0.262657,-0.365897,-0.633074,-1.473821,-1.656575,0
0,0.9900,0.763690,0.906314,-0.633074,-1.084056,-0.934363,0
0,0.6000,-0.524680,-0.911130,-0.064061,0.522411,0.510063,0
0,0.8100,-0.810984,-0.729386,2.211990,-0.160302,-0.212150,0
0,0.4900,0.334233,0.361081,-0.633074,0.345438,0.510063,0
0,1.0000,-0.524680,-0.911130,-0.633074,-0.647950,-0.212150,0
0,0.1500,0.405810,-1.274619,-0.633074,0.480271,0.510063,0
0,1.0000,-0.954136,-1.092874,-0.633074,-0.338651,-0.212150,0
0,0.4900,2.123635,-0.365897,1.453306,1.138492,1.232275,0
0,1.0000,1.479451,-0.002408,-0.316956,0.188366,0.510063,0
0,0.0900,0.119505,0.906314,-0.633074,0.329867,0.510063,0
0,0.9700,-0.381527,1.269803,-0.633074,0.329867,0.510063,0
0,1.0000,2.409940,-0.184152,-0.633074,-0.786229,-0.934363,0
0,1.0000,0.405810,1.088058,-0.633074,-0.973550,-0.934363,0
0,1.0000,-1.097288,1.088058,0.252057,0.225459,0.510063,0
0,1.0000,1.049994,0.906314,-0.633074,-0.848182,-0.934363,0
0,1.0000,-0.596256,0.542825,-0.633074,-1.185197,-1.656575,0
1,0.1900,-0.882560,-0.365897,-0.000838,-0.861488,-0.934363,0
0,0.3900,0.119505,-1.092874,-0.633074,0.582421,0.510063,0
0,1.0000,0.548962,5.995156,-0.190509,-0.311605,-0.212150,0
0,1.0000,-0.954136,-0.365897,-0.633074,-1.745682,-1.656575,0
0,0.8900,-0.596256,0.724569,-0.633074,0.334159,0.510063,0
0,0.5000,1.622603,-1.092874,-0.633074,-0.417337,-0.212150,0
0,0.5900,-0.166799,0.179336,-0.633074,-0.346272,-0.212150,0
0,1.0000,-0.453103,1.633291,-0.633074,-0.568495,-0.212150,0
0,1.0000,-1.383592,1.088058,1.895872,0.662733,0.510063,0
0,0.1400,-1.312016,1.451547,1.579753,-1.961470,-1.656575,0
0,0.4000,-1.312016,0.542825,0.252057,2.243436,1.954488,0
0,1.0000,0.047929,0.361081,-0.127285,-0.828828,-0.934363,0
0,1.0000,-1.312016,1.451547,1.010741,0.634321,0.510063,0
0,1.0000,0.262657,-0.911130,-0.633074,-1.294751,-1.656575,0
0,1.0000,-0.596256,0.179336,1.010741,-0.560782,-0.212150,0
0,0.6800,-0.309951,0.361081,-0.127285,-0.176791,-0.212150,0
0,0.9000,-0.739408,0.724569,-0.633074,-1.094390,-0.934363,0
0,0.7000,-0.381527,1.996780,-0.380180,-1.326066,-1.656575,0
0,0.6000,0.548962,-1.092874,-0.380180,0.712583,0.510063,0
0,0.6500,-0.023647,0.542825,-0.000838,0.777711,0.510063,0
0,1.0000,-1.025712,-1.092874,1.010741,-1.821840,-1.656575,0
0,1.0000,0.405810,1.088058,-0.633074,-0.786229,-0.934363,0
0,0.2700,-1.526745,0.361081,4.551264,0.384429,0.510063,0
0,1.0000,-0.524680,0.179336,0.125610,-1.104929,-0.934363,0
0,1.0000,1.121570,-0.184152,-0.506627,1.901448,1.954488,0
0,1.0000,-1.455169,1.088058,0.757846,0.950194,1.232275,0
0,0.8300,-0.667832,0.179336,1.895872,0.246870,0.510063,0
0,1.0000,-0.095223,1.451547,0.252057,-1.648651,-1.656575,1
0,0.3900,-0.166799,0.179336,-0.633074,-0.244148,-0.212150,0
0,0.2500,-1.455169,-1.274619,2.211990,-0.154917,-0.212150,0
0,0.2400,-1.097288,-0.365897,0.757846,-0.405767,-0.212150,0
0,0.1400,-0.882560,0.724569,-0.633074,-1.115681,-1.656575,0
0,0.0300,-1.383592,1.451547,1.010741,0.184605,0.510063,0
0,1.0000,1.622603,0.361081,-0.633074,-1.782400,-1.656575,0
0,0.7000,0.477386,-0.184152,-0.633074,0.077284,-0.212150,0
0,0.1500,-0.309951,0.179336,-0.633074,-1.541854,-1.656575,0
0,0.0300,-1.168864,1.451547,2.528108,1.124961,1.232275,0
0,0.5000,-0.238375,-0.002408,-0.190509,-1.864439,-1.656575,0
0,1.0000,-0.596256,-0.365897,-0.380180,-0.274567,-0.212150,0
0,0.9300,0.262657,-0.547641,1.769424,-0.331137,-0.212150,0
0,0.3700,0.477386,1.088058,0.504951,0.770228,0.510063,0
0,0.0600,0.763690,-1.274619,-0.506627,-0.752247,-0.934363,0
0,0.0200,-0.882560,0.361081,1.010741,-1.035196,-0.934363,0
0,1.0000,-0.166799,0.906314,-0.633074,-0.174933,-0.212150,0
0,0.4000,-0.739408,1.633291,1.010741,1.390138,1.232275,0
0,0.8000,0.334233,1.088058,-0.633074,-0.705026,-0.212150,0
0,1.0000,0.477386,1.269803,-0.633074,-1.592578,-1.656575,0
1,0.1900,0.119505,1.815036,-0.633074,-0.868268,-0.934363,0
0,0.1600,0.119505,1.451547,-0.633074,-0.476015,-0.212150,0
0,0.2500,-1.383592,-0.184152,0.757846,-0.299751,-0.212150,0
0,1.0000,-1.168864,0.542825,-0.380180,-1.016843,-0.934363,0
0,0.1600,-0.810984,-0.365897,2.528108,0.470435,0.510063,0
0,1.0000,0.119505,0.542825,-0.633074,-0.007649,-0.212150,0
0,1.0000,1.407875,-0.002408,-0.633074,0.329867,0.510063,0
0,0.0500,0.477386,0.724569,1.010741,0.921445,1.232275,0
0,0.4900,0.477386,-0.184152,-0.633074,0.008358,-0.212150,0
0,1.0000,0.119505,1.088058,0.315280,-0.643459,-0.212150,0
0,0.4700,0.405810,-0.365897,0.821070,-0.323728,-0.212150,0
0,1.0000,-1.097288,0.906314,-0.633074,-0.792110,-0.934363,0
0,1.0000,0.262657,-0.729386,-0.633074,0.640768,0.510063,0
1,0.4100,-0.309951,1.633291,0.504951,-1.342443,-1.656575,0
0,1.0000,2.195212,-0.184152,0.504951,0.309367,0.510063,0
0,0.3600,-1.025712,1.815036,1.010741,-1.094390,-0.934363,0
0,1.0000,-0.381527,0.724569,-0.633074,1.243944,1.232275,0
0,1.0000,-0.453103,0.724569,-0.633074,-1.044616,-0.934363,0
1,1.0000,1.121570,1.451547,0.757846,2.167187,1.954488,0
1,1.0000,0.191081,-0.365897,-0.316956,0.008358,-0.212150,0
0,0.7800,0.191081,1.451547,-0.633074,0.008358,-0.212150,0
0,0.4100,-0.238375,0.906314,-0.633074,-1.432863,-1.656575,0
0,0.6400,1.407875,0.724569,-0.633074,0.210391,0.510063,0
0,0.2600,1.049994,1.451547,0.504951,-0.810152,-0.934363,0
0,1.0000,0.262657,1.815036,-0.633074,-0.388870,-0.212150,0
0,0.9500,-1.455169,1.451547,1.263635,-0.675724,-0.212150,0
0,1.0000,-0.381527,0.179336,0.757846,-0.336134,-0.212150,0
0,0.0600,0.477386,0.724569,-0.633074,0.332732,0.510063,0
0,0.8300,2.052059,-1.274619,-0.633074,-0.326186,-0.212150,0
0,1.0000,0.191081,0.906314,-0.633074,0.590844,0.510063,0
0,1.0000,0.119505,-1.092874,-0.633074,1.138492,1.232275,0
0,1.0000,-1.312016,-0.547641,1.010741,-1.265177,-1.656575,0
0,1.0000,-0.739408,0.361081,-0.633074,-0.941286,-0.934363,0
0,0.2200,-0.667832,0.542825,-0.380180,1.087217,1.232275,0
0,1.0000,0.262657,0.724569,-0.633074,-0.639006,-0.212150,0
0,1.0000,2.481516,0.361081,-0.633074,1.243944,1.232275,0
0,0.1600,1.336299,-0.911130,-0.633074,-1.126655,-1.656575,0
0,0.2900,-1.097288,1.088058,1.263635,1.625512,1.232275,0
0,1.0000,0.405810,1.088058,-0.633074,-1.250984,-1.656575,0
0,0.2500,-0.453103,0.906314,-0.380180,-1.161002,-1.656575,0
0,1.0000,1.336299,-0.547641,-0.633074,0.634321,0.510063,0
0,0.4400,1.121570,0.361081,-0.633074,0.634321,0.510063,0
0,1.0000,-1.025712,-0.547641,-0.569850,0.099886,-0.212150,0
0,0.2300,-0.023647,1.088058,0.252057,1.242394,1.232275,0
0,1.0000,-0.238375,0.542825,-0.633074,-1.566612,-1.656575,0
0,0.5600,0.262657,0.542825,-0.569850,-0.435178,-0.212150,0
0,0.0400,-1.312016,1.633291,1.579753,-0.426183,-0.212150,0
0,1.0000,0.191081,-0.911130,-0.633074,-0.661656,-0.212150,0
0,0.3600,-1.598321,1.633291,1.263635,0.922625,1.232275,0
0,1.0000,1.837331,0.179336,-0.633074,-1.745682,-1.656575,0
0,0.4900,-1.025712,-0.911130,0.947517,-1.961470,-1.656575,0
0,0.9000,-0.954136,0.542825,1.010741,1.631396,1.232275,0
0,1.0000,-1.168864,1.088058,-0.380180,-1.210544,-1.656575,0
0,0.6300,-1.097288,0.361081,1.263635,-0.690173,-0.212150,0
0,0.0300,-0.023647,-0.184152,-0.633074,0.386370,0.510063,0
0,1.0000,-1.383592,-0.911130,2.211990,-0.710071,-0.212150,0
0,1.0000,-0.524680,0.724569,-0.633074,-1.094390,-0.934363,0
0,0.2500,-0.166799,1.633291,-0.633074,-0.375188,-0.212150,0
0,0.4000,0.191081,-0.911130,-0.127285,1.271577,1.232275,0
0,1.0000,0.191081,-0.547641,-0.633074,1.676607,1.232275,0
0,0.3100,0.835266,-1.092874,-0.633074,0.634321,0.510063,0
0,1.0000,1.407875,-0.547641,-0.633074,-1.394832,-1.656575,0
0,1.0000,0.119505,0.361081,-0.633074,0.332732,0.510063,0
0,1.0000,-0.023647,1.451547,-0.633074,-0.861488,-0.934363,0
0,0.4500,-0.667832,0.724569,3.286792,0.921445,1.232275,0
0,1.0000,2.982548,0.179336,2.528108,-1.745682,-1.656575,0
0,0.0700,-0.667832,-1.274619,-0.569850,0.520407,0.510063,1
0,0.4100,-1.526745,0.179336,0.504951,0.090960,-0.212150,0
0,0.9100,1.837331,-0.547641,-0.633074,-1.084056,-0.934363,0
0,0.9200,-1.598321,0.724569,1.263635,-0.154917,-0.212150,0
0,1.0000,-1.097288,-0.547641,-0.633074,1.676607,1.232275,0
0,0.1700,0.119505,2.178524,-0.633074,1.175231,1.232275,1
0,0.9500,-1.240440,-0.184152,2.211990,-0.768967,-0.934363,0
0,0.1500,1.694179,0.724569,-0.633074,-0.925859,-0.934363,0
0,1.0000,-0.095223,1.815036,-0.443403,-0.868268,-0.934363,0
0,1.0000,-0.596256,1.451547,-0.633074,0.188366,0.510063,0
0,1.0000,-0.596256,-0.547641,1.895872,1.631396,1.232275,0
0,0.1400,-0.739408,-0.002408,-0.633074,-0.482586,-0.212150,0
0,0.1600,-0.309951,-0.911130,-0.569850,-1.452948,-1.656575,0
0,1.0000,-1.669897,-0.547641,2.211990,-1.265177,-1.656575,0
0,0.1200,-0.524680,-1.092874,-0.633074,-0.613040,-0.212150,1
0,0.7100,-0.524680,-0.184152,0.252057,-0.135626,-0.212150,0
0,0.7200,-1.741473,0.542825,2.528108,0.634321,0.510063,0
0,0.3300,-1.025712,0.542825,-0.190509,1.242394,1.232275,0
0,0.2000,0.047929,0.542825,-0.633074,-0.848182,-0.934363,0
0,1.0000,-1.526745,-0.547641,0.252057,-0.063270,-0.212150,0
0,1.0000,1.049994,-0.729386,-0.633074,-1.137859,-1.656575,0
0,0.7100,-0.166799,-0.729386,-0.633074,-0.171238,-0.212150,0
0,1.0000,0.334233,0.906314,-0.633074,-0.990447,-0.934363,0
0,0.6900,-1.312016,0.361081,1.390082,-0.549418,-0.212150,0
0,1.0000,-0.739408,0.542825,-0.633074,-1.648651,-1.656575,0
0,0.2300,-1.455169,-0.184152,3.286792,-0.617280,-0.212150,0
0,0.0500,0.119505,-1.274619,-0.633074,2.243436,1.954488,0
0,0.9100,-1.383592,-0.911130,0.757846,2.153944,1.954488,0
0,1.0000,0.548962,0.542825,-0.633074,-0.246264,-0.212150,0
0,0.8300,1.121570,-0.911130,-0.633074,-1.094390,-0.934363,0
0,1.0000,-1.598321,0.179336,0.757846,-1.359339,-1.656575,0
0,0.8400,0.405810,0.361081,-0.127285,0.807511,0.510063,0
0,1.0000,0.405810,-0.547641,0.125610,1.242394,1.232275,1
0,0.8900,0.191081,-0.365897,-0.633074,-0.549418,-0.212150,0
0,1.0000,0.047929,1.088058,-0.633074,-0.000921,-0.212150,0
0,1.0000,0.334233,-0.365897,-0.633074,0.334159,0.510063,0
0,0.2400,0.191081,-0.547641,-0.633074,-1.185197,-1.656575,0
0,0.0700,0.763690,-0.184152,-0.633074,-1.518197,-1.656575,1
0,1.0000,-0.023647,-0.002408,0.125610,0.480271,0.510063,0
0,1.0000,-1.097288,0.179336,-0.190509,-0.073899,-0.212150,0
0,1.0000,0.047929,-0.184152,-0.633074,-1.104929,-0.934363,0
0,1.0000,-0.667832,0.906314,-0.633074,-0.502798,-0.212150,0
0,1.0000,0.477386,-0.365897,-0.633074,-1.648651,-1.656575,0
0,0.9800,-0.882560,-0.547641,-0.569850,-1.035196,-0.934363,0
0,1.0000,-0.309951,-0.547641,-0.443403,-0.896285,-0.934363,0
0,1.0000,-0.882560,-0.184152,-0.569850,-0.506243,-0.212150,0
0,0.8600,0.477386,-0.002408,-0.633074,-0.910866,-0.934363,0
0,0.3800,-1.383592,1.269803,1.263635,-1.745682,-1.656575,0
0,0.3500,0.548962,0.724569,-0.633074,-1.025940,-0.934363,0
0,0.4600,-1.526745,-1.092874,1.579753,-0.213376,-0.212150,0
0,0.7300,0.548962,0.179336,-0.633074,-0.527393,-0.212150,0
0,0.2500,-0.309951,-0.547641,-0.633074,0.077284,-0.212150,0
0,0.3500,-0.023647,-0.184152,2.211990,-0.100633,-0.212150,0
0,0.3300,0.119505,-0.002408,-0.633074,-1.126655,-1.656575,0
0,1.0000,2.052059,-1.092874,-0.633074,-0.441260,-0.212150,0
0,0.4200,-1.097288,-0.547641,-0.190509,-0.981932,-0.934363,0
0,0.8700,0.191081,-1.092874,-0.633074,-0.685313,-0.212150,0
0,0.1000,-0.954136,-0.547641,-0.380180,-0.868268,-0.934363,0
0,0.1700,-1.455169,-0.911130,1.263635,0.584650,0.510063,0
0,0.8000,0.620538,-1.092874,-0.633074,-1.104929,-1.656575,0
0,0.8000,-1.168864,-1.092874,-0.190509,-1.084056,-0.934363,0
0,0.2000,0.262657,-1.092874,-0.633074,-0.482586,-0.212150,0
0,0.2000,1.837331,-0.911130,-0.633074,-0.889141,-0.934363,0
0,0.2800,0.405810,-1.092874,-0.633074,-0.064776,-0.212150,0
0,0.0400,0.692114,-1.092874,1.010741,1.311306,1.232275,0
0,0.2800,0.906842,-1.092874,-0.633074,0.531339,0.510063,0
0,0.9600,0.477386,-1.092874,-0.633074,2.243436,1.954488,0
0,0.8700,-1.312016,-0.184152,2.528108,1.001590,1.232275,0
0,0.0300,0.191081,-1.092874,1.263635,0.676390,0.510063,0
0,0.5500,-0.453103,-1.092874,-0.506627,1.127535,1.232275,0
1,0.2200,-0.667832,-0.911130,-0.000838,-0.841652,-0.934363,0
0,0.1900,-1.383592,-1.092874,2.528108,0.679750,0.510063,0
0,0.6300,-0.596256,-1.092874,0.188833,-0.999101,-0.934363,0
0,0.3600,-0.882560,-0.547641,-0.000838,0.435683,0.510063,0
0,0.3600,-1.526745,-1.092874,1.263635,0.409128,0.510063,0
0,0.4500,-0.453103,0.361081,1.263635,-1.711335,-1.656575,0
0,0.5400,2.052059,-0.547641,-0.633074,1.308001,1.232275,0
0,0.5400,0.262657,-0.365897,-0.633074,-0.933517,-0.934363,0
0,0.4500,0.477386,-1.092874,-0.633074,-0.736037,-0.934363,0
0,0.5400,1.908907,-1.092874,-0.633074,1.391703,1.232275,0
0,0.4500,-0.095223,-1.092874,1.895872,0.617856,0.510063,0
0,0.4400,0.548962,-1.092874,-0.633074,-0.639006,-0.212150,0
0,0.4500,-1.455169,0.542825,2.907450,1.243944,1.232275,0
0,0.4500,0.906842,-1.092874,2.528108,-0.351414,-0.212150,0
0,0.5300,-0.453103,-1.092874,-0.633074,2.243436,1.954488,0
0,0.2900,1.479451,-1.092874,-0.633074,-1.473821,-1.656575,0
0,0.4600,0.763690,-1.092874,-0.633074,1.390138,1.232275,0
0,0.4600,-0.810984,0.542825,-0.064061,-0.752247,-0.934363,0
0,0.4600,-1.312016,-0.729386,2.211990,1.625512,1.232275,0
0,0.1600,0.978418,-0.911130,-0.633074,-0.081624,-0.212150,0
0,0.0700,-0.667832,-1.092874,1.895872,-0.822529,-0.934363,0
0,0.4600,-0.453103,-1.092874,1.895872,1.954992,1.954488,0
0,0.5300,-0.453103,-1.092874,-0.633074,0.708720,0.510063,0
0,0.0400,-1.168864,-0.365897,-0.000838,-0.804070,-0.934363,0
1,0.6100,0.477386,-1.092874,0.315280,-0.130484,-0.212150,0
1,0.5300,-0.882560,-1.092874,1.895872,-0.188075,-0.212150,0
0,0.6100,-0.309951,0.361081,-0.190509,-0.438210,-0.212150,0
0,0.6100,0.191081,-0.911130,-0.633074,-0.149586,-0.212150,0
0,0.0900,-1.168864,-0.547641,1.895872,-0.647950,-0.212150,0
0,0.3800,-0.095223,-0.911130,-0.633074,-0.400075,-0.212150,0
0,0.3800,-0.810984,-1.092874,-0.633074,-1.073918,-0.934363,0
0,0.0200,-0.381527,-0.365897,0.252057,0.182715,0.510063,0
0,0.2900,0.620538,-1.092874,2.211990,-0.265697,-0.212150,0
0,0.2900,1.479451,-0.911130,-0.633074,0.466005,0.510063,0
0,0.0300,-1.312016,-1.092874,1.010741,0.742517,0.510063,0
0,0.1200,0.334233,-1.274619,-0.633074,-1.161002,-1.656575,0
0,0.0400,0.835266,-1.274619,-0.633074,1.676607,1.232275,0
0,0.7000,0.548962,-0.547641,-0.633074,-0.700029,-0.212150,0
0,0.2900,0.692114,-1.092874,-0.633074,-0.153134,-0.212150,0
0,0.2100,0.763690,-0.911130,-0.633074,0.634321,0.510063,0
0,0.7800,-1.240440,-0.184152,2.211990,-0.990447,-0.934363,0
0,0.0800,-0.954136,-1.274619,1.010741,-0.388870,-0.212150,0
0,0.7800,-1.240440,-1.092874,0.757846,0.359208,0.510063,0
0,0.7800,-0.023647,-1.092874,-0.633074,-1.518197,-1.656575,0
0,0.2100,-0.524680,-1.092874,0.757846,1.844125,1.954488,0
0,0.2100,1.837331,-1.092874,-0.633074,-0.816305,-0.934363,0
0,0.7800,0.477386,-0.911130,-0.633074,-0.014463,-0.212150,0
0,0.7800,1.765755,-1.092874,-0.633074,0.771482,0.510063,0
0,0.5100,-0.238375,-1.092874,-0.633074,-0.239940,-0.212150,0
0,0.7800,0.262657,-1.092874,-0.633074,-1.265177,-1.656575,0
0,0.1200,-1.526745,-1.092874,1.895872,-0.435178,-0.212150,0
0,0.0800,0.047929,-1.274619,-0.633074,0.565164,0.510063,0
0,0.8700,-0.667832,-1.092874,-0.380180,1.514565,1.232275,0
0,0.1200,0.548962,-1.092874,-0.633074,0.656938,0.510063,0
0,0.8700,-0.023647,-0.547641,0.441728,1.185545,1.232275,0
0,0.8700,-1.025712,-1.092874,0.757846,0.650293,0.510063,0
0,0.8700,0.119505,-1.092874,-0.633074,0.719535,0.510063,0
0,0.1200,2.266788,-1.092874,-0.633074,1.390138,1.232275,0
0,0.8700,0.835266,-1.092874,-0.633074,0.512822,0.510063,0
0,0.8700,-0.023647,0.179336,1.579753,0.251882,0.510063,0
0,0.9500,-1.526745,-0.365897,1.895872,1.025830,1.232275,0
0,0.9500,-1.097288,-1.092874,-0.380180,-0.386106,-0.212150,0
0,0.3300,-0.596256,-1.092874,-0.443403,1.465289,1.232275,0
0,0.5700,-0.739408,-0.729386,1.769424,0.423174,0.510063,1
0,0.1400,-0.166799,-1.274619,-0.633074,0.921445,1.232275,0
0,0.0400,0.047929,-1.274619,-0.569850,1.651852,1.232275,0
0,0.5000,-0.739408,-1.092874,-0.633074,-0.949171,-0.934363,0
0,0.9500,-0.453103,0.542825,-0.633074,1.209046,1.232275,0
0,0.9700,0.477386,-1.274619,-0.633074,1.625512,1.232275,0
0,0.9600,-1.097288,-0.002408,-0.190509,1.249586,1.232275,0
0,0.0900,-0.524680,-1.092874,0.252057,1.124961,1.232275,0
0,0.4500,-0.667832,-1.092874,-0.633074,0.604307,0.510063,0
0,0.9100,-1.598321,-0.911130,2.528108,-0.367145,-0.212150,0
0,0.1600,0.906842,-1.274619,-0.633074,0.669605,0.510063,0
0,0.0700,-0.882560,-0.365897,1.263635,-0.112043,-0.212150,0
0,0.1000,-1.168864,-1.274619,2.211990,1.982404,1.954488,0
0,0.8300,0.262657,-0.184152,-0.633074,-0.080070,-0.212150,0
0,0.3400,-0.453103,-1.274619,-0.316956,-0.000921,-0.212150,0
0,0.1600,0.119505,0.542825,1.895872,1.222234,1.232275,0
0,0.0600,-1.741473,1.451547,2.528108,-0.822529,-0.934363,0
0,0.4700,-1.240440,-1.274619,1.895872,2.243436,1.954488,0
0,0.7700,0.620538,-0.729386,-0.633074,-1.035196,-0.934363,0
0,0.1500,-0.166799,-0.911130,-0.633074,0.268259,0.510063,0
0,0.7200,-0.524680,-1.274619,-0.633074,-1.821840,-1.656575,0
0,0.2000,-0.309951,-1.274619,-0.633074,0.822804,0.510063,0
0,0.6900,-1.813049,-1.092874,2.528108,2.243436,1.954488,0
0,0.7400,-0.524680,-1.092874,-0.000838,1.539038,1.232275,0
0,0.6600,0.262657,0.179336,-0.633074,-0.588282,-0.212150,0
0,0.6600,-1.312016,-0.002408,1.579753,0.154518,0.510063,0
0,0.2300,0.548962,-0.911130,-0.633074,1.271577,1.232275,0
0,0.1100,-1.168864,-1.274619,2.211990,0.517386,0.510063,0
0,0.1300,-0.023647,-1.274619,0.125610,-0.608833,-0.212150,0
0,0.5300,-0.309951,-1.274619,-0.633074,1.357101,1.232275,0
0,0.4500,-0.309951,-1.274619,-0.633074,1.271577,1.232275,0
0,0.0800,-1.312016,-0.911130,2.211990,-1.592578,-1.656575,0
0,0.5200,-0.882560,1.451547,2.528108,0.048830,-0.212150,0
0,0.1700,0.692114,-1.274619,-0.633074,1.114706,1.232275,0
0,0.0600,-0.667832,-0.002408,-0.633074,0.600433,0.510063,0
0,0.1500,0.191081,-1.274619,-0.633074,0.770228,0.510063,0
0,0.4000,-1.025712,-1.274619,1.895872,1.280679,1.232275,0
0,0.1000,-0.309951,0.179336,-0.633074,1.124961,1.232275,0
0,0.0400,-1.168864,-0.547641,-0.000838,0.418331,0.510063,0
0,0.0700,1.264722,-1.092874,-0.633074,-0.715164,-0.212150,0
0,0.0800,-1.097288,-1.274619,2.211990,1.676607,1.232275,0
0,0.4200,-1.526745,1.451547,1.895872,-0.630209,-0.212150,0
0,0.0900,-0.381527,-1.274619,-0.633074,2.243436,1.954488,0
0,0.3200,-0.596256,-1.274619,-0.633074,-0.657048,-0.212150,0
0,0.0900,0.334233,-1.274619,-0.633074,1.437261,1.232275,0
0,0.0500,-0.023647,-0.365897,2.211990,0.839051,0.510063,0
0,0.0200,-0.023647,-1.274619,-0.633074,1.138492,1.232275,0
0,0.1900,-0.810984,-1.092874,1.263635,0.123688,0.510063,0
0,0.0900,0.477386,-1.274619,-0.633074,-1.452948,-1.656575,0
0,0.0600,1.407875,-1.274619,-0.633074,-0.450516,-0.212150,0
0,0.2400,0.620538,-1.274619,-0.633074,-0.435178,-0.212150,0
0,0.0600,-0.453103,-1.274619,-0.380180,0.671499,0.510063,0
0,0.2000,0.477386,-1.274619,-0.633074,-1.541854,-1.656575,0
0,0.0300,-0.739408,-1.274619,0.757846,1.124961,1.232275,0
0,0.1400,-1.598321,-1.092874,1.263635,-1.294751,-1.656575,0
0,0.0500,-1.598321,-1.274619,2.211990,0.020056,-0.212150,0
0,0.0600,-1.097288,-1.274619,0.315280,1.222234,1.232275,0
0,0.0900,-1.097288,-1.274619,1.010741,0.193031,0.510063,0
0,1.0000,0.405810,0.361081,-0.633074,-1.592578,-1.656575,0
0,1.0000,3.054124,-0.365897,-0.190509,-0.417337,-0.212150,0
0,1.0000,0.835266,-0.547641,-0.633074,-0.752247,-0.934363,0
1,1.0000,2.123635,0.542825,-0.633074,0.090960,-0.212150,0
1,1.0000,0.763690,0.906314,-0.633074,-0.903526,-0.934363,0
0,1.0000,0.548962,1.451547,-0.633074,-0.741386,-0.934363,0
0,1.0000,0.405810,-0.729386,-0.633074,0.113000,-0.212150,0
0,1.0000,0.405810,0.906314,-0.633074,0.334159,0.510063,0
0,0.7500,1.121570,-0.184152,-0.633074,0.480271,0.510063,0
0,1.0000,-0.095223,-0.002408,-0.633074,-1.016843,-0.934363,0
0,0.5000,1.908907,-1.092874,-0.569850,-1.821840,-1.656575,0
0,1.0000,0.334233,-0.547641,-0.633074,-1.250984,-1.656575,0
0,1.0000,2.266788,-0.365897,-0.633074,-0.786229,-0.934363,0
0,0.7500,2.123635,2.360269,-0.633074,-1.376790,-1.656575,0
0,1.0000,1.765755,0.361081,-0.633074,-1.619876,-1.656575,0
0,0.5000,1.049994,2.542013,-0.633074,-0.523809,-0.212150,0
0,1.0000,2.409940,1.269803,-0.633074,-1.518197,-1.656575,0
0,1.0000,0.405810,-0.729386,0.504951,-1.342443,-1.656575,0
0,1.0000,1.264722,-0.911130,-0.633074,0.329867,0.510063,0
0,1.0000,0.119505,0.724569,-0.633074,-0.568495,-0.212150,0
0,0.4900,0.477386,-0.547641,-0.190509,-0.174933,-0.212150,0
0,1.0000,2.338364,0.361081,-0.633074,0.842900,0.510063,0
0,1.0000,-0.309951,-0.911130,-0.633074,-0.768967,-0.934363,0
0,0.1700,-0.453103,-0.547641,-0.633074,0.885014,1.232275,0
0,1.0000,0.906842,-0.184152,-0.633074,-0.444327,-0.212150,0
0,1.0000,2.409940,-0.911130,0.694622,-0.244148,-0.212150,0
0,0.5900,0.119505,0.724569,-0.633074,0.090960,-0.212150,0
0,1.0000,0.835266,-0.184152,-0.633074,0.077284,-0.212150,0
0,0.2400,-0.667832,1.815036,-0.633074,-0.207430,-0.212150,1
0,0.5100,0.763690,-1.092874,-0.633074,-1.126655,-1.656575,0
0,1.0000,0.835266,0.724569,0.062386,0.334159,0.510063,0
0,0.5000,0.262657,-0.365897,-0.633074,-0.715164,-0.212150,0
0,1.0000,-0.309951,0.361081,-0.633074,-1.104929,-1.656575,0
0,1.0000,-1.526745,2.360269,1.263635,-1.265177,-1.656575,0
0,1.0000,-0.524680,1.088058,-0.190509,-1.495547,-1.656575,0
0,1.0000,0.835266,-1.092874,-0.633074,-1.185197,-1.656575,0
0,0.7300,0.906842,0.724569,-0.633074,-1.518197,-1.656575,0
0,0.8200,-0.524680,1.088058,-0.633074,-0.861488,-0.934363,0
0,0.6600,-0.453103,-1.092874,-0.633074,-0.999101,-0.934363,1
0,1.0000,2.553092,-0.729386,-0.633074,-0.949171,-0.934363,0
0,0.6300,-0.596256,0.179336,0.252057,-1.279759,-1.656575,0
0,1.0000,0.262657,0.724569,-0.633074,-1.007898,-0.934363,0
1,1.0000,-0.453103,-0.547641,0.568175,-0.135626,-0.212150,0
0,0.0400,-0.667832,1.269803,-0.569850,-0.828828,-0.934363,1
0,1.0000,0.119505,0.542825,-0.316956,-0.780413,-0.934363,0
0,1.0000,-0.095223,-0.365897,0.504951,-0.786229,-0.934363,0
0,1.0000,-0.095223,-0.547641,-0.633074,-0.786229,-0.934363,0
0,1.0000,1.622603,-0.002408,-0.633074,-1.197720,-1.656575,0
0,0.5600,-0.524680,-0.365897,0.757846,-0.786229,-0.934363,0
0,1.0000,-0.667832,0.724569,0.504951,1.020952,1.232275,0
1,1.0000,2.624668,1.633291,-0.633074,-1.782400,-1.656575,0
0,1.0000,0.763690,-0.911130,-0.633074,-0.311605,-0.212150,0
0,0.9300,-0.810984,-0.002408,0.757846,1.242394,1.232275,0
0,0.2600,-1.383592,-0.911130,-0.190509,-1.044616,-0.934363,0
0,0.2000,-1.025712,0.179336,2.211990,-0.160302,-0.212150,0
0,0.3200,-0.596256,1.088058,-0.633074,0.000415,-0.212150,0
0,0.0600,-1.526745,-0.184152,3.666133,-0.137351,-0.212150,0
0,0.8100,0.262657,-0.184152,-0.633074,-1.172962,-1.656575,0
0,1.0000,0.620538,0.542825,-0.633074,-1.172962,-1.656575,0
0,0.8900,-0.524680,-0.547641,-0.633074,-1.172962,-1.656575,0
0,0.5800,1.193146,2.542013,-0.633074,-1.294751,-1.656575,0
0,0.8300,-0.166799,-0.002408,0.504951,-0.237849,-0.212150,0
0,0.7600,-1.312016,-1.092874,-0.380180,1.162313,1.232275,0
0,1.0000,-1.383592,-0.911130,0.252057,-0.469525,-0.212150,0
0,1.0000,-1.240440,1.088058,1.895872,-0.695078,-0.212150,0
0,1.0000,0.262657,-0.365897,-0.633074,-0.841652,-0.934363,0
0,1.0000,1.049994,0.724569,-0.633074,-0.675724,-0.212150,0
0,0.4100,-1.240440,-0.547641,1.010741,-0.211387,-0.212150,0
0,1.0000,-0.524680,1.633291,-0.633074,-1.035196,-0.934363,0
0,1.0000,-0.882560,0.179336,-0.633074,-1.679070,-1.656575,0
0,0.8200,1.121570,-1.274619,-0.633074,-0.828828,-0.934363,0
0,0.8400,-0.238375,0.906314,-0.633074,0.251882,0.510063,0
0,0.4100,-1.526745,-0.547641,1.263635,-0.331137,-0.212150,0
0,1.0000,0.692114,0.179336,-0.316956,-0.331137,-0.212150,0
0,1.0000,-0.238375,-0.184152,-0.633074,-1.359339,-1.656575,0
0,1.0000,1.336299,-0.911130,-0.633074,-1.473821,-1.656575,0
0,0.8900,-0.667832,0.724569,-0.190509,0.634321,0.510063,0
0,0.9300,0.978418,-0.002408,-0.633074,0.369307,0.510063,0
0,0.1500,0.477386,0.542825,4.108699,0.851324,0.510063,0
0,0.9800,1.407875,-0.365897,-0.633074,-0.949171,-0.934363,0
0,1.0000,0.906842,0.179336,-0.633074,-1.185197,-1.656575,0
1,0.4900,-0.309951,-0.365897,0.504951,-0.741386,-0.934363,0
0,0.2000,-1.455169,-0.365897,1.263635,-0.786229,-0.934363,0
0,0.3500,-1.025712,0.906314,-0.000838,-1.035196,-0.934363,0
0,0.8100,-0.381527,-0.547641,-0.633074,-1.910746,-1.656575,0
0,1.0000,-0.095223,1.815036,0.504951,-0.184287,-0.212150,0
0,1.0000,-0.095223,-0.911130,-0.633074,-0.918310,-0.934363,0
0,0.3100,-0.810984,0.361081,-0.380180,-1.035196,-0.934363,0
1,1.0000,-0.954136,-0.547641,-0.633074,-0.502798,-0.212150,0
1,1.0000,0.405810,-0.547641,-0.633074,0.921445,1.232275,0
0,0.0700,0.548962,1.269803,2.211990,0.921445,1.232275,0
0,1.0000,0.906842,0.361081,-0.633074,0.223708,0.510063,0
0,0.4300,0.262657,-0.365897,-0.443403,0.592600,0.510063,0
0,0.8700,1.479451,-0.911130,-0.633074,0.420152,0.510063,0
0,0.0400,-0.596256,-0.184152,1.010741,-0.822529,-0.934363,0
0,0.0700,-0.596256,0.179336,1.010741,-0.822529,-0.934363,0
0,0.4100,-0.596256,0.179336,-0.633074,0.503575,0.510063,0
0,0.3600,0.191081,-1.274619,-0.633074,-0.160302,-0.212150,0
0,0.9300,-0.453103,-0.911130,-0.569850,-1.197720,-1.656575,0
0,1.0000,1.765755,-0.729386,0.125610,-0.768967,-0.934363,0
1,0.8300,1.193146,-0.002408,2.338437,1.242394,1.232275,0
0,1.0000,-1.097288,0.179336,-0.569850,-1.541854,-1.656575,0
0,0.8300,-0.954136,-0.547641,-0.633074,0.582421,0.510063,0
0,0.4000,-0.667832,-0.365897,-0.190509,-1.782400,-1.656575,0
0,1.0000,0.906842,0.542825,-0.633074,0.204970,0.510063,0
0,1.0000,0.835266,-0.547641,-0.633074,0.739864,0.510063,0
0,1.0000,-0.667832,-0.002408,-0.633074,-0.957174,-0.934363,0
0,1.0000,-0.524680,-0.729386,-0.633074,-0.254813,-0.212150,0
0,0.6600,-0.739408,0.542825,-0.569850,-0.957174,-0.934363,0
0,0.2000,-1.312016,-0.547641,3.919028,1.209046,1.232275,0
1,1.0000,-0.882560,0.179336,-0.064061,-0.763335,-0.934363,0
0,0.2500,-1.168864,0.542825,0.757846,0.388304,0.510063,0
0,0.0700,0.620538,1.269803,-0.633074,0.638359,0.510063,0
0,0.7500,-1.240440,0.724569,-0.380180,-1.566612,-1.656575,0
0,1.0000,0.692114,0.179336,-0.633074,-1.342443,-1.656575,0
0,1.0000,0.477386,0.542825,1.579753,-1.473821,-1.656575,0
0,1.0000,-1.741473,0.542825,1.895872,1.135655,1.232275,0
0,0.2500,-0.667832,-0.365897,-0.633074,2.243436,1.954488,0
0,1.0000,0.405810,-0.729386,-0.633074,2.243436,1.954488,0
0,0.2700,-0.166799,1.633291,-0.633074,0.980651,1.232275,0
0,1.0000,-0.882560,0.542825,-0.380180,0.332732,0.510063,0
0,0.6700,-0.954136,0.906314,1.010741,-0.009005,-0.212150,0
0,1.0000,2.696244,0.724569,-0.633074,0.332732,0.510063,0
0,0.2800,-0.524680,1.815036,1.010741,0.332732,0.510063,0
0,1.0000,-0.810984,0.542825,-0.633074,-0.999101,-0.934363,0
0,0.1100,0.692114,-0.184152,-0.633074,-0.482586,-0.212150,0
0,1.0000,0.692114,-0.184152,-0.633074,0.885014,1.232275,0
0,1.0000,0.692114,0.542825,-0.633074,-0.182403,-0.212150,0
0,0.1300,-0.667832,0.361081,-0.000838,-0.949171,-0.934363,0
0,0.0500,-1.669897,-1.274619,2.528108,-0.965299,-0.934363,0
0,0.7700,-0.023647,-0.184152,-0.633074,-0.965299,-0.934363,0
0,0.8600,-0.309951,0.906314,0.504951,1.077788,1.232275,0
0,1.0000,1.765755,-0.911130,-0.633074,-0.680497,-0.212150,0
0,1.0000,-1.097288,0.906314,-0.633074,1.124961,1.232275,0
0,0.7600,0.262657,3.268991,-0.633074,-1.782400,-1.656575,0
0,0.0500,-0.882560,0.724569,2.211990,1.150766,1.232275,0
0,0.5900,0.334233,1.269803,1.263635,0.634727,0.510063,0
0,1.0000,-1.097288,1.633291,-0.190509,-0.205462,-0.212150,0
0,0.5800,1.264722,0.542825,-0.633074,-0.372494,-0.212150,0
0,0.3000,1.193146,0.724569,-0.064061,0.280219,0.510063,0
0,0.1600,1.264722,-0.911130,-0.633074,-0.466309,-0.212150,0
0,0.4100,0.763690,0.361081,-0.633074,-1.035196,-0.934363,0
0,1.0000,-0.238375,1.088058,-0.000838,0.329867,0.510063,0
0,1.0000,0.191081,1.269803,-0.633074,0.329867,0.510063,0
0,1.0000,1.407875,0.179336,-0.633074,-1.294751,-1.656575,0
0,0.2400,-1.526745,2.178524,1.579753,0.329867,0.510063,0
0,0.6600,-0.739408,-0.184152,-0.633074,-0.034021,-0.212150,0
0,1.0000,-0.309951,1.088058,0.188833,1.183960,1.232275,0
0,1.0000,1.908907,-0.911130,-0.633074,0.892053,1.232275,0
0,1.0000,0.262657,-0.729386,-0.633074,0.436272,0.510063,0
0,1.0000,0.119505,-0.911130,-0.633074,1.676607,1.232275,0
1,0.4100,0.047929,-0.547641,-0.633074,-0.336134,-0.212150,0
0,0.2100,-0.023647,0.361081,-0.633074,0.354429,0.510063,0
0,1.0000,1.622603,0.179336,-0.633074,0.739864,0.510063,0
0,0.2200,1.694179,-1.274619,-0.633074,0.739864,0.510063,0
0,1.0000,1.908907,-0.729386,-0.633074,0.354429,0.510063,0
1,1.0000,-1.526745,-0.002408,2.528108,-0.757762,-0.934363,0
0,1.0000,2.195212,1.815036,-0.633074,-1.149305,-1.656575,0
0,0.3600,-1.240440,0.906314,2.211990,0.517386,0.510063,0
0,1.0000,-0.954136,1.633291,1.010741,-1.025940,-0.934363,0
0,0.5600,-0.810984,0.361081,-0.380180,0.329867,0.510063,0
0,1.0000,0.262657,1.451547,-0.633074,-1.495547,-1.656575,0
0,1.0000,1.765755,1.088058,-0.633074,-0.502798,-0.212150,0
0,1.0000,0.620538,-1.092874,-0.633074,-1.172962,-1.656575,0
0,0.4000,-0.023647,0.361081,-0.000838,0.661194,0.510063,1
0,0.2600,-0.023647,0.361081,-0.000838,0.661194,0.510063,1
0,1.0000,0.477386,-1.092874,-0.633074,1.676607,1.232275,0
1,0.8400,-0.095223,1.996780,-0.633074,-1.016843,-0.934363,0
0,1.0000,-0.524680,2.178524,-0.380180,0.390872,0.510063,0
1,0.4800,-1.240440,-0.002408,1.010741,-0.763335,-0.934363,0
0,0.0600,-1.741473,0.542825,2.907450,0.390872,0.510063,0
0,1.0000,0.477386,0.542825,-0.569850,-0.314007,-0.212150,0
0,0.1300,-0.954136,1.633291,-0.000838,-1.185197,-1.656575,0
0,0.5800,0.763690,-1.092874,-0.633074,-0.386106,-0.212150,0
0,0.3200,0.978418,1.633291,-0.633074,1.243944,1.232275,0
0,0.1200,0.119505,-1.274619,-0.633074,0.585984,0.510063,0
0,0.4900,0.191081,0.906314,-0.633074,-0.063270,-0.212150,0
0,1.0000,-0.882560,0.906314,-0.380180,-1.149305,-1.656575,0
0,0.6500,-0.954136,1.815036,-0.000838,-0.527393,-0.212150,0
1,1.0000,2.266788,0.361081,-0.633074,-0.816305,-0.934363,0
0,0.4100,-0.882560,-0.547641,-0.190509,0.007043,-0.212150,0
0,0.0300,-0.596256,-0.365897,0.757846,0.309367,0.510063,0
0,0.3700,0.262657,-0.365897,1.895872,0.640768,0.510063,0
0,0.4700,-0.238375,0.906314,-0.633074,0.032758,-0.212150,0
0,1.0000,0.978418,-0.002408,-0.633074,-1.679070,-1.656575,0
0,0.2800,-0.739408,0.906314,-0.633074,-0.372494,-0.212150,0
0,1.0000,-1.097288,1.088058,5.499619,0.640768,0.510063,0
0,0.1300,-0.596256,0.906314,0.252057,0.684566,0.510063,0
0,0.6100,1.049994,-1.274619,-0.633074,-0.459936,-0.212150,0
0,0.0400,-0.954136,-1.092874,-0.633074,-0.127083,-0.212150,0
0,0.5800,1.121570,-0.547641,-0.633074,0.008358,-0.212150,0
1,0.8000,0.047929,-0.547641,-0.633074,0.151514,0.510063,0
0,0.7700,-0.166799,-1.092874,-0.633074,0.489396,0.510063,0
0,1.0000,1.765755,0.906314,-0.633074,-1.745682,-1.656575,0
0,0.7800,-1.383592,-0.002408,-0.190509,-1.782400,-1.656575,0
0,0.4700,-0.667832,-0.911130,-0.569850,-0.981932,-0.934363,0
0,0.7800,1.193146,-1.274619,-0.633074,-1.518197,-1.656575,0
0,0.0600,1.694179,-0.729386,-0.633074,-1.376790,-1.656575,0
0,0.4300,-1.455169,0.724569,1.895872,-0.463113,-0.212150,0
0,0.8600,1.479451,-0.729386,-0.633074,-1.376790,-1.656575,0
0,0.6500,0.906842,0.542825,-0.253732,-1.265177,-1.656575,0
0,0.7800,0.548962,0.724569,-0.633074,-0.786229,-0.934363,0
0,1.0000,0.620538,1.451547,-0.443403,0.634321,0.510063,0
0,0.2100,0.548962,0.724569,-0.633074,-1.149305,-1.656575,0
0,1.0000,1.264722,0.361081,-0.633074,-1.161002,-1.656575,0
0,0.0400,-0.524680,0.724569,0.631399,-0.786229,-0.934363,0
0,0.0600,0.763690,0.906314,1.263635,-2.017543,-1.656575,0
0,0.5100,-1.240440,-1.092874,1.010741,-0.752247,-0.934363,0
0,0.2800,-0.810984,0.361081,-0.633074,-0.973550,-0.934363,0
0,0.4900,0.405810,0.906314,-0.633074,0.678259,0.510063,0
0,1.0000,-0.882560,-0.547641,-0.633074,0.598703,0.510063,0
0,1.0000,-0.596256,-0.365897,-0.316956,1.676607,1.232275,0
0,1.0000,-0.954136,-0.365897,-0.000838,-0.014463,-0.212150,0
0,1.0000,-1.669897,1.269803,1.895872,1.272800,1.232275,0
0,0.6300,-0.882560,-0.002408,-0.633074,-0.680497,-0.212150,0
0,0.0900,0.906842,1.088058,-0.633074,-0.248388,-0.212150,0
0,0.3000,-0.309951,-0.002408,0.125610,1.057134,1.232275,0
0,0.7300,0.548962,0.724569,-0.633074,-0.730741,-0.212150,1
0,1.0000,-1.240440,-0.729386,-0.190509,-0.695078,-0.212150,0
0,1.0000,-1.025712,-0.729386,-0.569850,0.090960,-0.212150,0
0,0.3700,-0.810984,-0.911130,-0.633074,0.090960,-0.212150,0
0,1.0000,0.405810,-0.911130,-0.633074,-1.025940,-0.934363,0
0,1.0000,-1.025712,-1.092874,-0.633074,0.090960,-0.212150,0
0,1.0000,0.405810,0.361081,-0.633074,-0.889141,-0.934363,0
0,1.0000,1.121570,-0.729386,-0.380180,-0.417337,-0.212150,0
0,1.0000,0.906842,-0.729386,0.504951,-0.763335,-0.934363,0
0,1.0000,0.548962,0.542825,-0.633074,0.634321,0.510063,1
0,0.4100,-0.954136,0.542825,-0.633074,-1.073918,-0.934363,0
0,1.0000,1.837331,-1.092874,-0.633074,-0.061769,-0.212150,0
0,0.3700,0.548962,0.361081,-0.633074,-1.025940,-0.934363,0
0,0.9300,-0.667832,-0.729386,-0.633074,-0.229566,-0.212150,0
0,0.5800,-0.309951,-0.911130,-0.633074,-1.376790,-1.656575,0
0,0.4900,-0.166799,-0.729386,-0.633074,-0.272336,-0.212150,0
0,1.0000,-0.095223,0.724569,-0.633074,-0.394443,-0.212150,0
0,1.0000,1.264722,-0.547641,-0.633074,-0.184287,-0.212150,0
0,1.0000,-1.526745,1.088058,0.252057,-2.449119,-1.656575,0
0,1.0000,0.047929,-0.002408,-0.633074,-0.361849,-0.212150,0
0,0.0700,-0.309951,-1.274619,-0.633074,-1.294751,-1.656575,0
0,1.0000,0.692114,1.451547,-0.633074,0.739864,0.510063,0
0,1.0000,1.049994,-0.002408,-0.633074,0.667324,0.510063,0
0,1.0000,-1.025712,-0.729386,0.188833,0.354429,0.510063,0
0,0.7500,1.049994,1.451547,-0.633074,0.354429,0.510063,0
0,0.8200,1.980483,0.179336,-0.633074,0.739864,0.510063,0
0,1.0000,1.622603,0.542825,-0.633074,0.685303,0.510063,0
0,1.0000,-0.095223,0.542825,-0.633074,1.183960,1.232275,0
0,1.0000,0.119505,-0.911130,-0.633074,0.868305,1.232275,0
0,0.9500,-1.669897,0.724569,3.286792,-0.276808,-0.212150,0
0,1.0000,1.193146,-0.365897,-0.633074,1.183960,1.232275,0
0,1.0000,-1.455169,-0.365897,-0.000838,-2.151292,-1.656575,0
1,1.0000,0.191081,0.361081,-0.633074,1.024469,1.232275,0
0,0.0700,-1.025712,-1.092874,-0.633074,-1.149305,-1.656575,0
0,1.0000,-0.596256,0.361081,-0.506627,-1.541854,-1.656575,0
0,1.0000,1.694179,1.088058,-0.633074,1.319981,1.232275,0
0,1.0000,1.407875,1.088058,-0.633074,-2.017543,-1.656575,0
0,1.0000,0.191081,1.269803,-0.633074,1.127535,1.232275,0
1,0.2900,1.121570,-0.365897,-0.633074,1.127535,1.232275,0
0,1.0000,2.052059,-0.547641,-0.633074,1.127535,1.232275,0
0,1.0000,0.906842,3.268991,-0.633074,-0.822529,-0.934363,0
0,0.1400,-0.381527,0.724569,-0.380180,1.127535,1.232275,0
0,1.0000,0.334233,0.724569,-0.633074,-0.835201,-0.934363,0
0,0.3600,1.264722,-0.729386,-0.127285,-1.592578,-1.656575,0
0,0.3200,-0.739408,0.906314,-0.633074,0.638359,0.510063,0
0,1.0000,-0.453103,-0.002408,-0.506627,0.197654,0.510063,0
0,1.0000,0.119505,-0.911130,-0.633074,-0.502798,-0.212150,0
0,1.0000,0.262657,-0.547641,-0.633074,-0.705026,-0.212150,0
0,0.2000,-0.238375,0.361081,-0.633074,0.788134,0.510063,0
0,1.0000,-0.238375,-0.365897,-0.506627,0.788134,0.510063,0
0,0.0300,1.980483,-1.274619,-0.633074,-0.408636,-0.212150,0
0,1.0000,2.409940,1.815036,-0.633074,-0.545683,-0.212150,0
0,0.0900,0.191081,-0.184152,-0.633074,-0.369813,-0.212150,0
0,1.0000,-0.596256,-1.092874,-0.633074,0.435683,0.510063,0
0,1.0000,-0.166799,1.451547,-0.633074,-1.648651,-1.656575,0
0,1.0000,1.049994,-0.911130,-0.633074,0.081882,-0.212150,0
0,0.4700,-0.309951,-0.729386,-0.633074,1.087217,1.232275,0
0,1.0000,0.477386,0.724569,-0.633074,-1.016843,-0.934363,0
0,1.0000,2.266788,0.906314,-0.633074,0.617019,0.510063,0
0,0.4900,-1.168864,-0.365897,-0.443403,0.872467,1.232275,0
0,1.0000,-0.453103,0.361081,-0.633074,0.639565,0.510063,0
0,1.0000,0.620538,2.723758,-0.633074,0.154518,0.510063,0
0,0.9100,-1.097288,-0.911130,-0.190509,-0.910866,-0.934363,0
0,1.0000,-0.810984,0.906314,-0.633074,-0.949171,-0.934363,0
0,1.0000,2.839396,0.361081,0.252057,-0.265697,-0.212150,0
0,1.0000,0.835266,-0.911130,-0.633074,-0.265697,-0.212150,0
0,1.0000,0.119505,-0.365897,-0.633074,-0.417337,-0.212150,0
0,0.1900,-0.882560,0.724569,-0.633074,-0.265697,-0.212150,0
0,0.2200,-0.667832,0.542825,-0.000838,1.025830,1.232275,0
0,0.6300,-0.739408,1.451547,-0.633074,-0.925859,-0.934363,0
0,1.0000,1.121570,-1.092874,-0.633074,0.669605,0.510063,0
0,1.0000,-1.383592,0.906314,1.579753,1.191981,1.232275,0
0,1.0000,-0.381527,0.361081,-0.633074,1.136602,1.232275,0
0,1.0000,-0.667832,-0.002408,-0.633074,-1.197720,-1.656575,0
0,0.7800,0.405810,0.906314,-0.316956,0.077284,-0.212150,0
0,0.3900,-0.524680,-1.274619,0.125610,0.344041,0.510063,0
0,0.5900,-0.739408,0.542825,-0.633074,0.081882,-0.212150,0
0,1.0000,-0.238375,0.906314,-0.633074,-2.151292,-1.656575,0
0,0.6100,-0.810984,0.361081,-0.633074,0.869869,1.232275,0
0,0.0300,-0.095223,-0.184152,-0.127285,0.016185,-0.212150,0
0,1.0000,1.694179,0.724569,-0.633074,-0.666304,-0.212150,0
0,0.9200,-0.882560,-0.729386,-0.633074,1.982404,1.954488,0
0,1.0000,-0.023647,0.906314,-0.633074,-0.903526,-0.934363,0
0,1.0000,-0.238375,0.179336,-0.633074,-0.154917,-0.212150,0
0,0.4400,-1.884625,1.088058,2.211990,-0.356606,-0.212150,0
0,0.7300,0.835266,-0.547641,-0.633074,-0.910866,-0.934363,0
0,1.0000,1.622603,-0.729386,-0.633074,-1.679070,-1.656575,0
0,1.0000,2.553092,1.269803,-0.633074,1.319981,1.232275,0
0,1.0000,0.334233,0.906314,-0.633074,1.319981,1.232275,0
0,0.6900,1.908907,0.361081,-0.633074,1.319981,1.232275,0
1,1.0000,0.548962,-0.547641,0.125610,0.851324,0.510063,0
0,0.2600,-1.669897,-0.911130,1.579753,0.696960,0.510063,0
0,0.0300,-0.453103,-0.911130,-0.633074,0.851324,0.510063,0
0,0.5000,0.692114,-0.184152,-0.633074,-1.149305,-1.656575,1
0,0.2800,1.765755,-0.365897,1.010741,-0.274567,-0.212150,0
0,0.1200,-0.954136,-1.092874,0.125610,0.851324,0.510063,0
0,1.0000,-0.095223,-0.547641,-0.633074,0.634321,0.510063,0
0,0.0200,-1.312016,-1.092874,2.211990,2.243436,1.954488,0
0,1.0000,1.049994,0.542825,-0.633074,0.204970,0.510063,0
0,0.9600,-0.023647,1.451547,1.895872,-0.450516,-0.212150,0
0,0.4500,1.049994,0.542825,-0.633074,-1.864439,-1.656575,0
0,1.0000,-1.168864,0.361081,0.252057,0.582421,0.510063,0
0,0.0300,-1.455169,-0.911130,1.010741,1.180340,1.232275,0
0,0.5300,-0.524680,0.542825,-0.633074,1.763663,1.954488,0
0,0.5200,0.620538,-0.547641,-0.633074,-0.680497,-0.212150,0
0,0.5400,-0.238375,-0.729386,-0.633074,-1.007898,-0.934363,0
0,0.0400,0.548962,1.088058,3.666133,-0.367145,-0.212150,0
0,0.9500,0.334233,0.542825,-0.633074,1.391703,1.232275,0
0,0.2200,0.763690,0.361081,0.757846,1.391703,1.232275,0
0,0.2400,1.193146,-0.911130,-0.633074,0.958635,1.232275,0
0,0.4900,-1.312016,-1.092874,0.757846,0.692982,0.510063,0
1,1.0000,-1.312016,0.906314,0.694622,0.359208,0.510063,0
0,1.0000,-0.524680,-0.729386,-0.633074,-1.149305,-1.656575,0
0,0.7000,2.481516,1.451547,-0.633074,-0.188075,-0.212150,0
0,1.0000,3.125701,0.361081,-0.633074,-0.910866,-0.934363,0
0,0.5000,0.262657,-0.184152,-0.633074,1.686634,1.232275,0
0,1.0000,0.262657,-0.365897,-0.633074,0.634321,0.510063,0
0,0.1900,-0.453103,-0.184152,-0.633074,0.711883,0.510063,0
0,1.0000,-1.526745,0.724569,0.252057,0.304116,0.510063,0
0,0.4200,-1.025712,0.906314,-0.633074,0.740196,0.510063,0
0,0.7000,-0.667832,0.906314,-0.380180,1.183960,1.232275,0
0,1.0000,0.262657,-0.184152,-0.633074,1.676607,1.232275,0
0,0.2400,0.692114,0.542825,-0.633074,-0.246264,-0.212150,0
0,0.4700,-0.238375,1.451547,-0.190509,-0.469525,-0.212150,0
0,1.0000,0.191081,0.361081,-0.633074,-0.685313,-0.212150,0
0,0.1400,-0.596256,0.179336,1.895872,-1.094390,-0.934363,0
0,0.6600,-0.524680,0.906314,-0.633074,-1.094390,-0.934363,0
0,0.6100,-1.312016,0.361081,0.252057,-0.386106,-0.212150,0
0,0.3700,-1.312016,-0.184152,-0.190509,-0.386106,-0.212150,0
1,0.1100,-1.383592,0.906314,0.504951,-0.311605,-0.212150,0
0,0.3600,-0.023647,-0.365897,0.252057,-0.311605,-0.212150,0
0,1.0000,1.694179,-0.184152,-0.633074,1.209046,1.232275,0
0,0.7500,1.121570,1.088058,-0.633074,-1.342443,-1.656575,0
0,1.0000,-0.524680,-0.184152,-0.633074,1.077788,1.232275,0
0,0.4900,0.906842,-0.911130,-0.633074,1.319981,1.232275,0
0,0.3300,1.694179,-0.729386,-0.633074,-1.025940,-0.934363,0
0,1.0000,-0.023647,2.360269,-0.633074,-1.495547,-1.656575,0
0,0.7500,0.334233,-0.184152,-0.633074,1.006446,1.232275,0
0,0.7400,0.405810,1.633291,1.263635,0.517386,0.510063,0
0,0.6800,1.193146,2.542013,-0.633074,0.517386,0.510063,0
0,1.0000,-0.453103,2.905502,0.125610,-0.957174,-0.934363,0
0,1.0000,-0.810984,1.451547,-0.380180,-1.126655,-1.656575,0
0,1.0000,-0.596256,0.724569,-0.633074,-1.126655,-1.656575,0
0,1.0000,0.191081,-1.092874,-0.633074,-1.473821,-1.656575,0
0,0.9800,0.334233,1.269803,-0.633074,-1.073918,-0.934363,0
0,0.9800,3.268853,1.269803,-0.633074,-2.602223,-1.656575,0
0,0.1300,2.338364,-1.092874,0.125610,-1.679070,-1.656575,0
0,0.8600,2.338364,-1.092874,-0.633074,-1.679070,-1.656575,0
0,1.0000,-1.025712,-0.547641,-0.633074,-0.007649,-0.212150,0
0,0.5500,0.763690,-0.002408,-0.633074,-0.333630,-0.212150,0
0,1.0000,-0.739408,0.724569,-0.633074,0.634321,0.510063,0
0,0.1300,-1.383592,0.724569,0.504951,-1.265177,-1.656575,0
0,0.1000,-0.524680,0.179336,1.010741,-1.326066,-1.656575,0
0,1.0000,0.405810,1.633291,-0.633074,-0.774659,-0.934363,0
0,0.8200,0.548962,-1.092874,1.263635,2.243436,1.954488,0
0,0.3000,-1.097288,0.906314,0.188833,1.504547,1.232275,0
0,1.0000,1.551027,-0.911130,-0.633074,-0.295083,-0.212150,0
0,0.5000,-0.023647,1.088058,-0.633074,0.284929,0.510063,0
0,0.4700,-1.312016,0.361081,0.504951,-1.518197,-1.656575,0
0,0.0600,-1.455169,-0.911130,0.757846,0.131043,0.510063,0
0,1.0000,-1.097288,-0.729386,-0.633074,-1.223686,-1.656575,0
0,0.0300,0.906842,-0.911130,-0.633074,-0.768967,-0.934363,0
0,0.3200,0.548962,-1.092874,-0.633074,-0.274567,-0.212150,0
1,0.4300,-0.882560,-0.365897,0.125610,1.271577,1.232275,0
0,0.6900,-1.383592,0.906314,1.263635,0.612393,0.510063,0
0,0.1800,-0.596256,1.269803,-0.633074,0.246870,0.510063,0
0,1.0000,1.765755,-0.184152,-0.633074,-0.463113,-0.212150,0
0,1.0000,1.908907,0.906314,-0.633074,-1.619876,-1.656575,0
0,0.2000,-0.739408,1.633291,0.757846,-1.910746,-1.656575,0
1,1.0000,0.477386,0.542825,-0.190509,-0.171238,-0.212150,0
0,1.0000,1.049994,1.269803,-0.633074,0.405402,0.510063,0
0,0.7200,1.193146,-0.184152,0.125610,-0.786229,-0.934363,0
0,0.9600,-0.739408,2.178524,1.895872,-1.592578,-1.656575,0
0,0.2700,-0.309951,0.542825,-0.633074,-0.502798,-0.212150,0
0,0.5600,0.405810,-1.274619,-0.633074,1.191981,1.232275,0
0,0.9800,-1.312016,0.179336,0.757846,-1.821840,-1.656575,0
0,1.0000,2.338364,1.815036,-0.633074,0.817085,0.510063,0
0,0.9300,0.620538,-0.365897,0.378504,0.671499,0.510063,0
0,0.9200,-0.667832,-0.002408,-0.633074,0.585984,0.510063,0
0,0.2500,-1.097288,1.633291,2.211990,-1.210544,-1.656575,0
0,0.1800,-0.309951,0.724569,-0.633074,0.671499,0.510063,0
0,0.4800,2.481516,-0.729386,-0.633074,1.016819,1.232275,0
0,0.6000,-1.455169,1.269803,2.211990,-0.400075,-0.212150,0
0,0.3100,-0.810984,-0.547641,-0.633074,-0.647950,-0.212150,1
0,0.0600,1.694179,1.088058,-0.190509,-0.388870,-0.212150,0
0,0.0700,-0.810984,-1.092874,-0.569850,0.575223,0.510063,0
0,0.4100,-0.810984,1.269803,-0.633074,-0.285867,-0.212150,0
0,0.7700,-0.739408,-0.002408,-0.633074,-0.285867,-0.212150,0
0,0.2200,-0.882560,0.906314,-0.380180,0.885014,1.232275,0
0,1.0000,-0.381527,-0.911130,0.757846,1.138492,1.232275,0
0,0.4000,-0.596256,1.451547,1.895872,0.332732,0.510063,0
0,0.1000,-0.810984,0.724569,-0.380180,-0.132192,-0.212150,0
0,0.1900,0.477386,0.906314,0.504951,0.332732,0.510063,0
0,0.1500,-1.097288,1.815036,1.579753,-1.473821,-1.656575,0
0,1.0000,0.405810,0.361081,-0.633074,-0.736037,-0.934363,0
1,1.0000,-1.097288,-0.365897,-0.064061,-0.710071,-0.212150,0
0,1.0000,1.193146,-0.911130,-0.633074,0.634321,0.510063,0
0,0.4900,-1.383592,0.724569,0.757846,-0.453637,-0.212150,0
0,0.9100,0.620538,0.724569,-0.633074,-0.848182,-0.934363,0
0,0.3600,0.119505,1.269803,2.211990,1.162313,1.232275,1
0,1.0000,1.121570,1.815036,-0.633074,0.788134,0.510063,0
0,0.3900,0.978418,0.361081,-0.633074,0.788134,0.510063,0
0,0.0300,0.191081,1.451547,-0.633074,-0.369813,-0.212150,0
0,0.5600,-0.954136,-1.274619,1.137188,1.242394,1.232275,0
0,1.0000,2.338364,-0.911130,-0.253732,0.877624,1.232275,0
0,0.0800,-1.669897,-0.184152,0.252057,1.249586,1.232275,0
1,0.6700,0.047929,-0.911130,-0.633074,0.307123,0.510063,0
0,0.6300,-0.095223,0.179336,-0.633074,0.490459,0.510063,0
0,1.0000,0.477386,-0.729386,-0.633074,0.739864,0.510063,0
0,0.3600,-1.312016,-0.729386,0.315280,-1.035196,-0.934363,0
0,0.4700,-0.238375,-0.911130,-0.633074,0.359208,0.510063,0
1,1.0000,0.906842,-0.365897,-0.633074,1.090668,1.232275,0
0,0.5300,-1.025712,0.361081,-0.000838,0.638359,0.510063,0
0,0.7400,-0.739408,0.361081,-0.190509,0.995045,1.232275,0
0,1.0000,0.477386,-0.184152,-0.633074,-1.359339,-1.656575,0
0,0.2000,-0.095223,1.451547,1.895872,-0.680497,-0.212150,0
0,0.1100,-0.453103,1.088058,-0.190509,-0.661656,-0.212150,0
0,0.3300,-0.954136,-0.002408,0.125610,1.345724,1.232275,0
0,0.2600,-1.312016,0.906314,1.263635,-0.690173,-0.212150,0
0,1.0000,-0.023647,-0.002408,1.073964,0.662349,0.510063,0
0,1.0000,0.763690,-0.365897,-0.633074,0.595660,0.510063,0
0,0.1300,0.692114,0.361081,-0.633074,-1.310178,-1.656575,0
0,1.0000,-1.312016,0.179336,1.579753,0.662733,0.510063,0
0,1.0000,1.407875,0.542825,-0.633074,-1.592578,-1.656575,0
0,0.1300,-0.810984,0.906314,1.579753,-0.541974,-0.212150,0
0,0.9100,0.191081,0.724569,-0.633074,0.212186,0.510063,0
0,0.7300,-1.240440,1.996780,-0.380180,-0.229566,-0.212150,0
0,0.9300,-0.882560,-0.365897,-0.633074,-0.630209,-0.212150,0
0,0.0200,0.692114,1.451547,-0.633074,0.406647,0.510063,0
0,0.0600,-0.238375,0.542825,-0.000838,-0.295083,-0.212150,0
0,0.2600,-1.025712,-0.547641,-0.190509,-0.768967,-0.934363,0
0,0.2400,-1.025712,-0.547641,-0.633074,-0.752247,-0.934363,0
0,0.2400,-0.954136,-1.274619,-0.633074,1.238631,1.232275,0
0,0.9300,-0.524680,1.815036,-0.633074,-1.376790,-1.656575,0
0,0.5200,-0.739408,-0.729386,-0.633074,-2.017543,-1.656575,0
0,1.0000,-1.025712,-0.184152,-0.380180,-0.661656,-0.212150,0
0,0.1800,-1.097288,0.179336,1.010741,-1.035196,-0.934363,0
0,0.4700,-0.954136,0.906314,1.895872,0.424979,0.510063,0
0,0.3800,-1.598321,-0.002408,2.211990,0.517386,0.510063,0
0,0.9500,-1.741473,-0.184152,2.211990,-1.782400,-1.656575,0
0,1.0000,-0.166799,-0.002408,-0.633074,-0.472760,-0.212150,0
0,0.5800,0.262657,0.542825,-0.633074,-0.568495,-0.212150,0
0,1.0000,1.193146,-0.547641,-0.633074,1.191981,1.232275,0
0,0.9800,-0.023647,-0.002408,-0.633074,1.676607,1.232275,0
0,0.1400,-0.524680,1.996780,0.252057,1.631396,1.232275,0
0,1.0000,-1.097288,-0.911130,-0.380180,0.922625,1.232275,0
0,0.0500,0.763690,-0.184152,1.073964,-0.453637,-0.212150,0
0,0.3100,-1.312016,-0.729386,1.895872,1.271577,1.232275,0
0,1.0000,0.047929,-0.911130,-0.633074,-1.237160,-1.656575,0
0,0.5200,-0.810984,-0.729386,-0.633074,-0.798056,-0.934363,0
0,0.0700,-0.954136,0.361081,-0.000838,1.025830,1.232275,0
0,1.0000,-1.669897,-0.365897,1.895872,-0.685313,-0.212150,0
0,0.1500,-0.667832,2.723758,-0.633074,0.332732,0.510063,0
0,0.2400,-1.312016,-0.002408,1.263635,-0.657048,-0.212150,0
0,0.2500,0.405810,1.451547,-0.633074,0.332732,0.510063,0
0,1.0000,-1.097288,0.724569,1.579753,-0.509710,-0.212150,0
0,0.6700,1.407875,1.088058,1.895872,-1.910746,-1.656575,0
0,0.4100,-1.240440,0.179336,1.263635,0.503575,0.510063,0
0,0.4900,1.479451,-0.184152,-0.633074,-0.572394,-0.212150,0
0,0.6700,-0.095223,0.542825,-0.380180,-0.918310,-0.934363,0
0,0.4000,-1.455169,-1.274619,1.895872,-0.600517,-0.212150,0
0,0.2100,1.336299,0.361081,-0.633074,0.739864,0.510063,0
0,1.0000,1.049994,-0.729386,-0.633074,0.204970,0.510063,0
0,1.0000,-1.025712,-0.184152,-0.569850,1.127535,1.232275,0
0,0.8100,0.692114,-1.274619,-0.633074,1.127535,1.232275,0
0,1.0000,-0.739408,0.724569,-0.633074,0.178913,0.510063,0
0,1.0000,-0.739408,0.724569,-0.633074,0.178913,0.510063,0
0,1.0000,1.193146,1.269803,-0.633074,0.359208,0.510063,0
0,0.6700,-1.240440,-1.092874,-0.064061,0.417722,0.510063,0
0,1.0000,0.548962,-0.365897,-0.569850,1.625512,1.232275,0
0,0.5400,-1.526745,0.906314,2.528108,0.137267,0.510063,0
0,0.9800,-1.455169,1.269803,0.757846,-0.235766,-0.212150,0
0,0.2100,-0.667832,1.815036,0.125610,1.625512,1.232275,0
0,0.0900,1.264722,-0.729386,-0.633074,-1.172962,-1.656575,0
0,0.1600,0.047929,1.815036,1.010741,1.077788,1.232275,0
0,1.0000,1.049994,-1.092874,-0.633074,1.319981,1.232275,0
0,1.0000,-0.309951,-0.547641,-0.633074,0.851863,0.510063,0
0,0.1000,-1.240440,1.088058,0.504951,0.495218,0.510063,0
0,0.3000,-0.166799,1.996780,-0.633074,0.582421,0.510063,0
0,0.8200,-0.667832,-0.547641,0.757846,-0.523809,-0.212150,0
0,0.5600,0.262657,1.815036,-0.633074,-0.523809,-0.212150,0
0,0.3700,-0.238375,1.269803,-0.633074,-0.333630,-0.212150,0
1,0.2800,0.119505,-1.274619,-0.633074,0.190237,0.510063,0
0,1.0000,-0.667832,-0.365897,2.211990,0.595224,0.510063,0
0,1.0000,2.266788,-0.002408,0.378504,-1.473821,-1.656575,0
0,1.0000,-1.025712,1.088058,-0.000838,-0.868268,-0.934363,0
0,0.3000,-0.524680,-0.002408,-0.633074,-1.007898,-0.934363,1
0,0.6800,-1.669897,-0.729386,1.579753,-1.250984,-1.656575,0
0,0.4900,-1.669897,1.088058,1.579753,-1.237160,-1.656575,0
0,0.5500,0.620538,-1.092874,-0.633074,-0.209404,-0.212150,0
0,0.8600,0.548962,1.996780,-0.633074,0.578384,0.510063,0
1,0.8000,-0.166799,-0.729386,0.125610,0.578384,0.510063,0
0,0.6400,0.405810,-0.547641,-0.633074,0.186489,0.510063,0
1,1.0000,0.119505,-0.547641,-0.633074,1.222234,1.232275,0
0,1.0000,0.978418,1.088058,-0.633074,1.191981,1.232275,0
0,1.0000,0.835266,-0.729386,-0.633074,1.191981,1.232275,0
0,1.0000,-0.023647,-0.184152,1.263635,1.191981,1.232275,0
0,0.2000,-0.954136,1.815036,-0.633074,-0.592329,-0.212150,0
0,0.1000,-0.023647,1.269803,-0.633074,0.503575,0.510063,0
0,0.4100,-1.598321,-0.365897,0.252057,0.634321,0.510063,0
0,1.0000,-0.309951,0.179336,-0.633074,-1.961470,-1.656575,0
0,0.4400,-1.526745,1.088058,2.211990,-1.210544,-1.656575,0
0,1.0000,0.405810,0.179336,-0.633074,0.246870,0.510063,0
0,1.0000,-0.381527,-0.365897,-0.633074,-0.774659,-0.934363,0
0,1.0000,0.191081,0.361081,0.757846,0.622435,0.510063,0
0,1.0000,-0.453103,0.361081,-0.633074,0.569302,0.510063,0
0,0.8000,0.262657,-1.092874,-0.633074,0.739864,0.510063,0
0,0.4600,-0.810984,-1.274619,-0.190509,0.329867,0.510063,0
0,0.7600,-1.312016,-0.184152,1.895872,0.329867,0.510063,0
0,0.0900,1.551027,1.269803,-0.633074,0.329867,0.510063,0
0,1.0000,1.407875,-0.365897,-0.633074,-1.473821,-1.656575,0
0,1.0000,-0.524680,-0.547641,-0.633074,-0.848182,-0.934363,0
0,0.6100,0.835266,0.542825,-0.633074,-1.910746,-1.656575,1
0,0.5800,0.262657,-0.729386,-0.633074,1.170960,1.232275,0
0,1.0000,-1.669897,0.179336,2.907450,-0.314007,-0.212150,0
0,0.6300,-1.598321,-0.547641,1.263635,-0.690173,-0.212150,0
1,1.0000,1.264722,-0.365897,-0.506627,-0.331137,-0.212150,0
0,0.4500,-0.739408,-0.729386,0.757846,0.773046,0.510063,0
0,0.8100,0.047929,1.269803,-0.633074,-1.310178,-1.656575,0
0,0.2800,-0.453103,-0.729386,-0.633074,0.226332,0.510063,0
1,1.0000,-0.810984,-0.365897,-0.190509,0.600433,0.510063,0
0,0.6600,1.622603,-0.911130,-0.633074,0.246870,0.510063,0
1,0.4100,-1.097288,0.361081,0.125610,0.163430,0.510063,0
0,1.0000,-0.667832,0.542825,-0.633074,1.676607,1.232275,0
0,0.0700,-0.453103,1.633291,0.568175,-0.949171,-0.934363,0
0,0.4000,-0.596256,1.633291,-0.190509,-0.584265,-0.212150,0
0,0.0700,-0.166799,1.269803,-0.633074,-1.473821,-1.656575,0
1,0.3300,-0.381527,-0.002408,-0.633074,-0.973550,-0.934363,0
0,0.0300,-0.954136,-0.547641,0.441728,-0.209404,-0.212150,0
0,0.1600,-0.810984,-0.729386,-0.633074,-1.394832,-1.656575,0
0,1.0000,-0.954136,-0.911130,-0.633074,0.478101,0.510063,0
0,0.5500,-0.453103,0.179336,0.252057,0.008358,-0.212150,0
0,0.7000,0.119505,0.724569,-0.633074,-0.147821,-0.212150,0
0,1.0000,-0.453103,-1.092874,-0.633074,0.712583,0.510063,0
0,0.0500,-0.023647,0.724569,1.010741,1.149536,1.232275,0
0,0.9900,-0.954136,-0.911130,-0.000838,-0.705026,-0.212150,0
0,0.1200,1.765755,-1.274619,-0.633074,0.634321,0.510063,0
0,1.0000,-1.669897,-1.092874,1.263635,0.634321,0.510063,0
0,0.5300,0.262657,1.451547,-0.633074,-0.154917,-0.212150,0
1,0.8300,-1.312016,1.633291,1.263635,0.667324,0.510063,0
1,1.0000,-0.453103,0.906314,-0.633074,0.783867,0.510063,0
0,1.0000,0.692114,0.724569,-0.633074,-0.336134,-0.212150,0
0,0.0700,-0.095223,1.269803,-0.633074,0.490459,0.510063,0
0,0.9500,0.047929,1.633291,-0.633074,-0.137351,-0.212150,0
0,0.4700,-0.667832,0.179336,-0.253732,0.517386,0.510063,0
0,0.3500,0.334233,1.451547,-0.633074,-2.017543,-1.656575,0
0,0.1800,1.622603,0.906314,-0.633074,-1.711335,-1.656575,0
0,0.6600,-1.383592,-0.547641,0.504951,-0.405767,-0.212150,0
0,0.8300,1.837331,-1.274619,-0.633074,-1.473821,-1.656575,0
0,0.0500,1.049994,-0.365897,-0.633074,-0.154917,-0.212150,0
0,1.0000,-0.309951,0.361081,-0.633074,1.020952,1.232275,0
0,0.4200,-1.383592,-0.002408,-0.000838,1.191981,1.232275,0
0,0.4000,0.262657,-0.729386,-0.633074,-0.523809,-0.212150,0
0,0.4300,-0.166799,-0.911130,-0.633074,-0.021366,-0.212150,0
1,0.3700,0.262657,-0.002408,-0.633074,0.228943,0.510063,0
0,0.7100,-1.741473,1.269803,1.579753,0.582867,0.510063,0
0,0.1200,-0.166799,-1.092874,-0.633074,0.113000,-0.212150,0
0,0.8900,0.119505,-1.092874,-0.633074,-1.541854,-1.656575,0
0,0.6100,-0.810984,1.996780,2.211990,-0.786229,-0.934363,0
0,1.0000,-0.954136,-0.911130,-0.633074,-0.786229,-0.934363,0
0,0.7100,-1.312016,0.906314,1.263635,1.391703,1.232275,0
0,0.3600,-1.526745,-1.092874,1.010741,1.009660,1.232275,0
0,0.3400,0.334233,0.906314,0.504951,0.137267,0.510063,0
0,0.1300,-1.598321,0.724569,1.895872,0.871689,1.232275,0
0,0.5800,-1.240440,0.542825,-0.190509,-1.619876,-1.656575,0
0,0.1800,-1.526745,-0.911130,1.895872,2.243436,1.954488,0
0,0.8100,-0.739408,1.815036,2.211990,0.517386,0.510063,0
0,0.0700,-1.168864,-0.729386,0.252057,-0.154917,-0.212150,0
0,0.3000,-1.240440,0.179336,0.757846,0.406647,0.510063,0
0,0.4200,-1.383592,-1.092874,2.907450,0.315305,0.510063,0
0,0.3400,-0.596256,0.906314,-0.000838,1.020952,1.232275,0
0,0.4400,-1.168864,1.996780,-0.127285,-1.473821,-1.656575,0
0,0.7500,-0.309951,1.088058,2.528108,1.025830,1.232275,0
1,0.1700,1.479451,-0.002408,-0.190509,-0.700029,-0.212150,0
0,0.8900,1.193146,1.088058,-0.633074,-0.736037,-0.934363,0
0,0.3900,-1.240440,-0.911130,-0.633074,-0.630209,-0.212150,0
0,0.8100,-1.312016,1.088058,-0.000838,0.103195,-0.212150,0
0,0.6800,-1.240440,0.179336,-0.000838,1.242394,1.232275,0
0,0.7500,-1.455169,-0.729386,2.211990,-1.711335,-1.656575,0
0,0.4100,-1.168864,0.906314,-0.380180,-0.520249,-0.212150,0
0,0.2000,-0.810984,-1.092874,-0.633074,0.163430,0.510063,0
0,0.2000,0.620538,-1.092874,-0.633074,-1.104929,-0.934363,0
0,0.6300,0.191081,-1.274619,-0.633074,-1.864439,-1.656575,0
0,1.0000,-1.383592,1.996780,0.757846,1.243944,1.232275,0
0,0.2400,-1.240440,0.361081,0.757846,-1.210544,-1.656575,0
0,0.3100,-0.166799,1.269803,1.010741,0.051260,-0.212150,0
0,0.0900,-1.025712,-0.911130,-0.380180,0.077284,-0.212150,0
0,0.7000,-0.309951,-0.184152,-0.633074,0.202238,0.510063,1
0,0.8000,-0.524680,-1.092874,-0.633074,1.191981,1.232275,0
0,0.2300,-0.023647,-0.002408,-0.633074,-0.639006,-0.212150,0
0,0.2300,-0.309951,1.088058,2.211990,-0.007649,-0.212150,0
0,0.2100,-0.453103,1.451547,-0.633074,-0.469525,-0.212150,0
0,0.4600,-0.954136,0.179336,1.010741,0.634321,0.510063,0
0,0.7500,-0.309951,-0.729386,-0.253732,0.517890,0.510063,0
0,0.6400,0.405810,-1.274619,0.252057,0.685303,0.510063,0
0,0.4600,-1.097288,1.269803,-0.633074,-1.185197,-1.656575,0
0,0.0600,-1.598321,1.633291,2.528108,1.319981,1.232275,0
0,0.4300,-1.598321,1.633291,2.528108,1.319981,1.232275,0
0,0.0700,-0.667832,2.178524,0.757846,1.319981,1.232275,0
0,0.5500,-0.095223,0.724569,-0.633074,-0.576322,-0.212150,0
0,0.2500,0.405810,1.269803,-0.633074,-0.336134,-0.212150,0
0,0.2600,-0.524680,-1.092874,-0.633074,0.927554,1.232275,0
0,0.1600,-1.741473,0.906314,2.211990,-0.417337,-0.212150,0
0,0.1900,-1.884625,0.179336,2.528108,1.319981,1.232275,0
1,0.4100,0.978418,-0.365897,0.821070,-1.473821,-1.656575,0
0,0.5000,0.119505,0.724569,-0.633074,-0.545683,-0.212150,0
0,0.9100,-0.667832,-0.365897,-0.633074,-0.469525,-0.212150,0
0,0.2100,0.262657,0.724569,-0.633074,1.149536,1.232275,0
0,0.2600,-1.813049,-0.365897,1.579753,-0.031183,-0.212150,0
0,0.0900,-0.453103,1.996780,-0.633074,-2.080227,-1.656575,0
0,0.2300,-1.813049,-1.092874,2.211990,-1.210544,-1.656575,0
0,0.2800,-0.596256,1.088058,-0.633074,-0.276808,-0.212150,0
0,0.1100,-1.025712,-0.547641,-0.633074,-1.541854,-1.656575,0
0,0.3100,-1.025712,0.906314,1.010741,0.634321,0.510063,0
0,0.4200,0.262657,0.542825,-0.633074,0.627386,0.510063,0
0,0.1400,-1.598321,0.724569,1.263635,-0.675724,-0.212150,0
0,0.4400,-1.383592,0.179336,-0.633074,0.361243,0.510063,0
1,0.5900,-1.669897,0.906314,3.286792,-0.014463,-0.212150,0
0,0.3300,-1.312016,0.724569,0.125610,1.020952,1.232275,0
0,0.4500,1.980483,0.906314,-0.633074,-0.822529,-0.934363,0
0,0.3000,-0.667832,0.542825,-0.633074,-0.705026,-0.212150,0
0,0.2200,2.123635,-1.092874,-0.633074,0.149502,0.510063,0
0,0.0500,0.047929,-1.092874,-0.633074,-1.016843,-0.934363,0
0,0.8000,-0.309951,-1.274619,-0.633074,-2.151292,-1.656575,0
0,0.0600,0.119505,1.088058,-0.316956,-2.151292,-1.656575,0
0,0.2100,-0.309951,1.269803,-0.633074,-1.044616,-0.934363,0
0,0.3300,-1.813049,1.088058,2.528108,0.008358,-0.212150,0
0,0.4100,0.548962,-0.911130,-0.633074,-0.705026,-0.212150,0
0,0.4200,0.262657,-0.729386,-0.633074,-0.244148,-0.212150,0
0,1.0000,-0.309951,0.361081,-0.633074,-1.376790,-1.656575,0
0,1.0000,-0.309951,0.179336,-0.633074,-1.473821,-1.656575,0
0,1.0000,1.336299,1.633291,-0.633074,-1.432863,-1.656575,0
0,0.1900,-0.381527,0.906314,-0.569850,-0.331137,-0.212150,0
0,0.3400,0.477386,0.179336,-0.633074,-1.094390,-0.934363,0
0,1.0000,-0.882560,-0.002408,-0.633074,0.329867,0.510063,1
1,1.0000,0.620538,0.906314,0.315280,0.113000,-0.212150,0
0,0.3200,0.119505,0.906314,-0.633074,1.243944,1.232275,0
0,0.1300,2.553092,-0.911130,-0.633074,-0.568495,-0.212150,0
0,1.0000,-0.453103,1.996780,-0.633074,-1.782400,-1.656575,0
0,1.0000,1.049994,0.179336,-0.633074,-0.309213,-0.212150,0
0,0.9800,1.336299,-0.729386,-0.633074,-1.473821,-1.656575,0
0,1.0000,0.047929,-0.729386,-0.633074,-0.613040,-0.212150,0
0,1.0000,0.262657,0.179336,-0.633074,-0.592329,-0.212150,0
0,1.0000,0.477386,1.088058,-0.633074,-0.774659,-0.934363,0
0,1.0000,1.479451,2.178524,-0.633074,-0.553179,-0.212150,0
0,0.2500,0.119505,1.088058,-0.633074,-1.413508,-1.656575,0
0,1.0000,1.622603,-1.092874,-0.633074,0.282579,0.510063,0
0,0.4400,0.477386,-0.547641,-0.633074,0.622435,0.510063,0
0,1.0000,0.047929,-1.092874,-0.633074,0.143420,0.510063,0
1,1.0000,2.052059,1.633291,0.125610,-0.786229,-0.934363,0
0,1.0000,2.481516,0.361081,-0.633074,0.200410,0.510063,0
0,0.7800,-0.524680,-0.729386,-0.633074,0.423174,0.510063,0
0,1.0000,1.622603,-0.911130,-0.633074,1.012854,1.232275,0
0,0.0400,0.763690,-1.274619,-0.633074,1.715254,1.954488,0
0,1.0000,2.481516,1.633291,-0.633074,-0.435178,-0.212150,0
0,1.0000,-0.238375,1.451547,-0.633074,-2.017543,-1.656575,0
0,0.0300,-0.667832,-0.729386,-0.633074,-1.104929,-0.934363,0
0,1.0000,1.551027,0.179336,-0.633074,-0.331137,-0.212150,0
0,0.2300,1.336299,-1.274619,-0.633074,-0.295083,-0.212150,0
0,0.4300,1.049994,-0.002408,-0.633074,0.270673,0.510063,0
0,1.0000,1.264722,-0.002408,-0.633074,1.208081,1.232275,0
0,1.0000,2.052059,1.088058,-0.633074,1.631396,1.232275,0
0,1.0000,0.620538,-0.547641,-0.633074,1.579313,1.232275,0
0,1.0000,1.121570,0.179336,-0.633074,0.634321,0.510063,0
0,1.0000,-0.524680,-0.184152,-0.633074,-0.841652,-0.934363,0
0,1.0000,-0.739408,0.361081,-0.633074,-0.160302,-0.212150,0
0,1.0000,0.906842,-0.547641,-0.633074,-0.122022,-0.212150,0
0,1.0000,-0.238375,0.542825,-0.633074,-0.695078,-0.212150,0
0,0.2300,-0.810984,0.542825,0.252057,-1.394832,-1.656575,0
0,1.0000,-0.238375,2.542013,-0.633074,-0.041184,-0.212150,0
0,1.0000,0.191081,-0.184152,-0.633074,-0.502798,-0.212150,0
0,1.0000,0.191081,-0.547641,-0.633074,-0.957174,-0.934363,0
0,1.0000,1.121570,-1.092874,-0.633074,-1.294751,-1.656575,0
0,0.4300,-0.810984,-1.274619,-0.633074,-0.189979,-0.212150,0
0,0.2600,-0.309951,0.906314,-0.380180,1.243944,1.232275,0
0,0.8600,-0.453103,-1.274619,-0.633074,0.992776,1.232275,0
0,1.0000,0.191081,-0.002408,-0.633074,-0.046985,-0.212150,0
1,1.0000,2.338364,-0.911130,6.195079,0.578384,0.510063,0
0,1.0000,-0.453103,0.179336,-0.000838,1.243944,1.232275,0
0,0.2100,-0.309951,-0.002408,-0.633074,0.480271,0.510063,0
0,1.0000,-0.023647,0.724569,-0.633074,-0.135626,-0.212150,1
0,1.0000,0.835266,-0.365897,-0.633074,-1.197720,-1.656575,0
0,1.0000,-0.166799,1.815036,-0.633074,-0.195733,-0.212150,0
0,0.5600,-0.524680,1.633291,1.579753,-0.643459,-0.212150,0
0,1.0000,2.338364,1.269803,-0.633074,-0.311605,-0.212150,0
0,1.0000,2.266788,1.088058,-0.633074,-1.910746,-1.656575,0
0,0.2500,-0.596256,0.906314,0.504951,1.539038,1.232275,0
0,0.1000,1.049994,0.542825,-0.633074,0.008358,-0.212150,0
0,1.0000,-0.810984,0.724569,-0.633074,0.229810,0.510063,0
0,0.4900,-0.095223,1.269803,-0.633074,-1.910746,-1.656575,0
0,1.0000,0.047929,0.361081,-0.633074,-0.184287,-0.212150,0
0,1.0000,1.336299,1.269803,-0.633074,-1.161002,-1.656575,0
0,0.2700,0.047929,-0.002408,-0.633074,0.008358,-0.212150,0
0,0.5200,-0.238375,-0.911130,-0.633074,-0.041184,-0.212150,0
0,1.0000,-0.309951,0.724569,-0.633074,-0.063270,-0.212150,0
0,0.3500,-0.524680,-0.911130,-0.633074,-0.469525,-0.212150,0
0,1.0000,1.622603,-0.002408,-0.316956,-0.918310,-0.934363,0
0,0.2600,-1.025712,-0.911130,-0.633074,-0.302101,-0.212150,0
0,0.1300,2.123635,1.633291,-0.633074,1.651852,1.232275,0
0,1.0000,1.193146,0.179336,-0.633074,-0.331137,-0.212150,0
0,0.9100,-0.453103,1.815036,1.263635,-1.223686,-1.656575,0
0,0.6800,0.692114,0.906314,-0.633074,-0.154917,-0.212150,0
0,0.5900,0.548962,-1.274619,-0.506627,-0.450516,-0.212150,0
0,0.2400,-0.596256,0.361081,-0.633074,-0.889141,-0.934363,0
0,1.0000,0.835266,1.451547,-0.633074,0.689705,0.510063,0
0,1.0000,-0.596256,-0.002408,-0.253732,1.243944,1.232275,0
0,1.0000,0.334233,3.268991,-0.633074,-1.185197,-1.656575,0
0,0.7700,0.835266,-0.365897,-0.633074,-0.657048,-0.212150,0
0,1.0000,-1.025712,1.633291,-0.190509,-1.452948,-1.656575,0
0,0.3600,-0.238375,-1.274619,-0.633074,-0.804070,-0.934363,0
0,1.0000,-0.954136,0.542825,-0.633074,0.712583,0.510063,0
0,0.3100,1.193146,1.633291,-0.633074,-0.973550,-0.934363,0
0,1.0000,-0.882560,0.179336,-0.633074,1.391703,1.232275,0
0,0.2400,-0.453103,0.179336,-0.633074,-0.657048,-0.212150,0
0,0.6300,1.407875,-1.092874,1.579753,-0.176791,-0.212150,0
0,1.0000,-0.453103,0.542825,-0.633074,-0.949171,-0.934363,0
0,0.9000,-0.810984,-0.911130,0.252057,0.143420,0.510063,0
0,0.2100,0.835266,1.633291,-0.633074,0.194885,0.510063,0
0,0.1000,-0.739408,-0.184152,-0.633074,0.143420,0.510063,0
0,1.0000,0.978418,1.269803,-0.633074,-0.377897,-0.212150,0
0,1.0000,-1.097288,-0.729386,-0.253732,0.040236,-0.212150,0
0,1.0000,-0.882560,0.724569,1.263635,-1.161002,-1.656575,0
0,0.2800,0.334233,0.361081,0.757846,-1.035196,-0.934363,0
0,0.6700,-0.954136,0.724569,0.504951,0.008358,-0.212150,0
0,1.0000,-1.025712,-0.547641,0.188833,-1.745682,-1.656575,0
0,1.0000,0.692114,-0.911130,-0.633074,-1.237160,-1.656575,0
0,1.0000,0.620538,-0.365897,-0.633074,1.631396,1.232275,0
0,0.4100,-1.025712,-0.547641,0.694622,-0.634589,-0.212150,1
0,1.0000,0.548962,0.542825,-0.000838,0.641968,0.510063,0
0,0.5400,0.047929,-0.184152,-0.633074,-0.321281,-0.212150,0
0,1.0000,-0.453103,0.179336,-0.633074,0.480271,0.510063,0
0,0.0900,-0.381527,0.542825,-0.569850,-1.237160,-1.656575,0
1,1.0000,-1.168864,-0.547641,2.211990,0.842900,0.510063,0
0,1.0000,-0.524680,0.179336,-0.633074,-0.225472,-0.212150,0
0,0.4200,-1.097288,-0.184152,-0.633074,0.332732,0.510063,0
0,1.0000,-0.453103,-0.184152,-0.380180,0.184605,0.510063,0
0,1.0000,0.978418,0.542825,1.895872,2.243436,1.954488,0
0,0.8400,-0.238375,1.088058,2.528108,-0.786229,-0.934363,0
0,1.0000,0.477386,-0.002408,-0.633074,-1.149305,-1.656575,0
0,1.0000,-1.168864,-0.184152,-0.380180,-0.841652,-0.934363,0
1,1.0000,1.336299,2.723758,1.263635,-0.295083,-0.212150,0
0,0.5600,1.407875,-0.911130,-0.506627,-0.973550,-0.934363,0
1,1.0000,0.405810,-0.729386,-0.633074,-0.592329,-0.212150,0
0,1.0000,-1.097288,0.906314,-0.064061,-1.648651,-1.656575,0
0,0.5700,1.622603,-0.547641,-0.633074,0.958635,1.232275,0
0,1.0000,0.405810,0.361081,-0.633074,-0.999101,-0.934363,0
0,0.0400,1.121570,-0.911130,-0.633074,-1.063971,-0.934363,0
0,1.0000,0.692114,0.542825,-0.633074,-0.000921,-0.212150,0
0,0.7800,-0.739408,-0.547641,-0.633074,-1.592578,-1.656575,0
0,1.0000,-1.025712,-0.547641,1.895872,-0.786229,-0.934363,0
0,1.0000,-0.166799,0.542825,-0.633074,0.065612,-0.212150,0
0,0.7300,-0.309951,-0.547641,-0.633074,-1.711335,-1.656575,0
0,1.0000,0.262657,-0.547641,-0.633074,-0.523809,-0.212150,0
0,0.2400,0.906842,-1.274619,-0.633074,-1.025940,-0.934363,0
0,1.0000,-0.667832,-0.547641,-0.633074,0.598703,0.510063,0
0,0.4900,-1.097288,1.815036,-0.380180,-2.017543,-1.656575,0
0,1.0000,-0.882560,0.724569,0.252057,-1.495547,-1.656575,0
0,1.0000,0.334233,0.906314,-0.190509,1.631396,1.232275,0
0,0.3200,-1.312016,1.088058,2.528108,0.480271,0.510063,0
0,1.0000,0.191081,0.179336,-0.633074,-1.566612,-1.656575,0
0,0.7000,0.047929,-0.002408,-0.633074,-0.786229,-0.934363,0
0,0.6700,-0.954136,-0.184152,-0.633074,-1.394832,-1.656575,0
0,0.5200,0.191081,-0.184152,-0.633074,-0.695078,-0.212150,0
0,1.0000,0.334233,-0.365897,-0.633074,-1.452948,-1.656575,0
0,0.8300,-0.095223,-0.547641,1.390082,-1.432863,-1.656575,0
0,1.0000,1.336299,0.724569,-0.633074,-0.768967,-0.934363,0
0,1.0000,-0.810984,0.542825,-0.380180,0.640367,0.510063,0
0,0.9600,-0.810984,-1.092874,-0.633074,0.699835,0.510063,0
0,0.9000,-0.954136,-1.092874,-0.633074,-0.556967,-0.212150,0
0,1.0000,1.980483,-0.911130,-0.633074,-0.786229,-0.934363,0
0,1.0000,-0.023647,0.724569,-0.633074,-2.017543,-1.656575,0
0,1.0000,-0.453103,1.451547,-0.633074,-0.725498,-0.212150,0
0,1.0000,1.622603,-0.184152,0.504951,-1.541854,-1.656575,0
0,0.5400,-0.667832,0.179336,-0.633074,1.183960,1.232275,0
0,1.0000,0.262657,0.906314,-0.633074,-1.342443,-1.656575,0
0,0.1600,-0.810984,-0.002408,-0.633074,-0.763335,-0.934363,0
0,0.1000,0.978418,-0.911130,-0.633074,0.732500,0.510063,0
0,0.4900,2.767820,2.178524,-0.633074,0.789953,0.510063,1
0,0.3700,0.763690,1.633291,1.010741,-0.705026,-0.212150,0
0,0.0400,0.262657,2.360269,0.125610,0.387661,0.510063,0
0,0.8900,0.835266,0.906314,-0.506627,-0.868268,-0.934363,1
0,1.0000,-0.524680,-0.002408,-0.633074,-1.745682,-1.656575,0
0,0.3200,-0.882560,0.724569,-0.000838,0.167343,0.510063,0
0,0.4800,-0.596256,1.451547,-0.190509,0.992776,1.232275,0
0,1.0000,-0.309951,1.088058,-0.633074,-1.566612,-1.656575,0
1,0.9000,2.052059,1.088058,-0.633074,0.872467,1.232275,1
0,1.0000,-0.095223,-1.092874,-0.633074,-0.572394,-0.212150,0
0,0.8100,-0.810984,1.996780,-0.633074,-0.564625,-0.212150,0
0,1.0000,0.620538,-0.547641,-0.633074,-0.469525,-0.212150,0
0,0.4500,-0.882560,-1.274619,-0.633074,0.634321,0.510063,0
0,0.0200,0.906842,-0.365897,-0.633074,-0.283588,-0.212150,0
0,0.4500,-1.526745,-0.184152,8.724025,0.350298,0.510063,0
0,0.7600,1.479451,-1.092874,2.211990,1.828194,1.954488,0
0,0.0600,-1.168864,0.724569,-0.000838,-1.495547,-1.656575,0
0,1.0000,-1.025712,1.451547,-0.569850,-0.137351,-0.212150,0
0,1.0000,-0.810984,-0.729386,-0.633074,-1.126655,-1.656575,0
0,0.2600,0.906842,0.542825,-0.633074,-0.028360,-0.212150,0
0,0.5800,1.837331,1.088058,-0.633074,0.885014,1.232275,0
0,0.4500,1.551027,1.088058,-0.633074,-0.652480,-0.212150,0
0,1.0000,0.906842,1.451547,-0.190509,-0.205462,-0.212150,0
0,1.0000,-0.810984,-0.002408,0.504951,1.077788,1.232275,1
0,1.0000,0.906842,-0.729386,-0.633074,-0.675724,-0.212150,0
0,0.5000,-1.312016,-0.365897,0.504951,-0.154917,-0.212150,0
0,1.0000,-1.168864,-0.184152,0.441728,1.127535,1.232275,0
0,1.0000,1.336299,-0.002408,-0.633074,0.570674,0.510063,0
0,0.0500,2.123635,-1.274619,-0.633074,0.008358,-0.212150,0
0,0.3400,-0.166799,1.633291,-0.633074,-1.237160,-1.656575,0
0,1.0000,-1.168864,-0.547641,0.252057,0.634321,0.510063,0
0,0.6100,-0.309951,1.269803,0.504951,0.638359,0.510063,0
0,1.0000,-0.309951,1.088058,-0.506627,-0.941286,-0.934363,0
0,1.0000,-0.882560,-0.002408,-0.633074,-0.057291,-0.212150,0
0,1.0000,-0.882560,-0.365897,-0.253732,-1.007898,-0.934363,0
0,0.0300,-1.383592,-0.547641,-0.000838,-0.861488,-0.934363,0
0,0.6100,1.121570,1.451547,-0.633074,1.664403,1.232275,0
0,1.0000,0.191081,0.179336,0.441728,-0.417337,-0.212150,0
0,1.0000,-0.596256,1.088058,-0.064061,0.008358,-0.212150,1
0,1.0000,1.049994,1.996780,-0.633074,-0.435178,-0.212150,0
0,1.0000,-0.166799,0.361081,-0.633074,-0.450516,-0.212150,0
0,1.0000,1.765755,-0.729386,-0.633074,-0.513200,-0.212150,0
0,1.0000,-0.739408,-0.184152,-0.633074,-0.447413,-0.212150,0
0,1.0000,0.047929,-0.911130,-0.633074,-1.961470,-1.656575,0
0,0.7400,-0.810984,-0.911130,-0.190509,0.719535,0.510063,0
1,1.0000,2.052059,-0.002408,-0.633074,-0.295083,-0.212150,0
0,1.0000,0.835266,-1.092874,-0.633074,-1.035196,-0.934363,0
0,0.4300,0.477386,-1.092874,-0.633074,0.921445,1.232275,0
0,1.0000,1.336299,-0.184152,-0.633074,-0.786229,-0.934363,0
0,0.0700,-0.309951,0.179336,-0.633074,-1.782400,-1.656575,0
0,1.0000,-0.810984,-0.365897,-0.633074,-1.326066,-1.656575,0
0,1.0000,0.191081,2.905502,-0.633074,-0.868268,-0.934363,0
1,0.3000,-0.095223,-1.274619,2.275213,0.090960,-0.212150,0
0,1.0000,-1.168864,0.361081,0.757846,-1.473821,-1.656575,0
0,0.2400,2.553092,1.088058,-0.633074,-1.745682,-1.656575,0
0,0.4600,-1.312016,1.451547,-0.000838,-0.710071,-0.212150,0
0,1.0000,-0.166799,0.542825,-0.633074,0.992776,1.232275,0
0,0.7300,-0.596256,0.542825,-0.380180,0.008358,-0.212150,0
0,0.2000,0.620538,0.179336,-0.506627,-0.768967,-0.934363,0
0,1.0000,-0.596256,0.724569,-0.064061,-1.679070,-1.656575,0
0,0.5400,0.334233,-0.184152,-0.633074,0.090960,-0.212150,0
0,0.4900,-1.526745,0.906314,0.757846,-1.782400,-1.656575,0
0,0.0800,0.191081,0.361081,-0.633074,-0.388870,-0.212150,0
0,0.5600,0.334233,1.451547,-0.253732,-0.661656,-0.212150,0
0,1.0000,-0.309951,0.542825,-0.633074,-0.137351,-0.212150,0
0,0.6000,-0.667832,0.906314,-0.633074,-0.710071,-0.212150,0
0,1.0000,0.405810,0.179336,-0.633074,0.390872,0.510063,0
0,0.2500,-1.168864,-0.365897,1.895872,-0.383355,-0.212150,0
0,0.7200,0.047929,1.088058,0.884293,-0.321281,-0.212150,0
0,1.0000,-0.524680,1.088058,0.757846,1.242394,1.232275,0
0,0.4700,-0.238375,0.542825,-0.633074,-0.780413,-0.934363,0
0,0.6800,0.405810,1.088058,2.211990,1.162313,1.232275,0
0,1.0000,-0.882560,0.179336,-0.633074,-2.080227,-1.656575,0
1,1.0000,-0.453103,1.269803,-0.000838,-0.786229,-0.934363,0
0,0.4900,-0.810984,0.361081,-0.569850,-0.405767,-0.212150,0
0,1.0000,-0.238375,0.906314,-0.633074,0.634321,0.510063,0
0,1.0000,-0.596256,0.179336,-0.064061,0.406647,0.510063,0
0,0.0400,-0.739408,-1.274619,-0.633074,-0.652480,-0.212150,0
0,1.0000,0.906842,0.542825,-0.633074,1.179468,1.232275,0
0,0.8100,-0.739408,1.088058,-0.633074,-0.949171,-0.934363,0
0,1.0000,2.696244,0.179336,-0.380180,1.319981,1.232275,0
0,1.0000,-1.025712,0.361081,-0.443403,1.243944,1.232275,0
0,0.2600,-1.240440,1.633291,0.252057,1.149536,1.232275,0
0,0.2300,-0.596256,0.542825,0.378504,0.008358,-0.212150,0
1,1.0000,-1.526745,-0.184152,5.057054,-1.518197,-1.656575,0
0,0.4100,0.477386,-0.365897,-0.633074,-0.841652,-0.934363,0
0,0.2600,1.479451,-0.184152,-0.633074,-1.566612,-1.656575,0
0,0.5000,-1.097288,-0.547641,1.010741,1.883108,1.954488,0
0,1.0000,-0.166799,0.724569,-0.633074,-1.566612,-1.656575,0
0,1.0000,2.338364,-0.184152,-0.633074,0.885014,1.232275,0
0,1.0000,-0.095223,1.815036,-0.633074,-0.957174,-0.934363,0
0,0.7300,-0.023647,-1.092874,-0.633074,-1.910746,-1.656575,0
0,0.3300,-0.524680,-0.547641,2.528108,0.149502,0.510063,0
0,0.6600,-1.383592,-0.729386,0.252057,0.390872,0.510063,0
0,1.0000,-0.023647,0.724569,-0.633074,-0.604658,-0.212150,0
0,1.0000,-0.882560,-0.002408,0.504951,-0.643459,-0.212150,0
0,1.0000,-0.524680,-0.184152,-0.569850,0.246870,0.510063,0
1,0.4300,-1.598321,-1.274619,1.010741,-1.452948,-1.656575,0
0,1.0000,-0.023647,1.451547,-0.633074,-1.782400,-1.656575,0
0,0.2400,-0.023647,0.179336,-0.633074,-0.489238,-0.212150,0
0,0.7400,-1.312016,-1.092874,1.010741,-0.910866,-0.934363,0
0,1.0000,0.978418,-0.365897,-0.633074,0.615762,0.510063,0
0,1.0000,1.336299,0.179336,-0.633074,0.077284,-0.212150,0
0,1.0000,-0.453103,-0.365897,-0.633074,-0.553179,-0.212150,0
0,0.2600,-0.524680,1.451547,-0.633074,-0.592329,-0.212150,0
0,1.0000,0.262657,-0.365897,-0.633074,-2.818011,-1.656575,1
0,1.0000,-0.739408,0.361081,-0.633074,-0.690173,-0.212150,0
0,1.0000,0.191081,1.088058,-0.633074,-1.126655,-1.656575,0
1,0.9400,-0.954136,0.724569,1.263635,-0.568495,-0.212150,0
0,1.0000,0.477386,0.179336,-0.633074,-0.816305,-0.934363,1
0,1.0000,1.049994,-1.092874,0.315280,0.789953,0.510063,0
0,0.4300,-0.524680,-0.911130,-0.633074,-1.197720,-1.656575,0
0,0.7300,-0.810984,-0.365897,0.252057,-0.244148,-0.212150,0
0,1.0000,1.908907,-0.002408,-0.633074,-0.588282,-0.212150,0
0,0.9400,1.694179,0.361081,-0.633074,-1.094390,-0.934363,0
1,1.0000,-1.097288,0.906314,4.108699,0.008358,-0.212150,0
0,1.0000,-1.097288,-0.365897,-0.000838,0.047611,-0.212150,0
0,0.0700,-1.312016,1.088058,1.895872,-1.961470,-1.656575,0
0,0.1600,0.548962,-1.092874,-0.633074,1.207806,1.232275,0
1,1.0000,0.978418,-0.729386,-0.633074,0.892303,1.232275,0
0,1.0000,0.978418,1.269803,-0.190509,-1.452948,-1.656575,0
0,0.7500,-1.097288,-0.547641,1.010741,0.559129,0.510063,0
0,0.7500,-1.526745,-0.729386,0.757846,-0.154917,-0.212150,0
0,0.2200,0.763690,0.906314,-0.633074,-1.910746,-1.656575,0
1,0.7500,-1.741473,-0.184152,2.211990,1.243944,1.232275,0
0,1.0000,1.407875,-1.092874,-0.633074,-0.973550,-0.934363,0
0,0.6400,-1.598321,1.088058,0.252057,-0.456777,-0.212150,0
0,1.0000,-1.240440,-0.184152,-0.380180,-0.137351,-0.212150,0
0,1.0000,0.119505,-0.365897,-0.633074,1.243944,1.232275,0
0,1.0000,-0.524680,-0.184152,-0.000838,0.634321,0.510063,0
0,0.0400,0.692114,-1.274619,-0.633074,0.570674,0.510063,0
0,0.4700,-0.238375,1.269803,0.757846,-0.576322,-0.212150,0
1,0.4900,0.835266,-0.911130,-0.633074,-1.185197,-1.656575,0
0,1.0000,-0.882560,-0.002408,-0.633074,-0.634589,-0.212150,0
0,0.1800,-1.741473,-0.911130,1.579753,-0.182403,-0.212150,0
0,1.0000,-0.596256,0.542825,-0.633074,1.271577,1.232275,0
0,1.0000,1.980483,-0.365897,-0.633074,0.194885,0.510063,0
0,0.1200,-1.240440,-0.729386,0.252057,-0.174933,-0.212150,0
0,0.6700,-0.238375,-0.547641,-0.633074,0.090960,-0.212150,1
0,1.0000,-0.023647,-0.184152,-0.633074,-1.044616,-0.934363,0
0,1.0000,-0.524680,0.361081,-0.380180,0.517386,0.510063,0
0,1.0000,0.334233,0.542825,-0.633074,-0.882092,-0.934363,0
0,0.3600,-1.383592,1.451547,1.579753,-1.821840,-1.656575,0
0,1.0000,-1.884625,0.179336,-0.633074,-0.786229,-0.934363,0
0,1.0000,0.763690,1.815036,-0.633074,0.517386,0.510063,0
0,0.5900,0.477386,-0.002408,-0.633074,0.090960,-0.212150,0
0,0.4600,-1.669897,0.542825,1.579753,0.634321,0.510063,0
0,0.4400,-0.739408,-0.911130,-0.633074,0.517386,0.510063,0
0,0.0500,-0.954136,-0.729386,-0.000838,-0.125391,-0.212150,0
0,0.4000,-0.524680,-1.274619,-0.633074,1.083745,1.232275,0
1,0.3500,0.262657,-1.092874,-0.633074,-1.679070,-1.656575,0
1,0.3700,-1.956201,-0.002408,-0.633074,-1.592578,-1.656575,0
0,0.3300,0.477386,-0.002408,-0.633074,1.242394,1.232275,0
0,0.4900,0.405810,-0.184152,-0.633074,-0.882092,-0.934363,0
0,1.0000,-0.524680,-0.547641,-0.633074,0.318983,0.510063,0
0,1.0000,1.121570,-0.729386,-0.633074,0.318983,0.510063,0
0,1.0000,-0.810984,-0.911130,0.062386,-1.394832,-1.656575,0
0,1.0000,0.763690,0.542825,-0.633074,-0.306832,-0.212150,0
0,1.0000,0.119505,-0.729386,-0.633074,-0.209404,-0.212150,0
0,1.0000,-1.312016,-0.002408,0.504951,-0.973550,-0.934363,0
0,1.0000,0.405810,0.724569,-0.633074,-0.861488,-0.934363,0
0,0.4900,0.477386,0.906314,-0.633074,-0.209404,-0.212150,0
0,1.0000,0.405810,0.724569,0.504951,-0.397252,-0.212150,0
0,0.4900,-0.524680,1.996780,-0.633074,0.639565,0.510063,0
0,0.4900,0.620538,-0.547641,-0.633074,1.271577,1.232275,0
0,1.0000,1.121570,-1.092874,-0.633074,-0.372494,-0.212150,0
0,0.2400,-0.023647,-0.547641,-0.633074,-0.617280,-0.212150,0
0,0.5700,-0.810984,1.633291,-0.633074,-0.254813,-0.212150,0
0,1.0000,0.763690,-0.365897,-0.633074,-0.841652,-0.934363,0
0,0.1900,-0.882560,0.542825,-0.633074,1.234973,1.232275,0
0,0.6100,0.548962,-0.365897,-0.633074,-0.209404,-0.212150,0
1,0.6900,0.978418,0.361081,-0.633074,1.259820,1.232275,0
0,0.9900,0.763690,0.542825,-0.316956,-0.476015,-0.212150,0
0,0.5600,-1.168864,-1.274619,1.263635,-0.450516,-0.212150,0
0,0.4300,-1.168864,0.724569,0.757846,0.512822,0.510063,0
0,0.5000,1.837331,0.361081,0.884293,0.851863,0.510063,0
0,0.3200,-0.739408,-0.365897,0.252057,1.127535,1.232275,0
0,0.6500,0.620538,-0.547641,-0.633074,-1.518197,-1.656575,0
1,0.6200,-0.954136,-0.911130,1.010741,0.961054,1.232275,0
0,0.5000,0.334233,-1.092874,2.022319,-0.209404,-0.212150,0
0,0.5000,-0.596256,1.269803,0.757846,-0.411521,-0.212150,0
0,0.5000,-1.025712,-0.729386,1.579753,0.244345,0.510063,0
0,0.5400,-1.025712,1.088058,0.504951,1.048456,1.232275,0
0,0.9400,0.763690,-0.365897,-0.633074,0.056087,-0.212150,0
0,0.4600,-0.453103,0.724569,1.263635,0.639565,0.510063,0
0,0.4600,-1.312016,0.179336,0.757846,-0.139082,-0.212150,0
0,0.9000,1.121570,1.451547,-0.633074,-0.630209,-0.212150,0
0,0.5000,-0.954136,1.633291,1.895872,1.222234,1.232275,0
0,0.9700,-0.524680,-0.547641,-0.190509,-0.828828,-0.934363,0
0,0.6800,0.405810,0.361081,-0.190509,1.504547,1.232275,0
0,1.0000,0.620538,-1.274619,-0.633074,1.392776,1.232275,0
0,1.0000,-1.168864,0.542825,-0.000838,1.504547,1.232275,0
0,0.5000,-0.667832,-0.365897,-0.633074,1.651612,1.232275,0
1,0.4900,-0.095223,1.088058,-0.633074,-0.617280,-0.212150,0
0,0.4400,-1.025712,1.269803,0.504951,1.208495,1.232275,0
0,0.4900,-0.238375,-0.002408,-0.633074,0.598703,0.510063,0
0,0.9600,1.479451,-0.002408,-0.633074,1.391703,1.232275,0
1,1.0300,-0.810984,3.450735,-0.633074,0.408509,0.510063,0
0,1.0000,-0.524680,0.724569,-0.633074,0.662349,0.510063,0
0,0.9900,-0.739408,-0.365897,1.895872,1.282241,1.232275,0
0,0.4600,-0.810984,0.361081,1.263635,0.746799,0.510063,0
0,1.0000,-1.312016,0.361081,1.263635,-1.210544,-1.656575,0
0,0.7000,-0.309951,-1.274619,-0.633074,0.617019,0.510063,0
0,0.9700,-0.095223,-0.911130,-0.633074,1.149536,1.232275,0
0,0.9900,-1.240440,0.361081,1.579753,0.669605,0.510063,0
0,0.5000,0.763690,-0.184152,-0.633074,-0.670993,-0.212150,0
0,0.9800,1.551027,-0.365897,-0.633074,-0.151357,-0.212150,0
0,0.4500,-0.453103,0.906314,-0.000838,1.664403,1.232275,0
0,0.4400,0.119505,0.542825,-0.633074,-0.523809,-0.212150,0
0,0.9600,0.763690,-1.092874,-0.633074,-0.184287,-0.212150,0
0,0.9500,0.191081,2.178524,-0.633074,1.676607,1.232275,0
0,0.5000,-0.166799,2.178524,-0.190509,1.311306,1.232275,0
1,1.0000,-0.023647,0.906314,3.286792,2.243436,1.954488,0
0,0.5000,-1.312016,1.088058,0.315280,1.191981,1.232275,0
0,1.0000,0.477386,0.724569,-0.633074,0.397871,0.510063,0
0,0.5000,0.477386,2.178524,-0.633074,1.124961,1.232275,0
0,0.2500,-0.166799,0.542825,2.211990,0.639565,0.510063,0
0,0.4300,-0.596256,1.269803,0.757846,-0.411521,-0.212150,0
0,0.9500,0.763690,-0.002408,0.252057,0.280219,0.510063,0
0,0.9600,-1.097288,0.724569,0.504951,1.504547,1.232275,0
0,0.9600,0.191081,0.906314,-0.633074,-0.394443,-0.212150,0
0,0.9300,-0.524680,-1.274619,-0.633074,-0.695078,-0.212150,0
1,0.5200,-1.598321,-0.002408,2.211990,1.271577,1.232275,0
0,0.9400,-0.166799,-0.547641,-0.633074,-1.197720,-1.656575,0
0,0.4800,-0.381527,-0.002408,1.579753,1.127535,1.232275,0
0,0.2400,-0.309951,-0.365897,-0.633074,0.746799,0.510063,0
0,0.9300,-0.596256,1.815036,-0.127285,0.851863,0.510063,0
0,0.9900,0.262657,1.088058,-0.633074,2.243436,1.954488,0
0,0.9200,-0.596256,0.179336,-0.000838,1.482693,1.232275,0
0,0.2500,-1.383592,0.542825,1.579753,1.319981,1.232275,0
0,0.5000,-1.383592,-0.002408,0.947517,0.339828,0.510063,0
0,0.5000,0.477386,-0.365897,1.579753,0.669605,0.510063,0
0,0.5000,0.119505,0.906314,-0.633074,-0.868268,-0.934363,0
0,0.5000,-0.954136,-0.365897,0.062386,-0.031183,-0.212150,0
0,0.5000,1.765755,0.542825,-0.633074,-0.209404,-0.212150,0
0,0.5000,0.620538,-0.729386,-0.633074,1.186839,1.232275,0
0,0.5000,0.692114,0.542825,-0.000838,-0.450516,-0.212150,0
0,1.0000,-0.453103,0.179336,-0.127285,1.222234,1.232275,0
0,1.0000,0.119505,0.906314,-0.633074,1.191981,1.232275,0
0,1.0000,2.266788,-0.911130,-0.633074,0.899985,1.232275,0
0,0.5000,-0.524680,1.451547,-0.633074,0.349606,0.510063,0
0,0.2500,-0.810984,1.269803,1.263635,-0.925859,-0.934363,0
0,0.5000,-0.166799,0.361081,0.252057,-0.099023,-0.212150,0
0,0.5000,0.477386,0.906314,-0.633074,-0.209404,-0.212150,0
0,0.5000,0.119505,1.269803,-0.633074,-0.132192,-0.212150,0
0,0.5000,-0.309951,0.179336,-0.633074,-0.397252,-0.212150,0
0,0.5000,0.405810,0.361081,-0.633074,0.154518,0.510063,0
0,0.5000,-1.240440,-0.365897,0.125610,0.318983,0.510063,0
0,0.5000,-0.596256,0.542825,-0.633074,-0.209404,-0.212150,0
0,0.5000,-0.381527,-0.184152,-0.253732,-0.774659,-0.934363,0
0,0.5000,-0.095223,1.633291,-0.633074,1.175231,1.232275,0
0,0.9800,0.405810,1.269803,-0.000838,-0.489238,-0.212150,0
0,0.2900,-0.882560,-1.092874,-0.190509,1.676607,1.232275,0
0,0.4500,-1.025712,-0.729386,0.252057,-0.564625,-0.212150,0
0,1.0000,-0.596256,-0.729386,1.579753,1.020952,1.232275,0
1,0.9300,-1.455169,-0.729386,0.757846,-1.172962,-1.656575,0
0,0.1300,-1.240440,-0.911130,2.211990,1.271577,1.232275,0
0,0.6900,0.119505,1.633291,-0.633074,1.191981,1.232275,0
0,0.4400,0.906842,1.269803,-0.633074,-0.957174,-0.934363,0
0,0.8400,0.477386,0.724569,-0.633074,-0.244148,-0.212150,1
0,0.5000,-0.739408,0.724569,-0.633074,-0.630209,-0.212150,0
0,0.2700,0.262657,-1.274619,-0.633074,1.207806,1.232275,0
0,0.4400,-1.168864,-0.911130,-0.127285,-0.426183,-0.212150,0
0,1.0000,-0.524680,-1.092874,0.441728,-2.449119,-1.656575,0
0,1.0000,1.193146,-0.365897,-0.633074,-0.545683,-0.212150,0
0,0.5000,1.765755,1.996780,1.895872,1.127535,1.232275,0
0,0.5000,1.908907,0.361081,-0.190509,0.639565,0.510063,0
0,1.0000,0.191081,1.815036,0.757846,1.554797,1.232275,0
0,0.5000,-0.309951,1.451547,-0.633074,0.315305,0.510063,0
0,0.2500,0.405810,0.906314,3.286792,1.271577,1.232275,0
0,0.5000,-0.453103,-0.002408,-0.633074,0.311602,0.510063,0
0,0.9100,0.262657,-0.002408,-0.633074,0.540603,0.510063,0
0,0.2000,0.405810,-0.547641,-0.633074,-0.333630,-0.212150,0
0,0.9400,0.477386,-0.002408,-0.633074,0.283364,0.510063,0
0,0.1700,-0.739408,-1.092874,-0.569850,0.256024,0.510063,0
0,0.5200,-0.667832,-0.729386,-0.569850,1.127535,1.232275,0
0,0.0800,-0.095223,-1.092874,-0.633074,-0.450516,-0.212150,0
0,0.0800,-0.810984,0.542825,-0.380180,0.815645,0.510063,0
0,0.0800,-0.023647,-0.911130,-0.190509,0.639565,0.510063,0
0,0.0800,-1.240440,-0.911130,2.211990,1.271577,1.232275,0
0,0.2700,-0.381527,-0.002408,-0.380180,-0.417337,-0.212150,0
0,0.2500,-0.524680,0.542825,-0.633074,0.018768,-0.212150,0
0,0.4600,-0.524680,-0.547641,0.757846,-0.634589,-0.212150,0
0,0.5500,1.694179,-1.092874,-0.633074,0.639565,0.510063,0
0,0.6300,-0.453103,-0.365897,0.757846,1.484337,1.232275,0
0,0.4600,0.692114,-1.274619,-0.633074,-0.453637,-0.212150,0
0,0.4900,-0.166799,1.451547,2.528108,1.307315,1.232275,0
0,0.4900,-0.166799,-0.729386,-0.633074,1.024469,1.232275,0
0,0.4900,-0.954136,0.724569,-0.190509,-1.016843,-0.934363,0
0,0.4900,0.692114,1.269803,2.275213,1.243944,1.232275,1
0,1.0000,0.191081,0.361081,-0.633074,0.671499,0.510063,0
0,0.4900,0.620538,-0.911130,-0.633074,-0.086313,-0.212150,0
0,1.0000,0.191081,-0.911130,1.010741,2.243436,1.954488,0
0,0.2400,-0.309951,1.269803,-0.380180,1.504547,1.232275,0
0,1.0000,-0.524680,-0.911130,-0.633074,0.991534,1.232275,0
0,0.0800,-0.309951,0.724569,-0.633074,-0.625864,-0.212150,0
0,0.0800,-1.025712,0.724569,1.010741,0.553025,0.510063,0
0,1.0300,2.052059,0.179336,-0.633074,1.014245,1.232275,0
0,0.3500,-1.025712,0.542825,1.263635,0.660808,0.510063,0
0,0.4900,0.620538,0.179336,1.263635,-1.250984,-1.656575,0
0,1.0000,0.835266,0.542825,-0.633074,-0.918310,-0.934363,0
0,0.4300,-0.810984,0.724569,-0.190509,0.512822,0.510063,0
0,1.0000,1.694179,-1.274619,-0.633074,1.127535,1.232275,0
0,0.4900,-1.383592,-0.547641,0.757846,-1.648651,-1.656575,0
0,0.4900,0.763690,0.361081,-0.633074,0.386370,0.510063,0
0,0.4900,-0.667832,1.451547,-0.380180,0.788134,0.510063,0
0,1.0000,-0.667832,-0.911130,-0.633074,-0.804070,-0.934363,0
0,0.4900,-1.383592,0.542825,1.263635,-1.452948,-1.656575,0
0,0.4900,-1.097288,-0.184152,2.211990,2.034376,1.954488,0
0,0.4900,-0.453103,-1.274619,1.263635,0.788134,0.510063,0
0,0.4900,1.121570,-1.274619,-0.633074,1.259820,1.232275,0
0,0.4900,0.334233,0.724569,-0.633074,-0.882092,-0.934363,0
0,0.4900,-0.596256,-0.002408,-0.633074,-1.566612,-1.656575,0
0,0.4900,-0.309951,-0.365897,0.125610,0.649111,0.510063,0
1,0.4900,1.336299,-1.092874,-0.633074,1.127535,1.232275,0
0,0.4900,-1.097288,0.361081,1.895872,1.242394,1.232275,0
0,0.4900,-0.238375,-0.729386,2.211990,1.377349,1.232275,0
0,0.9900,-0.810984,0.724569,-0.000838,-1.648651,-1.656575,0
0,0.5500,-0.524680,1.269803,-0.633074,1.500184,1.232275,0
0,1.0000,-0.309951,0.724569,-0.633074,1.117983,1.232275,0
0,0.9500,0.548962,1.815036,-0.633074,-1.094390,-0.934363,1
0,1.0100,0.405810,1.269803,-0.633074,0.102094,-0.212150,0
0,0.5500,0.620538,-0.547641,-0.633074,1.234973,1.232275,0
0,0.2600,-1.025712,0.179336,0.504951,-1.172962,-1.656575,0
0,0.0800,-0.309951,0.179336,1.010741,1.284635,1.232275,0
0,0.0800,0.477386,0.724569,-0.633074,-1.084056,-0.934363,0
0,0.0800,-0.596256,0.361081,-0.569850,0.386370,0.510063,0
0,0.9200,2.266788,0.179336,-0.633074,-1.821840,-1.656575,0
0,0.4900,0.620538,-0.002408,-0.633074,0.190237,0.510063,0
0,0.4900,0.262657,-1.274619,-0.569850,1.117983,1.232275,0
0,0.4900,-0.882560,0.361081,0.504951,-1.094390,-0.934363,0
0,0.4900,-1.025712,0.724569,-0.380180,0.719535,0.510063,0
0,0.4900,-0.309951,0.906314,1.579753,0.482432,0.510063,0
0,0.4900,0.692114,2.723758,-0.633074,-0.429164,-0.212150,0
0,0.4900,-1.312016,0.724569,1.010741,1.186839,1.232275,0
0,1.0000,-0.667832,0.361081,-0.380180,0.687509,0.510063,0
0,1.0000,0.692114,-1.092874,-0.633074,1.676607,1.232275,0
0,1.0000,-0.524680,-0.365897,0.378504,-0.417337,-0.212150,1
0,0.4900,1.336299,-0.365897,-0.633074,0.639565,0.510063,0
1,0.4900,-1.168864,-0.184152,0.757846,0.229810,0.510063,0
0,0.4900,-0.309951,2.178524,1.579753,1.222234,1.232275,0
0,0.4900,1.622603,-0.002408,-0.633074,-0.182403,-0.212150,0
0,0.4600,-0.095223,-0.729386,1.263635,1.127535,1.232275,0
0,0.2800,-0.667832,-0.729386,-0.633074,-0.588282,-0.212150,0
0,0.9800,-0.810984,-1.274619,2.528108,-0.774659,-0.934363,0
0,0.2600,-1.168864,-0.911130,0.757846,-0.816305,-0.934363,0
0,0.5500,-0.810984,-0.911130,-0.380180,1.319981,1.232275,0
0,0.0800,1.837331,-0.911130,0.504951,1.222234,1.232275,0
0,0.0800,-1.168864,0.361081,1.579753,1.209046,1.232275,0
0,0.0800,-0.524680,-1.274619,0.504951,0.554911,0.510063,0
0,0.0800,-0.954136,1.451547,0.757846,0.822804,0.510063,0
0,0.0800,-0.596256,-0.002408,0.252057,0.822804,0.510063,0
0,0.2600,-0.739408,-1.092874,-0.253732,0.490459,0.510063,0
0,0.5300,0.405810,-0.002408,-0.633074,-0.397252,-0.212150,0
0,0.4200,-0.810984,-0.184152,1.579753,-0.925859,-0.934363,0
0,0.5100,0.334233,-0.365897,-0.380180,1.319981,1.232275,0
1,0.5900,0.119505,0.542825,-0.633074,0.669605,0.510063,0
0,1.0100,-0.453103,-0.729386,-0.633074,-1.054205,-0.934363,0
0,1.0000,0.191081,0.179336,-0.633074,-0.588282,-0.212150,0
0,0.2500,-0.882560,0.906314,-0.380180,1.127535,1.232275,1
0,0.9700,-0.954136,1.633291,-0.380180,1.597600,1.232275,0
0,1.0000,1.908907,-0.547641,-0.633074,-0.095817,-0.212150,0
0,1.0000,-1.097288,0.179336,1.010741,-0.314007,-0.212150,0
0,1.0000,-0.166799,-0.184152,-0.633074,-0.584265,-0.212150,0
0,1.0000,-0.810984,-1.092874,1.010741,1.974557,1.954488,0
0,0.4900,0.620538,-0.911130,-0.633074,1.127535,1.232275,0
1,0.4900,1.908907,-0.729386,-0.633074,0.540603,0.510063,0
0,1.0000,0.835266,-0.911130,0.947517,-0.534634,-0.212150,0
0,0.4900,-0.524680,-1.092874,-0.633074,1.427763,1.232275,0
0,1.0000,1.765755,-1.092874,-0.633074,1.092042,1.232275,0
0,0.4900,-1.025712,0.361081,-0.190509,-0.174933,-0.212150,0
1,0.9300,-0.238375,-1.092874,-0.633074,-1.172962,-1.656575,0
0,1.0400,-0.309951,1.269803,-0.633074,0.537695,0.510063,0
0,0.4900,0.405810,-0.547641,1.263635,1.222234,1.232275,0
0,0.0800,-0.524680,-0.365897,-0.190509,0.639565,0.510063,0
0,0.0800,-0.095223,-0.365897,-0.633074,-0.450516,-0.212150,0
0,0.0800,-1.097288,-1.092874,-0.000838,0.639565,0.510063,0
0,0.4900,-1.025712,-0.002408,0.252057,-0.031183,-0.212150,0
0,0.1900,0.119505,0.724569,-0.633074,1.234973,1.232275,0
0,0.3000,-0.739408,1.088058,0.252057,-0.346272,-0.212150,0
1,0.9800,-0.309951,0.906314,1.010741,0.822804,0.510063,0
0,0.2000,1.980483,-0.547641,-0.633074,1.242394,1.232275,0
0,0.1000,0.906842,0.361081,-0.633074,1.020952,1.232275,0
0,0.3700,-0.309951,0.179336,-0.633074,0.314566,0.510063,0
0,1.0900,-0.596256,-0.002408,-0.633074,-0.957174,-0.934363,0
0,0.6100,-0.667832,-1.274619,-0.633074,1.222234,1.232275,0
0,0.7000,0.405810,0.724569,-0.633074,-0.588282,-0.212150,0
0,0.6400,0.262657,-0.729386,0.504951,2.243436,1.954488,0
2,1.0000,1.908907,-0.002408,-0.633074,1.020952,1.232275,0
0,0.6300,-0.596256,-0.184152,-0.000838,1.127535,1.232275,0
0,0.4700,-0.596256,-0.547641,0.504951,0.492050,0.510063,1
0,1.2800,1.121570,-1.274619,-0.633074,-0.700029,-0.212150,0
0,0.3600,-0.810984,-1.274619,0.757846,1.127535,1.232275,0
0,0.4000,-1.240440,-0.911130,0.757846,-0.957174,-0.934363,0
0,0.4300,0.620538,0.542825,-0.633074,0.623677,0.510063,0
0,0.6900,-0.524680,0.906314,-0.569850,1.038308,1.232275,0
0,0.4900,1.837331,0.361081,1.579753,0.229810,0.510063,0
1,0.9200,-1.025712,1.633291,-0.253732,1.127535,1.232275,0
0,1.0200,1.121570,-1.274619,-0.633074,0.057287,-0.212150,0
0,0.9200,-0.810984,-1.092874,-0.633074,-0.841652,-0.934363,0
0,0.9800,-0.596256,-1.274619,-0.633074,-0.048445,-0.212150,0
0,1.0000,-0.453103,-1.092874,-0.633074,-0.333630,-0.212150,0
0,0.5500,-0.954136,-0.184152,-0.380180,-0.925859,-0.934363,0
0,0.3500,1.479451,1.451547,-0.633074,1.319981,1.232275,0
0,1.3100,-0.166799,0.724569,-0.633074,0.045164,-0.212150,0
0,0.3400,1.407875,-0.729386,0.821070,-0.489238,-0.212150,0
0,0.9600,-0.023647,-0.002408,-0.633074,-0.469525,-0.212150,0
0,0.8600,1.407875,-0.911130,-0.633074,2.243436,1.954488,0
0,0.0300,-1.025712,0.542825,-0.000838,-0.391649,-0.212150,0
0,0.1200,0.191081,-0.729386,-0.633074,-1.016843,-0.934363,0
0,0.0300,-1.025712,0.542825,0.947517,-0.108758,-0.212150,0
0,0.1200,0.763690,-0.911130,-0.633074,0.357847,0.510063,0
0,0.0300,-0.739408,-0.911130,0.252057,-0.568495,-0.212150,0
0,0.2300,0.763690,-0.911130,-0.633074,0.470986,0.510063,0
0,0.8000,-0.166799,0.361081,-0.633074,1.162313,1.232275,0
0,0.2000,0.047929,-0.729386,-0.633074,-0.149586,-0.212150,0
0,0.8000,0.692114,-0.365897,-0.633074,-0.746789,-0.934363,0
0,0.2100,-0.739408,-0.911130,-0.633074,-1.104929,-0.934363,0
0,0.7100,0.047929,-1.274619,-0.633074,-0.538291,-0.212150,0
0,0.2900,-0.667832,-0.911130,-0.190509,1.185545,1.232275,0
0,0.5700,-1.097288,0.542825,-0.000838,0.256024,0.510063,0
0,0.5300,0.835266,-0.911130,-0.633074,0.935208,1.232275,0
0,0.2800,-1.097288,-0.365897,-0.190509,-1.054205,-0.934363,0
0,0.5200,-0.667832,0.542825,1.895872,1.491267,1.232275,0
0,0.2800,0.262657,-0.911130,-0.633074,1.057317,1.232275,0
0,0.3600,2.409940,-0.911130,-0.633074,1.138492,1.232275,0
0,0.6300,-0.954136,-1.092874,0.252057,1.456715,1.232275,0
0,0.3600,-0.023647,-0.911130,-0.633074,0.685303,0.510063,0
0,0.3600,-1.312016,-0.911130,1.579753,1.486467,1.232275,0
0,0.4500,0.477386,-0.911130,-0.633074,0.298051,0.510063,0
0,0.4500,-0.166799,-0.911130,-0.253732,1.471967,1.232275,0
0,0.5400,1.121570,-0.911130,0.441728,-0.375188,-0.212150,0
0,0.5400,-0.739408,-0.911130,-0.633074,1.349438,1.232275,0
0,0.4500,-0.238375,-0.911130,-0.633074,1.025830,1.232275,0
0,0.4500,0.191081,-0.911130,-0.633074,0.281794,0.510063,0
0,0.5400,-1.455169,-0.911130,1.895872,0.639565,0.510063,0
2,0.4500,-0.596256,-0.911130,0.252057,-1.592578,-1.656575,0
0,0.4600,-0.238375,-0.911130,-0.569850,-0.463113,-0.212150,0
0,0.4600,0.262657,-0.911130,-0.633074,0.492580,0.510063,0
0,0.5300,-1.240440,0.542825,0.504951,-1.432863,-1.656575,0
0,0.5300,0.262657,-0.911130,-0.633074,2.243436,1.954488,0
0,0.3600,-1.097288,-0.365897,1.010741,0.990290,1.232275,0
0,0.1800,1.407875,-0.911130,-0.633074,-0.580279,-0.212150,0
0,0.3400,1.407875,-1.274619,-0.633074,-0.580279,-0.212150,0
0,0.1600,-1.526745,-0.911130,1.263635,0.213082,0.510063,0
0,0.1200,-0.739408,0.361081,1.895872,0.639565,0.510063,0
0,0.3500,0.477386,-0.911130,-0.633074,-0.999101,-0.934363,0
0,0.1500,1.121570,-0.729386,-0.633074,0.073809,-0.212150,0
0,0.0600,1.336299,-1.274619,-0.633074,0.043936,-0.212150,0
0,0.6100,0.119505,-0.911130,-0.633074,-0.661656,-0.212150,0
0,0.6100,-0.381527,-0.911130,-0.190509,1.180050,1.232275,0
0,0.2400,0.906842,-0.911130,-0.633074,-0.100633,-0.212150,0
0,0.2900,-1.526745,0.361081,1.895872,0.354429,0.510063,0
0,0.7000,-0.238375,-1.092874,-0.633074,-1.237160,-1.656575,0
0,0.7000,-0.739408,-0.911130,-0.569850,0.202238,0.510063,0
0,0.2100,0.119505,-0.911130,-0.633074,0.314566,0.510063,0
0,0.7800,-1.526745,-0.911130,1.579753,0.386370,0.510063,0
0,0.7800,-1.669897,-0.911130,1.895872,-1.711335,-1.656575,0
0,0.0900,-0.524680,-0.547641,-0.633074,-0.700029,-0.212150,0
0,0.2100,0.047929,-0.911130,-0.633074,0.435683,0.510063,0
0,0.7800,-0.238375,-0.911130,-0.633074,2.243436,1.954488,0
0,0.2100,-0.095223,-0.002408,-0.633074,0.446753,0.510063,0
0,0.8700,0.334233,-0.911130,-0.633074,2.243436,1.954488,0
0,0.1200,-0.166799,-0.911130,1.895872,0.115155,-0.212150,0
0,0.8700,1.551027,-0.911130,-0.633074,-2.233331,-1.656575,0
0,0.1200,0.763690,-0.911130,-0.633074,0.265835,0.510063,0
0,0.1200,0.906842,-0.911130,-0.633074,0.512822,0.510063,0
0,0.4900,-0.381527,-1.092874,-0.380180,0.117301,-0.212150,0
0,0.1200,-0.596256,-0.911130,-0.633074,1.124961,1.232275,0
0,0.9500,0.191081,-0.911130,-0.633074,1.450892,1.232275,0
0,0.9500,1.551027,-1.092874,-0.633074,-0.792110,-0.934363,0
0,0.0400,1.193146,-0.911130,-0.633074,-0.081624,-0.212150,0
0,0.0600,-0.667832,-1.274619,-0.506627,0.762957,0.510063,0
0,0.1400,0.334233,0.179336,-0.633074,-0.239940,-0.212150,0
0,0.9600,1.908907,-0.729386,-0.633074,-0.209404,-0.212150,0
0,0.0600,-0.667832,-0.547641,0.757846,0.995045,1.232275,0
0,0.7900,1.622603,-0.547641,-0.633074,0.719535,0.510063,0
0,0.1300,-0.810984,-0.184152,1.010741,-0.112043,-0.212150,0
0,0.8700,0.191081,-1.092874,-0.633074,-1.495547,-1.656575,0
0,0.8700,-0.596256,-1.092874,-0.633074,-0.910866,-0.934363,0
0,0.8700,-0.596256,-1.092874,-0.569850,1.491267,1.232275,0
0,0.1100,1.336299,-1.274619,-0.506627,-0.110398,-0.212150,0
0,0.3600,0.620538,-1.092874,-0.633074,1.071052,1.232275,0
0,0.2000,0.191081,-1.092874,-0.633074,-0.438210,-0.212150,0
0,0.2000,-0.381527,-1.092874,0.188833,2.150387,1.954488,0
0,0.4000,-0.667832,-1.092874,-0.633074,0.517890,0.510063,0
0,0.2000,0.548962,-1.092874,1.579753,0.634727,0.510063,0
0,0.7100,-1.097288,-0.002408,1.263635,1.071052,1.232275,0
0,0.8000,1.765755,-1.092874,-0.000838,1.514565,1.232275,0
0,0.8000,1.336299,-1.092874,-0.633074,0.427974,0.510063,0
0,0.7100,-1.097288,-1.092874,1.263635,0.315305,0.510063,0
0,0.7000,0.047929,1.451547,2.211990,-0.588282,-0.212150,0
0,0.2800,-0.524680,0.179336,1.895872,-1.518197,-1.656575,0
0,0.7100,0.692114,-0.729386,-0.633074,0.780798,0.510063,0
0,0.2800,0.835266,-1.092874,-0.633074,-1.161002,-1.656575,0
0,0.7100,0.262657,-1.092874,-0.633074,-1.115681,-1.656575,0
0,0.6300,1.264722,-1.092874,-0.633074,0.315305,0.510063,0
0,0.2800,1.980483,-1.092874,2.211990,-0.499376,-0.212150,0
0,0.7100,-0.238375,-0.547641,0.504951,-0.176791,-0.212150,0
2,0.7100,0.119505,-1.092874,-0.633074,0.070312,-0.212150,0
0,0.7100,2.266788,-1.092874,-0.633074,1.319981,1.232275,0
0,0.1300,-1.097288,-1.092874,0.378504,0.035262,-0.212150,0
0,0.3600,-1.168864,-1.092874,1.895872,-1.592578,-1.656575,0
0,0.6300,-0.381527,-1.092874,0.188833,-0.438210,-0.212150,0
0,0.4500,0.191081,-0.729386,-0.633074,-0.450516,-0.212150,0
0,0.1400,0.477386,-0.911130,-0.633074,-0.057291,-0.212150,0
0,0.4500,-0.166799,-1.092874,-0.633074,-1.745682,-1.656575,0
0,0.0800,0.477386,-1.092874,-0.633074,-1.745682,-1.656575,0
0,0.4500,-0.954136,-1.092874,-0.190509,-0.495975,-0.212150,0
0,0.5400,-1.025712,-0.184152,-0.190509,-1.310178,-1.656575,0
0,0.2600,0.620538,-1.092874,-0.633074,-0.122022,-0.212150,0
0,0.4600,-0.023647,-1.274619,-0.633074,1.704728,1.232275,0
0,0.4800,-1.097288,-1.092874,0.504951,-0.868268,-0.934363,0
0,0.5300,0.835266,-0.911130,-0.633074,0.256024,0.510063,0
0,0.5300,-1.097288,-1.092874,1.263635,0.081882,-0.212150,0
0,0.4600,-0.954136,-1.092874,2.211990,2.150387,1.954488,0
0,0.1500,-1.455169,0.542825,2.528108,1.179468,1.232275,0
0,0.1100,-1.455169,0.542825,2.528108,1.179468,1.232275,0
0,0.2700,-0.739408,-1.092874,1.010741,2.243436,1.954488,0
0,0.6100,0.620538,-1.092874,-0.633074,-0.107123,-0.212150,0
0,0.2800,-1.312016,-1.092874,2.528108,1.344338,1.232275,0
0,0.3800,-0.453103,-0.729386,0.441728,1.124961,1.232275,0
0,0.3800,1.980483,-1.092874,-0.633074,-0.541974,-0.212150,0
0,0.7000,0.692114,-1.092874,1.895872,-0.081624,-0.212150,0
0,0.7000,-0.381527,-1.092874,2.528108,0.632698,0.510063,0
0,0.2900,1.479451,-1.092874,-0.633074,0.739531,0.510063,0
0,0.2900,1.622603,-1.092874,-0.633074,-1.294751,-1.656575,0
0,0.7000,-0.381527,-1.092874,-0.633074,-1.864439,-1.656575,0
0,0.7800,2.553092,-1.092874,-0.190509,-0.741386,-0.934363,0
0,0.7800,-0.882560,-0.547641,-0.380180,0.278640,0.510063,0
0,0.2100,0.334233,-1.092874,-0.380180,0.634321,0.510063,0
0,0.7800,-0.166799,-1.092874,-0.633074,-0.014463,-0.212150,0
0,0.8700,1.980483,-0.911130,-0.633074,0.386370,0.510063,0
0,0.8500,0.119505,-1.092874,-0.633074,-0.741386,-0.934363,0
0,0.1200,-0.095223,-1.092874,0.378504,-1.413508,-1.656575,0
0,0.0400,-0.954136,-0.365897,-0.000838,1.191981,1.232275,0
0,1.0000,1.264722,-0.911130,-0.633074,-1.495547,-1.656575,0
0,0.6400,-1.097288,-1.092874,1.263635,2.243436,1.954488,0
0,0.6200,-0.667832,-1.092874,-0.633074,0.464334,0.510063,0
0,0.9500,-1.526745,-0.547641,2.211990,1.306857,1.232275,0
0,0.0200,0.047929,-0.729386,-0.380180,1.120590,1.232275,0
0,0.9500,-0.524680,-0.729386,-0.633074,-0.710071,-0.212150,0
0,0.6700,-1.383592,-0.002408,2.528108,1.208081,1.232275,0
0,0.0900,-1.240440,0.179336,2.528108,2.150387,1.954488,0
0,0.9200,-0.023647,-1.274619,0.757846,1.060966,1.232275,0
0,0.5600,0.835266,-1.274619,2.528108,-1.782400,-1.656575,0
0,0.1800,0.692114,0.542825,-0.633074,-0.553179,-0.212150,0
0,0.0500,-0.166799,-1.092874,2.528108,1.982404,1.954488,0
0,0.5300,-1.455169,-0.184152,1.263635,1.974328,1.954488,0
0,0.1300,-0.739408,-1.274619,-0.633074,-0.828828,-0.934363,0
0,0.1300,0.477386,-1.274619,1.263635,0.488863,0.510063,0
0,0.0500,-0.381527,-1.274619,-0.633074,-0.957174,-0.934363,0
0,0.7500,0.620538,-1.274619,0.252057,0.240111,0.510063,0
0,0.0300,1.479451,-1.274619,-0.633074,0.242656,0.510063,0
0,0.0300,0.119505,-1.092874,-0.633074,0.872467,1.232275,1
0,0.0500,-0.381527,-0.547641,-0.633074,-0.466309,-0.212150,0
0,0.2600,-0.309951,-1.274619,-0.633074,-0.108758,-0.212150,0
0,0.7200,1.479451,-1.092874,1.895872,-1.210544,-1.656575,0
0,0.7600,-1.168864,-1.092874,0.504951,-1.518197,-1.656575,0
0,0.0500,0.191081,-1.274619,-0.633074,-0.147821,-0.212150,0
0,0.0800,-0.166799,-1.274619,-0.633074,1.160205,1.232275,0
0,0.6100,-1.097288,-0.911130,1.579753,-1.342443,-1.656575,0
0,0.5700,0.047929,-1.274619,-0.633074,-1.394832,-1.656575,0
0,0.6900,-0.381527,-1.092874,-0.633074,-0.435178,-0.212150,0
0,0.5800,-0.095223,-1.274619,2.528108,-0.029769,-0.212150,0
0,0.6100,-0.309951,-1.274619,0.252057,-0.841652,-0.934363,0
1,0.7100,-1.526745,-0.729386,2.528108,0.332732,0.510063,0
0,0.6300,-1.097288,-1.274619,1.895872,0.190237,0.510063,0
0,0.4900,-0.023647,-0.911130,-0.633074,1.706785,1.232275,0
0,0.0500,-1.097288,-1.274619,0.504951,-0.380619,-0.212150,0
0,0.1100,0.262657,-0.729386,-0.633074,-0.276808,-0.212150,0
0,0.3400,-1.025712,-0.547641,-0.380180,-0.489238,-0.212150,0
0,0.5800,0.620538,-1.274619,-0.633074,1.486467,1.232275,0
0,0.5300,-0.453103,-1.274619,-0.633074,-1.007898,-0.934363,0
0,0.0700,-0.739408,-0.729386,-0.633074,0.771482,0.510063,1
0,0.0500,-0.596256,-1.274619,-0.633074,2.243436,1.954488,0
0,0.0800,1.622603,-1.274619,-0.633074,0.995045,1.232275,0
0,0.0900,-0.023647,-1.274619,-0.633074,-0.990447,-0.934363,0
0,0.0600,0.334233,-1.274619,-0.633074,2.243436,1.954488,0
0,0.4600,-0.023647,-1.274619,1.010741,1.012854,1.232275,0
0,0.1200,-0.095223,-1.274619,0.504951,1.083745,1.232275,0
0,0.5100,-0.954136,-0.911130,-0.380180,-0.848182,-0.934363,0
0,0.4600,-0.381527,-1.274619,-0.633074,-0.272336,-0.212150,0
0,0.4200,0.477386,-1.274619,-0.633074,0.578384,0.510063,0
0,0.1600,0.763690,-1.274619,-0.633074,-0.588282,-0.212150,0
0,0.4700,-0.023647,-1.092874,-0.633074,-1.294751,-1.656575,0
0,0.4600,0.477386,0.542825,0.125610,0.599136,0.510063,0
0,0.0400,0.334233,-0.729386,-0.633074,-0.188075,-0.212150,0
0,0.4000,-0.524680,-0.547641,2.211990,1.308001,1.232275,0
0,0.3300,-0.309951,-0.911130,2.528108,1.031433,1.232275,0
0,0.0700,-0.954136,-1.092874,3.286792,0.337709,0.510063,0
1,0.2000,-1.097288,-0.729386,2.211990,0.409747,0.510063,0
0,0.0600,-1.383592,-1.274619,2.211990,-0.643459,-0.212150,0
0,0.0400,0.191081,-1.274619,-0.633074,-0.768967,-0.934363,0
0,0.3000,0.047929,-1.274619,-0.633074,-0.810152,-0.934363,0
0,0.2800,-1.168864,-1.274619,1.895872,-1.094390,-0.934363,0
0,0.2300,0.763690,-1.274619,-0.633074,-0.835201,-0.934363,0
0,0.3100,-0.739408,-0.911130,1.010741,1.653706,1.232275,0
0,0.0300,0.334233,-1.274619,-0.633074,-0.417337,-0.212150,0
0,0.0200,0.334233,-1.274619,-0.633074,-0.417337,-0.212150,0
0,0.3200,-0.381527,-0.002408,-0.000838,0.634727,0.510063,0
0,0.0900,1.264722,-1.274619,-0.633074,-0.608833,-0.212150,0
0,0.0500,-0.596256,-1.274619,-0.633074,1.484337,1.232275,0
0,0.2600,-0.667832,-0.365897,2.528108,-0.933517,-0.934363,0
0,0.2900,-1.168864,0.361081,0.757846,0.439204,0.510063,0
0,0.0300,-0.882560,-1.274619,-0.190509,2.243436,1.954488,0
0,0.2200,-1.168864,-1.274619,-0.380180,1.571150,1.232275,0
0,0.1200,-0.524680,-1.274619,-0.633074,-0.304461,-0.212150,0
0,0.0500,-1.669897,0.361081,3.286792,-0.135626,-0.212150,0
0,0.1300,-0.524680,-0.184152,-0.190509,1.495061,1.232275,0
0,0.0600,0.477386,-1.274619,-0.633074,-2.330362,-1.656575,0
0,0.1600,-1.455169,-1.274619,1.263635,1.154592,1.232275,0
0,0.1100,-0.596256,0.361081,0.757846,0.773046,0.510063,0
0,0.0900,-0.381527,-1.274619,0.504951,0.333446,0.510063,0
0,0.0300,-1.598321,-0.002408,2.528108,0.792368,0.510063,0
0,0.1100,-1.383592,-1.274619,-0.443403,0.701267,0.510063,0
0,0.1100,-0.882560,-0.729386,-0.633074,0.999145,1.232275,0
0,0.0800,-1.598321,-1.274619,1.895872,-0.810152,-0.934363,0
0,0.0500,1.622603,-1.274619,-0.633074,-1.473821,-1.656575,0
0,0.0400,2.409940,-1.274619,-0.633074,0.443862,0.510063,0
0,0.0300,0.047929,-1.274619,-0.633074,-0.835201,-0.934363,0
0,0.0300,-0.882560,-1.274619,0.252057,-0.564625,-0.212150,0
0,1.0000,1.336299,-0.002408,-0.633074,-1.782400,-1.656575,0
0,0.7400,1.264722,-0.002408,-0.633074,-1.094390,-0.934363,0
0,0.4400,0.477386,0.179336,-0.633074,0.090960,-0.212150,0
0,0.7600,2.409940,0.542825,-0.633074,-1.745682,-1.656575,0
0,0.9100,1.264722,-0.365897,-0.633074,0.008358,-0.212150,0
0,1.0000,1.837331,0.906314,-0.633074,-0.786229,-0.934363,0
0,1.0000,1.479451,1.451547,-0.633074,-0.690173,-0.212150,0
0,1.0000,0.906842,0.906314,-0.633074,0.329867,0.510063,0
0,1.0000,1.049994,-0.184152,-0.633074,-0.405767,-0.212150,0
0,1.0000,-0.095223,0.724569,-0.633074,-0.469525,-0.212150,0
0,1.0000,1.407875,-0.184152,-0.633074,-0.630209,-0.212150,0
0,1.0000,0.477386,0.724569,-0.633074,-0.786229,-0.934363,0
0,0.5500,2.123635,-0.729386,-0.633074,-0.476015,-0.212150,0
0,0.2400,-1.526745,1.088058,-0.190509,-0.311605,-0.212150,0
0,0.5000,2.266788,-0.547641,-0.633074,-1.782400,-1.656575,0
0,1.0000,1.908907,1.088058,-0.633074,-0.804070,-0.934363,0
0,1.0000,2.839396,-0.002408,-0.633074,-0.469525,-0.212150,0
0,0.1500,1.407875,-0.365897,-0.633074,-0.295083,-0.212150,0
0,0.6600,0.906842,1.996780,-0.633074,0.099886,-0.212150,0
0,0.4900,2.266788,0.179336,-0.127285,0.090960,-0.212150,0
0,0.5000,2.123635,1.451547,-0.633074,-0.417337,-0.212150,0
0,1.0000,1.049994,-0.547641,-0.633074,-0.160302,-0.212150,0
0,0.7700,0.835266,-0.547641,-0.633074,-1.452948,-1.656575,0
0,1.0000,0.835266,0.179336,-0.633074,0.008358,-0.212150,0
0,1.0000,1.049994,1.451547,-0.633074,-1.473821,-1.656575,0
0,1.0000,1.980483,-0.184152,-0.633074,-0.786229,-0.934363,0
0,0.5200,-0.166799,-0.911130,-0.633074,0.480271,0.510063,0
0,1.0000,1.121570,-1.092874,-0.633074,0.634321,0.510063,0
0,1.0000,0.405810,1.088058,-0.633074,-0.786229,-0.934363,0
0,1.0000,1.407875,-0.184152,-0.633074,-1.394832,-1.656575,0
0,0.4900,0.334233,-0.547641,-0.633074,-0.174933,-0.212150,0
0,0.1100,-0.882560,1.269803,-0.633074,-0.513200,-0.212150,0
0,0.1100,0.548962,-0.729386,-0.633074,-1.063971,-0.934363,0
0,0.1900,0.191081,-0.547641,-0.633074,-1.413508,-1.656575,0
0,0.2000,0.835266,1.451547,-0.633074,-1.864439,-1.656575,0
0,0.1500,2.553092,-0.184152,-0.633074,0.842900,0.510063,0
0,1.0000,-1.240440,0.179336,0.757846,0.842900,0.510063,0
0,0.0600,-0.954136,2.360269,0.504951,0.842900,0.510063,0
0,0.5600,-1.312016,0.542825,2.528108,-1.126655,-1.656575,0
0,0.2700,-1.956201,0.542825,1.895872,0.842900,0.510063,0
0,1.0000,-1.455169,-1.092874,-0.443403,-0.099023,-0.212150,0
0,1.0000,1.622603,-0.365897,-0.633074,-1.910746,-1.656575,0
0,1.0000,-0.596256,1.996780,-0.633074,-1.541854,-1.656575,0
0,0.0500,-0.739408,0.724569,-0.633074,-1.864439,-1.656575,0
0,1.0000,1.336299,0.179336,-0.633074,-1.452948,-1.656575,0
0,0.6100,-1.312016,0.361081,0.504951,1.289391,1.232275,0
0,0.3400,0.119505,0.179336,-0.633074,-1.821840,-1.656575,0
0,0.3000,-1.025712,0.361081,-0.380180,-1.172962,-1.656575,0
0,0.4700,0.262657,0.542825,-0.633074,-2.080227,-1.656575,0
0,1.0000,0.692114,0.542825,-0.633074,0.639565,0.510063,0
0,0.1500,0.191081,-0.911130,-0.633074,-0.160302,-0.212150,0
0,0.4900,-0.309951,0.179336,-0.633074,-0.160302,-0.212150,0
0,1.0000,1.479451,1.996780,-0.633074,-0.244148,-0.212150,0
0,1.0000,1.622603,2.723758,-0.633074,-0.786229,-0.934363,0
0,0.5700,0.477386,0.179336,-0.633074,-1.452948,-1.656575,0
0,0.3300,-0.596256,0.179336,0.504951,-0.472760,-0.212150,0
0,1.0000,0.119505,0.906314,-0.633074,-1.619876,-1.656575,1
0,1.0000,0.763690,0.906314,-0.633074,0.271475,0.510063,0
0,1.0000,-0.882560,1.088058,1.895872,-0.160302,-0.212150,0
0,1.0000,-0.954136,1.088058,1.579753,-1.084056,-0.934363,0
0,1.0000,0.692114,0.724569,-0.633074,-1.172962,-1.656575,0
0,1.0000,-0.166799,0.179336,-0.633074,0.057287,-0.212150,0
0,0.9200,-0.238375,1.451547,-0.316956,0.671499,0.510063,0
0,0.6300,0.262657,1.269803,-0.633074,0.842900,0.510063,0
0,1.0000,-0.739408,-0.184152,-0.633074,-0.441260,-0.212150,0
0,1.0000,0.334233,-0.184152,-0.633074,-0.841652,-0.934363,0
0,1.0000,1.264722,-0.002408,-0.633074,-0.695078,-0.212150,0
0,0.1100,-1.097288,-0.729386,0.757846,-0.031183,-0.212150,0
0,0.1600,-0.739408,0.906314,-0.380180,-1.035196,-0.934363,0
0,0.7700,-0.095223,0.361081,-0.633074,-1.126655,-1.656575,0
0,1.0000,0.262657,4.904690,-0.633074,0.739531,0.510063,0
0,1.0000,2.123635,-1.092874,-0.633074,-1.210544,-1.656575,0
0,0.7300,1.336299,-1.092874,-0.633074,-1.185197,-1.656575,0
1,1.0000,1.049994,1.269803,-0.633074,0.265835,0.510063,0
0,0.4000,-1.168864,0.179336,1.263635,0.992776,1.232275,0
0,0.2000,1.551027,0.361081,-0.633074,-1.376790,-1.656575,0
0,0.4500,0.548962,1.269803,-0.000838,1.391703,1.232275,0
0,1.0000,0.620538,-0.547641,-0.633074,0.971050,1.232275,0
0,0.6800,-0.810984,-0.911130,-0.000838,0.656549,0.510063,0
0,1.0000,-0.954136,0.361081,0.504951,0.420152,0.510063,1
0,0.1300,0.906842,-1.092874,-0.633074,-0.643459,-0.212150,0
0,0.4000,-1.097288,1.269803,-0.380180,0.420152,0.510063,0
1,0.9600,-1.312016,0.179336,5.057054,0.627386,0.510063,0
0,0.6500,1.908907,-1.092874,-0.633074,-0.520249,-0.212150,0
0,0.0700,-1.526745,-0.729386,-0.633074,-0.999101,-0.934363,0
0,1.0000,1.837331,-0.547641,0.125610,-0.768967,-0.934363,0
0,1.0000,-0.667832,1.088058,1.263635,1.242394,1.232275,0
0,1.0000,2.839396,-0.547641,-0.633074,-1.044616,-0.934363,0
0,0.2000,0.477386,0.724569,-0.633074,0.582421,0.510063,0
0,0.6900,-1.025712,0.361081,2.907450,0.582421,0.510063,0
0,1.0000,-0.023647,1.088058,-0.633074,-0.661656,-0.212150,0
0,0.7100,-0.023647,0.724569,-0.569850,-0.153134,-0.212150,0
0,1.0000,-0.238375,0.179336,-0.633074,-0.162109,-0.212150,0
0,1.0000,0.334233,0.542825,-0.064061,-0.184287,-0.212150,0
0,0.2000,-1.312016,1.451547,2.211990,-0.476015,-0.212150,0
0,0.5700,0.405810,1.815036,1.579753,-1.197720,-1.656575,0
0,1.0000,1.694179,1.815036,-0.633074,-0.584265,-0.212150,0
0,0.2000,-0.095223,-0.547641,-0.633074,-0.896285,-0.934363,0
0,0.3900,1.407875,2.542013,-0.633074,-0.523809,-0.212150,0
0,0.5800,-0.954136,0.361081,-0.633074,0.877624,1.232275,0
0,1.0000,-0.453103,1.269803,-0.633074,-0.244148,-0.212150,0
0,1.0000,1.407875,-0.002408,-0.633074,0.638359,0.510063,0
0,0.1700,-0.453103,1.996780,0.252057,0.522411,0.510063,0
0,1.0000,-1.097288,0.542825,1.010741,-1.782400,-1.656575,0
0,0.9300,-1.813049,0.361081,2.211990,0.714330,0.510063,0
0,1.0000,-1.383592,-0.547641,1.010741,-0.154917,-0.212150,0
0,1.0000,-0.524680,-0.002408,-0.569850,-0.080070,-0.212150,0
0,0.4500,-0.023647,1.633291,1.769424,-0.049909,-0.212150,0
0,0.0800,0.906842,1.088058,-0.633074,1.282241,1.232275,0
0,0.5100,-1.097288,-0.911130,-0.064061,1.238631,1.232275,0
0,0.3900,-0.309951,1.996780,-0.633074,-1.137859,-1.656575,0
0,0.1900,0.692114,0.361081,-0.633074,0.622435,0.510063,0
0,1.0000,0.477386,-0.547641,-0.633074,-0.246264,-0.212150,0
0,1.0000,-1.240440,0.542825,-0.380180,0.090960,-0.212150,0
0,0.9600,0.334233,3.450735,-0.633074,-1.782400,-1.656575,0
0,0.1100,0.763690,-0.729386,-0.127285,-0.163922,-0.212150,0
0,0.8300,-0.739408,-0.729386,-0.000838,0.634727,0.510063,0
0,0.2500,-0.739408,2.178524,2.211990,-0.149586,-0.212150,0
0,0.7000,-1.598321,1.269803,1.895872,-1.279759,-1.656575,0
0,0.0800,-1.097288,0.179336,1.579753,-1.711335,-1.656575,0
0,0.2500,-1.383592,0.724569,2.528108,-0.203502,-0.212150,0
0,0.2300,-1.741473,-0.547641,1.895872,0.634727,0.510063,1
0,0.5300,0.405810,1.451547,-0.633074,-0.639006,-0.212150,0
0,0.2400,-1.097288,0.179336,0.757846,0.669605,0.510063,0
0,0.2900,0.763690,-1.092874,-0.633074,1.676607,1.232275,0
0,1.0000,0.620538,-0.547641,-0.633074,0.176044,0.510063,0
0,0.2000,-0.166799,-0.729386,-0.633074,1.676607,1.232275,0
0,0.2100,0.548962,1.815036,-0.506627,0.807511,0.510063,0
0,1.0000,-0.596256,1.451547,-0.380180,0.354429,0.510063,0
0,0.5500,1.765755,0.361081,-0.633074,0.204970,0.510063,0
0,1.0000,-0.023647,1.996780,-0.633074,-0.435178,-0.212150,0
0,1.0000,-1.240440,-0.184152,-0.380180,0.517386,0.510063,0
0,0.6600,0.047929,1.269803,-0.380180,-1.821840,-1.656575,0
0,0.4000,-0.954136,0.724569,0.504951,1.110747,1.232275,0
0,0.0200,-0.095223,0.724569,-0.633074,-0.288156,-0.212150,0
0,1.0000,-0.095223,0.906314,-0.633074,-1.172962,-1.656575,0
0,0.0300,-1.884625,1.633291,2.211990,1.470031,1.232275,0
0,0.5800,-1.813049,-0.547641,4.108699,0.553025,0.510063,0
0,1.0000,-0.453103,-0.365897,-0.633074,2.243436,1.954488,0
0,1.0000,1.193146,0.906314,-0.633074,0.848079,0.510063,0
0,0.6900,0.548962,-0.911130,-0.633074,1.676607,1.232275,0
0,0.4900,-1.168864,-0.365897,2.211990,1.138492,1.232275,0
0,0.6700,-1.168864,0.906314,-0.127285,1.138492,1.232275,0
0,0.5900,-1.455169,0.724569,1.010741,-0.768967,-0.934363,0
0,1.0000,0.835266,3.814224,-0.633074,-1.394832,-1.656575,0
0,1.0000,0.548962,-0.184152,-0.633074,1.243944,1.232275,0
0,1.0000,-0.810984,1.269803,-0.633074,1.686634,1.232275,0
0,0.9000,-0.309951,-1.092874,-0.633074,0.143420,0.510063,0
0,1.0000,0.620538,0.361081,-0.633074,-0.004947,-0.212150,0
0,0.4400,-0.667832,1.633291,-0.633074,0.480271,0.510063,0
0,1.0000,-0.954136,-1.092874,1.010741,0.671499,0.510063,0
0,0.2400,0.047929,1.269803,-0.633074,-0.375188,-0.212150,0
0,0.0600,-1.097288,-0.729386,-0.443403,1.243944,1.232275,0
0,1.0000,0.405810,-0.547641,1.010741,0.689705,0.510063,0
0,0.3000,-1.097288,0.906314,2.211990,0.640768,0.510063,0
0,1.0000,1.622603,-0.729386,-0.633074,-0.182403,-0.212150,0
0,0.8300,-0.023647,0.361081,-0.633074,0.184605,0.510063,0
0,0.8300,1.407875,-0.547641,-0.633074,-1.161002,-1.656575,0
0,0.6400,0.620538,-0.911130,-0.633074,0.640768,0.510063,0
0,0.3000,-0.882560,-0.729386,1.010741,1.255422,1.232275,0
1,1.0000,1.479451,0.724569,-0.316956,-1.073918,-0.934363,0
0,0.2000,-0.166799,-1.092874,-0.127285,0.008358,-0.212150,0
0,1.0000,-0.596256,1.633291,-0.633074,1.020952,1.232275,0
0,0.9100,-0.882560,-0.002408,0.252057,-1.495547,-1.656575,0
0,0.6600,-1.383592,-0.911130,-0.190509,-0.435178,-0.212150,0
0,1.0000,-0.095223,-0.547641,-0.633074,-1.821840,-1.656575,0
0,0.2700,-0.739408,-0.184152,-0.633074,-2.151292,-1.656575,0
0,1.0000,0.835266,3.632479,-0.633074,-1.961470,-1.656575,0
0,0.8100,-0.954136,1.088058,-0.190509,-1.432863,-1.656575,0
0,1.0000,1.908907,-0.729386,-0.633074,-0.786229,-0.934363,0
0,1.0000,0.978418,-0.365897,-0.633074,0.151514,0.510063,0
0,0.2600,0.334233,0.361081,-0.127285,-1.394832,-1.656575,0
0,0.8800,-0.596256,-0.547641,0.252057,-0.523809,-0.212150,0
0,0.1800,-0.238375,0.179336,-0.064061,-0.910866,-0.934363,0
1,1.0000,0.047929,-0.184152,-0.633074,0.059679,-0.212150,0
0,0.0300,0.978418,0.724569,-0.633074,-0.316421,-0.212150,0
0,0.5800,-1.383592,0.179336,0.252057,0.578384,0.510063,0
0,0.9800,-1.097288,-0.729386,-0.190509,0.099886,-0.212150,0
0,1.0000,-0.667832,-0.729386,-0.633074,-1.073918,-0.934363,0
0,1.0000,-0.524680,-0.365897,-0.633074,-0.868268,-0.934363,0
0,0.2400,-0.524680,0.542825,-0.569850,1.242394,1.232275,0
0,1.0000,0.835266,1.996780,-0.633074,-0.617280,-0.212150,0
0,1.0000,-0.309951,-1.092874,-0.633074,-0.941286,-0.934363,0
0,0.5800,1.694179,-0.729386,-0.316956,0.090960,-0.212150,0
1,1.0000,-0.954136,-1.092874,-0.569850,-0.617280,-0.212150,0
0,1.0000,1.765755,2.178524,-0.633074,-1.864439,-1.656575,0
0,0.0800,-0.238375,-0.002408,-0.633074,-1.910746,-1.656575,0
0,0.0400,2.624668,-0.729386,-0.633074,-0.725498,-0.212150,0
0,0.3900,-0.954136,-0.184152,1.263635,1.209046,1.232275,0
0,0.6100,-0.596256,1.088058,-0.190509,0.553025,0.510063,1
0,0.5900,0.620538,-1.274619,-0.633074,-0.377897,-0.212150,0
0,0.2400,2.052059,-0.547641,-0.633074,-0.160302,-0.212150,0
0,1.0000,1.336299,0.906314,-0.633074,-0.965299,-0.934363,0
1,0.8900,-1.312016,-1.092874,2.211990,0.999145,1.232275,0
0,0.8500,-0.810984,1.451547,-0.316956,-0.957174,-0.934363,0
2,1.0000,0.262657,-0.002408,-0.127285,-1.197720,-1.656575,0
0,1.0000,-0.810984,0.542825,-0.633074,-0.896285,-0.934363,0
0,0.5700,0.835266,0.542825,2.528108,-0.549418,-0.212150,0
0,0.8600,-1.526745,1.451547,0.757846,2.243436,1.954488,0
0,1.0000,-0.309951,-0.729386,-0.633074,1.178594,1.232275,0
0,1.0000,-0.596256,0.179336,-0.380180,0.354429,0.510063,0
0,0.0400,0.978418,1.269803,-0.633074,1.271577,1.232275,0
1,1.0000,1.121570,0.906314,3.286792,1.271577,1.232275,0
0,1.0000,0.262657,1.815036,-0.633074,1.271577,1.232275,0
0,1.0000,-0.667832,0.179336,-0.633074,1.271577,1.232275,0
0,0.2900,0.835266,0.179336,-0.633074,1.127535,1.232275,0
0,1.0000,2.338364,-0.729386,-0.633074,0.410981,0.510063,0
0,0.2600,-1.383592,-0.911130,0.504951,1.183960,1.232275,0
0,1.0000,-0.524680,0.906314,-0.633074,0.088705,-0.212150,0
0,0.7600,-0.453103,-0.547641,-0.633074,0.668466,0.510063,0
0,0.2200,1.264722,1.269803,-0.633074,1.012854,1.232275,0
0,0.5700,-0.739408,-0.911130,-0.127285,1.319981,1.232275,0
0,0.6600,0.191081,-0.547641,-0.633074,-0.326186,-0.212150,0
0,0.2900,0.191081,-0.729386,-0.633074,-0.647950,-0.212150,0
0,0.7900,-0.166799,0.906314,1.579753,0.638359,0.510063,0
0,0.2400,0.692114,0.542825,-0.000838,0.638359,0.510063,0
0,0.6300,-1.455169,1.088058,0.757846,0.638359,0.510063,0
0,0.1300,2.553092,-1.092874,-0.633074,0.482971,0.510063,0
0,0.7400,-0.667832,-1.092874,-0.127285,-1.592578,-1.656575,0
0,0.2300,0.620538,1.088058,-0.633074,0.078437,-0.212150,0
1,0.2800,0.620538,-0.547641,-0.569850,0.154518,0.510063,0
0,1.0000,-1.025712,-0.729386,-0.064061,-0.338651,-0.212150,0
0,1.0000,0.405810,0.906314,-0.633074,-0.058779,-0.212150,0
0,1.0000,-0.309951,1.269803,-0.633074,0.022620,-0.212150,0
0,0.4900,0.262657,-0.729386,-0.633074,-0.564625,-0.212150,0
1,0.5800,0.047929,-0.547641,1.895872,-0.265697,-0.212150,0
0,0.4100,2.052059,-1.092874,-0.064061,-0.918310,-0.934363,0
0,1.0000,0.477386,1.269803,-0.633074,1.191981,1.232275,0
0,1.0000,2.481516,0.179336,0.757846,0.600433,0.510063,0
0,0.2900,1.551027,1.269803,-0.633074,1.191981,1.232275,0
0,0.2000,-1.312016,1.088058,1.579753,1.191981,1.232275,0
0,1.0000,-0.309951,0.542825,-0.633074,1.136602,1.232275,0
0,1.0000,0.191081,-0.547641,-0.633074,-0.560782,-0.212150,0
0,1.0000,1.980483,1.996780,-0.633074,1.077788,1.232275,0
0,1.0000,-0.810984,2.178524,-0.633074,1.955738,1.954488,0
0,0.6000,-0.453103,-0.184152,-0.380180,0.521911,0.510063,0
0,1.0000,0.334233,0.361081,-0.190509,-1.961470,-1.656575,1
0,1.0000,1.551027,0.542825,-0.633074,-0.333630,-0.212150,0
0,0.4900,0.334233,1.633291,-0.633074,-0.333630,-0.212150,0
0,0.8700,-1.097288,1.088058,-0.190509,-1.864439,-1.656575,0
0,0.5800,-0.095223,-0.184152,-0.633074,-1.518197,-1.656575,0
0,1.0000,0.692114,5.995156,-0.633074,0.381830,0.510063,0
0,1.0000,0.119505,-1.092874,-0.633074,-0.600517,-0.212150,0
0,0.7500,0.334233,0.724569,-0.633074,-0.154917,-0.212150,0
0,0.7400,0.692114,-0.365897,-0.633074,-1.250984,-1.656575,0
0,0.0500,-0.453103,-1.274619,-0.633074,-0.356606,-0.212150,0
0,0.2400,-1.240440,-0.911130,-0.190509,-1.073918,-0.934363,0
0,1.0000,0.334233,0.361081,-0.633074,-2.151292,-1.656575,0
0,1.0000,-0.023647,1.633291,-0.633074,-0.250521,-0.212150,0
0,1.0000,1.121570,0.361081,-0.633074,1.319981,1.232275,0
0,1.0000,0.763690,-0.547641,-0.633074,0.668466,0.510063,0
0,1.0000,-0.596256,1.269803,-0.633074,1.319981,1.232275,0
0,1.0000,0.119505,0.542825,-0.633074,-0.604658,-0.212150,0
0,0.0400,-0.309951,1.996780,0.504951,-0.804070,-0.934363,1
0,1.0000,-0.453103,1.269803,-0.633074,-1.495547,-1.656575,0
0,1.0000,0.262657,-0.184152,-0.633074,0.634321,0.510063,0
0,0.4000,-1.383592,1.633291,4.108699,-1.473821,-1.656575,0
0,0.0200,-0.882560,-0.729386,-0.569850,-0.882092,-0.934363,0
0,0.6500,0.620538,1.633291,-0.633074,-0.786229,-0.934363,0
0,1.0000,-0.596256,-0.547641,-0.633074,0.490459,0.510063,0
0,0.8100,-1.097288,-0.184152,-0.380180,0.705539,0.510063,0
0,1.0000,0.405810,1.088058,-0.633074,0.204970,0.510063,0
0,1.0000,-0.954136,-0.002408,1.263635,-1.864439,-1.656575,0
0,1.0000,0.405810,-0.547641,-0.633074,0.971050,1.232275,0
1,1.0000,-0.954136,1.451547,1.263635,-0.364491,-0.212150,0
0,0.4000,-1.168864,0.179336,1.263635,1.145363,1.232275,0
0,1.0000,0.978418,1.451547,-0.633074,-0.288156,-0.212150,0
0,0.8700,0.119505,1.088058,0.252057,0.259314,0.510063,1
0,0.5200,-0.524680,-1.274619,-0.506627,0.958635,1.232275,0
0,0.0900,-1.813049,1.269803,2.528108,0.958635,1.232275,0
0,0.7300,1.049994,-0.002408,-0.316956,0.271475,0.510063,0
0,0.8700,-1.312016,-0.911130,0.188833,0.692982,0.510063,0
0,1.0000,-0.309951,1.088058,-0.633074,0.359208,0.510063,0
0,0.4100,-0.453103,-0.547641,-0.633074,-1.149305,-1.656575,0
0,1.0000,1.407875,0.179336,-0.633074,-0.910866,-0.934363,0
0,0.4900,0.191081,1.633291,1.579753,0.634321,0.510063,0
0,0.3700,0.477386,-0.365897,-0.633074,-0.311605,-0.212150,0
0,0.2300,0.262657,0.724569,-0.633074,0.229810,0.510063,0
0,1.0000,-0.882560,-0.002408,-0.633074,0.316043,0.510063,0
0,1.0000,-1.312016,0.361081,0.188833,0.740196,0.510063,0
0,0.7200,1.049994,-0.547641,0.504951,1.145363,1.232275,0
0,0.6400,0.978418,1.269803,-0.633074,-0.171238,-0.212150,0
0,1.0000,0.262657,-0.365897,-0.633074,-0.861488,-0.934363,0
0,0.6800,0.763690,1.269803,-0.633074,1.183960,1.232275,0
0,1.0000,1.622603,-0.002408,-0.633074,-0.600517,-0.212150,1
0,1.0000,-0.166799,-0.729386,-0.633074,-0.171238,-0.212150,0
0,1.0000,0.763690,0.361081,-0.633074,-1.094390,-0.934363,0
0,0.6600,0.262657,1.088058,1.073964,0.188366,0.510063,0
0,1.0000,0.477386,1.269803,-0.633074,0.517386,0.510063,0
0,1.0000,0.191081,0.906314,-0.506627,-2.151292,-1.656575,0
0,1.0000,0.906842,-0.911130,3.666133,-0.405767,-0.212150,0
0,1.0000,2.052059,0.179336,-0.633074,0.257672,0.510063,0
1,1.0000,0.262657,-0.002408,-0.633074,0.705539,0.510063,0
0,0.0900,0.334233,-0.365897,-0.633074,0.197654,0.510063,0
0,0.7100,0.334233,1.088058,-0.633074,0.197654,0.510063,0
0,0.2800,0.334233,1.088058,-0.633074,0.197654,0.510063,0
0,1.0000,0.763690,-0.729386,-0.633074,-0.613040,-0.212150,0
0,0.4900,-0.453103,-0.729386,-0.633074,-0.643459,-0.212150,0
0,1.0000,-0.667832,1.088058,-0.633074,1.209046,1.232275,0
0,0.5000,0.405810,-1.092874,1.453306,1.209046,1.232275,0
0,0.6200,0.763690,-1.092874,-0.633074,1.209046,1.232275,0
0,1.0000,-0.309951,-0.002408,-0.633074,-1.376790,-1.656575,0
0,0.9100,-1.669897,-0.002408,-0.633074,0.246870,0.510063,0
0,0.1500,1.551027,0.724569,0.125610,-1.172962,-1.656575,0
0,0.0800,0.191081,-0.911130,-0.633074,-0.957174,-0.934363,0
0,0.3600,0.906842,1.633291,-0.633074,-0.816305,-0.934363,0
0,0.4200,0.334233,-0.365897,-0.633074,1.430312,1.232275,0
0,0.8000,0.405810,1.633291,0.188833,1.127535,1.232275,0
0,0.2800,1.193146,1.633291,2.528108,1.127535,1.232275,0
0,0.9000,2.553092,-0.911130,0.568175,-1.495547,-1.656575,0
0,0.4400,-0.954136,-0.002408,2.528108,1.234973,1.232275,0
0,0.1800,0.047929,-0.002408,-0.633074,-0.311605,-0.212150,0
0,1.0000,-0.739408,-0.911130,-0.190509,0.151514,0.510063,0
0,1.0000,0.620538,0.724569,-0.633074,0.671499,0.510063,0
0,0.7500,0.191081,1.451547,-0.633074,-0.822529,-0.934363,0
0,0.2400,-0.810984,-0.547641,-0.380180,-1.237160,-1.656575,0
1,0.7800,-0.023647,-0.184152,-0.633074,-0.160302,-0.212150,0
0,0.3200,0.477386,-1.092874,-0.633074,-0.798056,-0.934363,0
0,0.3100,-1.598321,-0.729386,2.211990,-1.172962,-1.656575,0
0,1.0000,0.405810,1.088058,-0.633074,-0.868268,-0.934363,0
0,0.2500,-1.741473,-0.365897,3.666133,0.921445,1.232275,0
0,0.0300,0.405810,-0.911130,-0.633074,0.921445,1.232275,0
0,1.0000,2.481516,-0.002408,-0.633074,0.141377,0.510063,0
1,1.0000,-0.453103,-0.911130,0.631399,0.623677,0.510063,0
0,0.0200,-0.023647,-0.547641,-0.633074,1.271577,1.232275,0
0,1.0000,-1.168864,0.361081,-0.633074,-1.376790,-1.656575,0
1,0.7100,1.121570,1.269803,-0.633074,-1.172962,-1.656575,0
0,0.2800,-1.813049,2.178524,1.895872,-1.452948,-1.656575,0
0,1.0000,-0.238375,1.815036,-0.633074,-0.786229,-0.934363,0
0,0.2500,-1.526745,-0.002408,0.757846,-0.741386,-0.934363,0
0,0.3900,-1.025712,1.088058,-0.569850,-1.376790,-1.656575,0
0,0.3500,0.262657,1.451547,-0.633074,-1.342443,-1.656575,0
0,0.8000,0.906842,0.542825,-0.316956,-0.910866,-0.934363,0
0,1.0000,-0.810984,1.269803,-0.380180,-0.661656,-0.212150,0
0,0.5600,0.620538,-0.911130,1.579753,2.243436,1.954488,0
0,0.3800,-1.168864,1.451547,4.108699,1.243944,1.232275,0
0,0.6000,0.835266,0.179336,-0.633074,-0.685313,-0.212150,0
0,1.0000,0.477386,1.269803,0.757846,-0.736037,-0.934363,0
0,0.2800,0.405810,1.269803,2.211990,-1.126655,-1.656575,0
0,1.0000,2.409940,0.906314,-0.633074,0.634321,0.510063,0
0,0.1300,-0.596256,-0.184152,0.252057,-1.172962,-1.656575,0
0,1.0000,-1.383592,1.269803,0.252057,-0.359221,-0.212150,0
0,0.2200,-0.238375,-1.092874,-0.633074,0.246870,0.510063,0
0,0.5200,-1.741473,1.088058,2.528108,0.334159,0.510063,0
1,0.6400,-1.025712,1.269803,0.694622,-0.201549,-0.212150,0
0,0.7100,0.692114,0.906314,0.504951,-0.453637,-0.212150,0
0,0.0400,-0.524680,0.361081,-0.253732,-0.841652,-0.934363,0
0,0.4300,0.763690,-0.911130,-0.633074,0.712583,0.510063,0
0,1.0000,1.193146,1.088058,-0.633074,0.667324,0.510063,0
0,0.2400,0.191081,-0.184152,-0.633074,-0.509710,-0.212150,0
0,1.0000,2.409940,0.724569,-0.633074,0.417722,0.510063,0
0,1.0000,1.479451,-0.547641,-0.633074,-0.941286,-0.934363,0
0,0.5800,-0.023647,-0.184152,-0.633074,0.197654,0.510063,0
0,0.9600,-0.667832,1.269803,2.211990,0.638359,0.510063,0
0,0.2400,-1.598321,2.178524,2.528108,-0.244148,-0.212150,0
0,0.7500,-1.025712,-1.274619,-0.127285,-1.161002,-1.656575,0
0,0.9700,0.047929,-1.274619,-0.380180,-0.973550,-0.934363,0
0,1.0000,0.477386,0.179336,-0.633074,1.676607,1.232275,0
0,1.0000,-0.882560,-0.002408,-0.633074,0.219306,0.510063,0
1,0.7100,1.551027,-0.365897,-0.633074,-0.080070,-0.212150,0
0,1.0000,-0.238375,1.088058,-0.633074,-1.044616,-0.934363,0
0,0.9800,-0.667832,-0.002408,-0.506627,-1.342443,-1.656575,0
0,0.2300,-0.882560,1.269803,-0.000838,0.458162,0.510063,0
0,1.0000,-1.168864,0.542825,-0.633074,-0.372494,-0.212150,0
0,0.0400,-0.524680,-0.547641,0.125610,-0.479290,-0.212150,0
0,1.0000,1.121570,-0.911130,-0.633074,1.238631,1.232275,0
0,0.0200,-1.383592,-0.911130,0.378504,-0.509710,-0.212150,0
0,0.8400,-1.383592,-0.911130,0.125610,-0.509710,-0.212150,0
0,0.8300,-1.025712,-0.547641,0.252057,0.302606,0.510063,0
0,0.2900,-0.954136,-0.365897,0.757846,-0.647950,-0.212150,0
0,0.4100,-0.238375,-0.729386,-0.633074,-1.864439,-1.656575,0
0,0.5400,-0.238375,1.633291,-0.633074,-0.014463,-0.212150,0
0,0.0400,-0.954136,-0.729386,0.757846,-0.621555,-0.212150,0
1,0.5700,-1.168864,0.724569,2.528108,-0.492596,-0.212150,0
0,0.5200,0.548962,1.815036,-0.633074,-0.388870,-0.212150,0
0,0.3100,1.049994,0.179336,-0.633074,-1.910746,-1.656575,0
0,1.0000,-0.739408,0.361081,-0.633074,-1.432863,-1.656575,0
0,0.7300,-1.097288,0.906314,-0.633074,-0.576322,-0.212150,0
0,0.3000,-0.309951,0.906314,-0.633074,1.183960,1.232275,0
0,1.0000,0.262657,0.542825,-0.633074,0.517386,0.510063,0
0,1.0000,-0.381527,1.451547,0.252057,-1.084056,-0.934363,0
0,1.0000,0.119505,1.088058,-0.633074,0.517386,0.510063,0
0,1.0000,-1.025712,0.361081,-0.190509,1.456715,1.232275,0
0,1.0000,0.978418,1.088058,-0.633074,1.676607,1.232275,0
0,1.0000,-0.739408,1.451547,-0.633074,1.271577,1.232275,0
0,1.0000,0.262657,-0.911130,-0.633074,-0.560782,-0.212150,0
0,0.3100,-0.667832,1.088058,-0.569850,-1.063971,-0.934363,0
0,0.0600,0.620538,0.179336,-0.633074,-0.560782,-0.212150,0
0,0.5800,-1.526745,1.088058,2.211990,-1.376790,-1.656575,0
0,1.0000,-0.238375,-0.911130,-0.633074,-1.619876,-1.656575,0
0,0.2300,-1.455169,1.451547,1.895872,-1.376790,-1.656575,0
0,0.2000,-1.598321,-0.547641,0.757846,0.450774,0.510063,0
0,1.0000,0.477386,0.542825,-0.316956,1.391703,1.232275,0
0,0.0500,-1.526745,-0.002408,-0.633074,1.092042,1.232275,0
0,0.7500,0.334233,0.361081,-0.633074,0.332732,0.510063,0
0,0.5700,0.978418,-0.002408,-0.633074,-0.918310,-0.934363,0
0,0.0500,0.620538,0.724569,-0.633074,-0.588282,-0.212150,0
0,1.0000,-0.882560,2.360269,-0.064061,-1.073918,-0.934363,0
0,1.0000,-0.453103,-0.911130,0.504951,-0.835201,-0.934363,0
0,0.5800,-1.025712,1.088058,1.895872,-1.648651,-1.656575,0
0,1.0000,-0.023647,0.724569,1.579753,-0.710071,-0.212150,0
0,0.8600,-1.383592,0.542825,-0.000838,-0.274567,-0.212150,0
0,0.0500,-0.739408,0.906314,0.757846,-0.509710,-0.212150,0
0,0.2700,0.548962,1.451547,-0.633074,-0.774659,-0.934363,0
0,1.0000,-0.739408,1.633291,-0.190509,0.627386,0.510063,0
0,1.0000,1.694179,0.906314,-0.633074,-0.417337,-0.212150,0
0,0.2400,0.405810,-0.184152,-0.633074,0.520407,0.510063,0
0,1.0000,-1.240440,-0.911130,0.757846,-0.326186,-0.212150,0
0,0.6000,-0.596256,1.996780,-0.380180,1.704999,1.232275,0
0,0.4400,-1.383592,-0.002408,1.010741,0.634321,0.510063,0
0,1.0000,1.049994,-0.002408,-0.633074,0.152518,0.510063,0
0,1.0000,0.119505,0.361081,-0.633074,0.406647,0.510063,0
0,0.1900,-1.168864,1.451547,2.211990,-0.810152,-0.934363,0
0,0.1100,-1.383592,0.542825,1.579753,1.077788,1.232275,0
0,0.6300,0.477386,-0.184152,-0.633074,-1.679070,-1.656575,0
0,0.1200,-0.739408,1.269803,0.252057,-0.523809,-0.212150,0
0,0.4800,-1.813049,1.996780,2.528108,-1.619876,-1.656575,0
0,0.4000,0.548962,-1.274619,0.315280,-1.326066,-1.656575,0
0,0.5800,0.477386,1.451547,-0.633074,-1.432863,-1.656575,0
0,1.0000,0.191081,0.906314,-0.633074,-0.523809,-0.212150,0
0,0.7500,-0.166799,-0.729386,-0.633074,-0.523809,-0.212150,0
0,0.4000,0.191081,-0.729386,-0.633074,-0.173082,-0.212150,0
0,1.0000,-0.524680,-0.002408,-0.000838,0.424979,0.510063,0
0,0.2800,-1.383592,1.633291,2.211990,0.424979,0.510063,0
0,0.7100,-0.023647,-1.274619,-0.633074,-0.690173,-0.212150,0
0,0.7100,0.763690,0.361081,-0.633074,0.000415,-0.212150,0
0,0.5300,-0.667832,1.451547,-0.633074,-1.413508,-1.656575,0
0,0.2000,-1.025712,-1.274619,-0.506627,-1.185197,-1.656575,0
0,0.2900,0.405810,0.724569,-0.633074,-1.185197,-1.656575,0
0,0.1500,-1.312016,0.361081,1.010741,-1.185197,-1.656575,0
1,0.1600,0.047929,2.360269,-0.633074,-1.821840,-1.656575,0
0,0.2400,0.262657,-0.002408,1.010741,1.299126,1.232275,1
0,1.0000,1.264722,-0.547641,-0.633074,-0.710071,-0.212150,0
0,1.0000,-0.524680,-1.092874,-0.633074,-0.432162,-0.212150,0
0,1.0000,-0.166799,-0.729386,-0.633074,-0.710071,-0.212150,0
0,0.0300,1.336299,-1.274619,-0.633074,-0.990447,-0.934363,0
0,0.2300,0.692114,0.906314,-0.633074,1.191981,1.232275,0
0,0.5000,-0.524680,-0.002408,-0.633074,1.191981,1.232275,0
0,0.2400,0.119505,0.724569,-0.633074,-1.294751,-1.656575,0
0,0.4600,0.477386,0.179336,-0.633074,-0.523809,-0.212150,0
0,0.7600,0.978418,2.178524,1.263635,-1.452948,-1.656575,0
1,1.0000,-0.166799,-0.911130,-0.633074,-1.342443,-1.656575,0
0,0.0900,0.477386,0.361081,-0.633074,0.771796,0.510063,0
0,1.0000,-0.309951,-0.547641,-0.633074,-0.041184,-0.212150,0
0,0.0500,-0.596256,1.451547,2.211990,-0.730741,-0.212150,0
0,0.5700,0.548962,-0.184152,-0.316956,1.145363,1.232275,0
0,1.0000,-1.097288,0.361081,1.010741,-0.828828,-0.934363,0
0,1.0000,-1.168864,0.179336,1.010741,0.594788,0.510063,0
0,0.7800,-0.095223,-0.547641,-0.633074,-1.197720,-1.656575,0
0,0.6300,-1.025712,-0.184152,-0.190509,1.344338,1.232275,0
0,0.5300,-1.455169,0.724569,1.010741,-1.452948,-1.656575,0
0,1.0000,-0.166799,1.088058,-0.633074,-0.710071,-0.212150,0
0,0.2400,0.119505,1.088058,-0.633074,-1.376790,-1.656575,0
0,1.0000,1.551027,0.906314,4.108699,-1.782400,-1.656575,0
0,0.4700,0.978418,0.542825,0.504951,1.092042,1.232275,0
0,0.4100,-1.669897,-0.729386,1.895872,0.137267,0.510063,0
0,1.0000,0.119505,-1.092874,-0.633074,-0.154917,-0.212150,0
0,1.0000,-0.238375,1.451547,-0.633074,-0.534634,-0.212150,0
0,1.0000,-0.023647,0.542825,-0.190509,1.271577,1.232275,0
0,0.3300,0.477386,-0.547641,-0.633074,1.384525,1.232275,0
0,0.0900,-1.025712,-0.184152,0.757846,2.243436,1.954488,0
0,0.2000,0.548962,0.724569,-0.000838,-0.146061,-0.212150,0
0,0.4300,-0.667832,0.542825,4.108699,1.025830,1.232275,0
0,1.0000,-0.954136,0.724569,0.441728,-0.868268,-0.934363,0
0,1.0000,-0.309951,-0.911130,-0.633074,-1.910746,-1.656575,0
0,0.6900,-0.453103,-1.092874,-0.633074,-1.961470,-1.656575,0
0,1.0000,-0.882560,-0.547641,0.694622,-0.125391,-0.212150,0
0,0.1300,-0.381527,-0.365897,-0.190509,-0.990447,-0.934363,0
0,0.9000,0.477386,1.088058,-0.633074,0.028979,-0.212150,0
0,0.5300,-0.596256,0.179336,-0.190509,1.020952,1.232275,0
0,0.1100,1.551027,-0.911130,-0.633074,1.191981,1.232275,0
0,0.4100,-1.455169,-0.002408,1.895872,-1.592578,-1.656575,0
0,0.5300,0.548962,-1.092874,-0.633074,-1.265177,-1.656575,0
0,0.4400,-1.383592,-0.184152,1.010741,-0.647950,-0.212150,0
0,0.2800,0.906842,0.361081,1.895872,1.319981,1.232275,0
0,1.0000,0.262657,0.542825,0.125610,-0.302101,-0.212150,1
0,0.1300,0.334233,1.451547,-0.506627,1.625512,1.232275,0
0,0.6200,0.405810,0.179336,0.757846,1.265793,1.232275,0
0,1.0000,0.262657,2.723758,-0.633074,-1.084056,-0.934363,0
0,1.0000,0.477386,-0.547641,-0.633074,0.334159,0.510063,0
0,1.0000,0.334233,0.361081,-0.633074,0.246870,0.510063,0
0,0.9900,0.191081,-0.184152,-0.633074,-0.639006,-0.212150,0
0,0.1600,-0.095223,0.361081,0.568175,0.073809,-0.212150,0
0,1.0000,1.622603,0.361081,-0.633074,-0.705026,-0.212150,0
0,0.4300,0.692114,-0.911130,-0.190509,-0.377897,-0.212150,0
0,0.0200,-1.598321,1.269803,4.108699,-0.154917,-0.212150,0
0,1.0000,-1.312016,-0.002408,1.263635,0.634321,0.510063,0
0,1.0000,0.548962,0.179336,-0.633074,0.158498,0.510063,0
0,0.0300,-1.884625,-0.365897,2.528108,-1.044616,-0.934363,0
0,0.8600,0.191081,-0.184152,-0.633074,-0.965299,-0.934363,0
0,0.7500,-0.524680,0.724569,-0.633074,-0.746789,-0.934363,0
0,0.7500,0.119505,1.269803,-0.633074,-0.553179,-0.212150,0
0,0.8000,0.477386,-0.729386,-0.633074,-0.235766,-0.212150,0
0,0.6400,-0.238375,1.088058,-0.633074,1.179468,1.232275,0
0,0.1800,-1.598321,-0.547641,1.579753,0.714330,0.510063,0
0,1.0000,-0.238375,1.269803,-0.633074,-0.520249,-0.212150,0
0,0.0500,0.978418,-0.729386,-0.633074,-0.328656,-0.212150,0
0,0.0700,0.620538,0.361081,-0.633074,-1.566612,-1.656575,0
0,1.0000,1.264722,0.542825,-0.633074,-1.473821,-1.656575,0
0,0.7900,-1.526745,-0.365897,0.757846,-1.592578,-1.656575,0
0,0.5000,-1.526745,0.724569,1.579753,1.135655,1.232275,0
0,0.5300,-0.954136,1.088058,-0.506627,-1.126655,-1.656575,0
0,0.1100,-1.669897,0.179336,1.895872,-0.188075,-0.212150,0
0,0.2600,-1.741473,-1.092874,0.757846,1.001996,1.232275,0
0,1.0000,0.191081,1.451547,-0.633074,-1.518197,-1.656575,0
0,0.3800,-1.240440,-0.911130,0.821070,1.325319,1.232275,0
0,1.0000,0.692114,-0.911130,-0.000838,-0.469525,-0.212150,0
0,0.5800,0.405810,-1.092874,-0.633074,-0.469525,-0.212150,0
0,0.3200,-0.954136,1.451547,1.263635,0.329867,0.510063,0
0,0.8200,-0.739408,0.361081,-0.000838,0.329867,0.510063,0
0,0.0600,-0.810984,0.361081,-0.380180,0.329867,0.510063,0
0,1.0000,-0.882560,-1.092874,-0.190509,-0.045529,-0.212150,0
0,0.4900,0.835266,-1.092874,-0.633074,1.391703,1.232275,0
0,0.2800,1.551027,1.633291,-0.633074,1.127535,1.232275,0
0,0.8100,0.620538,1.815036,-0.633074,1.127535,1.232275,0
0,0.7600,-1.312016,1.088058,0.252057,1.127535,1.232275,0
0,1.0000,-0.596256,-0.184152,0.757846,1.579313,1.232275,0
0,0.4700,1.121570,0.542825,-0.633074,-0.331137,-0.212150,0
0,1.0000,-1.741473,0.906314,3.666133,-1.035196,-0.934363,0
0,0.4400,-1.240440,0.542825,0.504951,-1.035196,-0.934363,0
0,0.8000,-1.168864,-0.911130,2.211990,-1.679070,-1.656575,0
0,0.8400,-1.598321,1.451547,1.895872,-1.172962,-1.656575,0
0,0.3600,-1.097288,1.633291,2.528108,0.671499,0.510063,0
0,0.9800,-0.166799,-0.002408,1.010741,0.309367,0.510063,0
0,0.2900,0.405810,-0.365897,-0.633074,-0.600517,-0.212150,0
0,0.5200,-1.813049,1.088058,-0.633074,0.309367,0.510063,0
0,1.0000,-0.954136,0.724569,-0.633074,-0.014463,-0.212150,0
0,0.7200,1.622603,0.542825,-0.633074,-0.295083,-0.212150,0
0,0.4600,-0.524680,1.088058,-0.633074,-0.295083,-0.212150,0
0,0.3100,-1.741473,1.088058,2.528108,0.691528,0.510063,0
0,0.7600,-1.669897,1.451547,2.211990,1.025830,1.232275,0
0,0.1000,-1.097288,-1.274619,0.757846,-0.710071,-0.212150,0
0,0.6700,-1.312016,-1.274619,1.010741,-0.456777,-0.212150,0
0,0.0500,-1.168864,-0.729386,-0.633074,-0.630209,-0.212150,0
0,0.6800,-1.383592,-0.911130,2.211990,0.950194,1.232275,0
0,1.0000,-0.381527,0.179336,-0.633074,-0.757762,-0.934363,0
0,0.5500,-0.954136,1.451547,-0.380180,0.405402,0.510063,0
0,0.4600,-1.097288,0.724569,1.010741,-0.647950,-0.212150,0
0,0.7200,0.334233,-1.274619,-0.633074,1.676607,1.232275,0
0,0.1400,0.477386,-1.092874,-0.569850,-0.523809,-0.212150,0
0,1.0000,0.405810,-1.092874,-0.633074,-0.798056,-0.934363,0
0,0.2000,-0.238375,-0.911130,-0.633074,-1.452948,-1.656575,0
0,0.2500,0.405810,-0.911130,-0.633074,1.539038,1.232275,0
0,0.6800,-1.669897,0.361081,-0.380180,0.947501,1.232275,0
0,1.0000,-0.309951,-0.547641,-0.633074,1.025830,1.232275,1
0,0.7600,-0.095223,-0.365897,-0.633074,0.885014,1.232275,0
0,1.0000,-1.097288,0.179336,-0.380180,-0.553179,-0.212150,0
0,0.1500,0.191081,1.633291,-0.633074,0.676764,0.510063,0
0,1.0000,-0.453103,1.815036,0.504951,0.714330,0.510063,0
0,0.3300,-1.168864,-0.184152,0.252057,-1.115681,-1.656575,0
0,1.0000,-0.954136,-0.547641,-0.190509,2.150387,1.954488,0
0,1.0000,-0.524680,0.542825,0.757846,-0.730741,-0.212150,0
0,1.0000,1.121570,1.088058,-0.569850,0.634321,0.510063,1
0,1.0000,-1.240440,0.906314,-0.380180,-0.447413,-0.212150,0
0,0.2500,-1.526745,-1.092874,0.757846,0.480271,0.510063,0
0,0.6000,1.407875,0.179336,-0.633074,-0.063270,-0.212150,0
0,1.0000,-1.526745,1.088058,0.757846,-0.768967,-0.934363,0
0,0.8300,-0.381527,-0.365897,-0.253732,1.025830,1.232275,0
0,0.0300,-1.741473,0.724569,2.528108,0.326986,0.510063,0
0,0.0700,0.477386,0.724569,0.884293,-0.580279,-0.212150,0
0,0.2400,-0.954136,-1.092874,-0.569850,0.634321,0.510063,0
0,0.8300,1.049994,0.906314,-0.633074,0.532813,0.510063,0
0,1.0000,-0.596256,-0.729386,-0.633074,-0.584265,-0.212150,0
1,0.9700,-0.882560,-0.729386,0.504951,0.981497,1.232275,0
0,0.4300,-0.095223,1.269803,-0.569850,0.788134,0.510063,0
0,0.2900,-0.238375,0.361081,2.211990,1.020952,1.232275,0
1,0.2400,0.835266,1.088058,2.528108,0.183661,0.510063,0
1,0.1400,-1.455169,1.088058,2.211990,-0.981932,-0.934363,0
0,0.0500,-0.882560,-1.274619,-0.633074,-1.197720,-1.656575,0
0,1.0000,0.405810,1.088058,-0.380180,-0.146061,-0.212150,0
0,1.0000,-0.095223,-0.184152,-0.633074,0.379218,0.510063,0
0,1.0000,0.692114,-0.184152,-0.569850,1.271577,1.232275,0
0,1.0000,-0.309951,-1.092874,-0.633074,1.271577,1.232275,0
1,0.7500,-0.596256,-1.092874,0.125610,0.517890,0.510063,0
0,1.0000,-0.667832,2.178524,-0.633074,0.623677,0.510063,0
0,1.0000,-1.455169,-0.547641,0.252057,-0.538291,-0.212150,0
0,0.6600,-0.166799,1.088058,-0.633074,0.008358,-0.212150,0
0,0.3800,-0.954136,-0.184152,0.757846,-1.910746,-1.656575,0
0,0.3600,-1.455169,-1.092874,1.579753,-1.782400,-1.656575,0
0,0.1100,-1.097288,-0.911130,-0.633074,-0.417337,-0.212150,0
0,0.8000,-0.309951,0.724569,-0.000838,1.676607,1.232275,0
0,0.7000,-1.455169,-0.729386,1.579753,1.127535,1.232275,0
0,0.0700,-0.667832,0.724569,2.528108,0.995045,1.232275,0
0,1.0000,1.551027,-1.092874,-0.000838,-0.331137,-0.212150,0
0,1.0000,0.405810,1.269803,-0.633074,-1.473821,-1.656575,0
0,0.4600,0.047929,-1.092874,-0.633074,-0.786229,-0.934363,0
0,0.2200,0.047929,0.724569,0.252057,0.200410,0.510063,0
0,0.4100,0.620538,-0.547641,-0.633074,-1.495547,-1.656575,0
0,0.0300,0.548962,-1.092874,-0.633074,-0.304461,-0.212150,0
0,0.2400,-1.526745,2.178524,0.757846,-1.910746,-1.656575,0
0,1.0000,0.835266,-1.092874,-0.633074,1.024469,1.232275,0
0,0.5900,0.191081,-0.547641,-0.633074,0.851863,0.510063,0
0,1.0000,-0.882560,0.179336,-0.380180,0.480271,0.510063,0
0,0.1200,-1.455169,0.542825,1.010741,1.243944,1.232275,0
0,0.8600,-0.524680,-0.729386,-0.380180,1.243944,1.232275,0
0,0.3700,-0.381527,1.088058,-0.633074,-0.918310,-0.934363,0
0,0.1900,-0.309951,0.542825,3.666133,1.566739,1.232275,0
1,0.4700,-1.097288,-1.274619,1.263635,-1.342443,-1.656575,0
0,0.4100,-0.309951,2.542013,-0.633074,-1.016843,-0.934363,0
0,1.0000,-0.381527,-0.002408,-0.633074,0.046389,-0.212150,0
0,0.0900,-0.882560,-1.092874,-0.633074,0.327708,0.510063,0
0,0.7200,-0.524680,-0.911130,-0.633074,0.639565,0.510063,0
0,0.0800,0.405810,-1.274619,-0.633074,-0.375188,-0.212150,0
0,0.6700,0.548962,-0.547641,-0.633074,-0.685313,-0.212150,0
0,0.6600,-0.954136,0.361081,-0.000838,0.639565,0.510063,1
0,0.5300,0.262657,-1.274619,-0.633074,1.208081,1.232275,0
0,1.0000,-1.455169,0.361081,1.895872,0.517386,0.510063,0
0,0.8000,0.405810,1.088058,-0.633074,-0.804070,-0.934363,0
0,0.4900,-0.954136,0.542825,0.504951,0.517386,0.510063,0
0,0.1600,-0.739408,1.996780,2.528108,1.243944,1.232275,0
0,0.3700,-0.882560,0.724569,2.528108,0.517386,0.510063,0
0,0.7400,-0.667832,0.179336,0.757846,0.517386,0.510063,0
0,0.8600,0.763690,-0.365897,-0.633074,-0.910866,-0.934363,1
0,0.0300,-0.453103,1.451547,2.528108,1.183960,1.232275,0
0,0.0500,-1.813049,1.088058,2.211990,-0.117010,-0.212150,0
0,0.1600,0.620538,1.088058,0.504951,-1.821840,-1.656575,0
0,0.9600,0.191081,0.179336,-0.633074,-1.104929,-0.934363,0
0,1.0000,0.334233,0.542825,-0.633074,-0.516713,-0.212150,0
0,0.9100,-0.739408,-0.184152,0.504951,0.334159,0.510063,0
0,0.4500,-0.954136,-0.547641,-0.569850,-0.151357,-0.212150,0
0,0.0900,-0.238375,-1.274619,-0.190509,0.137267,0.510063,0
0,0.4100,0.191081,-1.274619,-0.633074,-0.685313,-0.212150,0
0,0.1500,-0.023647,0.542825,-0.633074,-1.648651,-1.656575,0
0,0.4900,0.119505,-1.274619,-0.633074,-0.154917,-0.212150,0
0,0.0700,-0.739408,-1.274619,2.211990,1.339404,1.232275,0
0,0.1000,2.052059,-1.274619,-0.633074,-1.961470,-1.656575,0
0,0.0700,-0.453103,-0.547641,-0.380180,0.586427,0.510063,0
0,0.5900,0.620538,1.088058,-0.633074,0.947501,1.232275,0
0,0.5000,-1.383592,0.361081,0.504951,1.078141,1.232275,0
0,0.4400,-0.238375,-1.274619,-0.633074,1.127535,1.232275,0
0,0.2000,-0.095223,-0.184152,-0.633074,0.634321,0.510063,0
0,0.0800,0.119505,0.906314,-0.633074,-1.326066,-1.656575,0
0,0.3200,-0.166799,0.906314,-0.633074,0.251882,0.510063,0
0,0.2500,0.763690,1.451547,-0.633074,-0.316421,-0.212150,0
0,0.7200,0.548962,-1.274619,-0.633074,0.600433,0.510063,0
0,0.5000,-0.739408,-1.092874,-0.633074,1.020952,1.232275,0
0,0.3200,-0.023647,1.815036,-0.633074,-1.342443,-1.656575,0
0,0.2200,0.119505,-1.092874,-0.633074,-0.223437,-0.212150,0
0,0.0900,-1.813049,-0.184152,1.895872,-0.657048,-0.212150,0
0,0.1300,-1.025712,-0.365897,0.252057,1.209046,1.232275,0
0,1.0000,0.405810,-1.092874,-0.633074,-1.592578,-1.656575,0
0,0.4700,0.334233,-0.184152,-0.633074,0.851324,0.510063,0
0,1.0000,0.405810,1.269803,1.895872,1.271577,1.232275,0
0,1.0000,0.191081,-0.729386,-0.633074,0.420152,0.510063,0
0,1.0000,1.336299,1.088058,-0.633074,-0.965299,-0.934363,0
0,0.6200,-0.739408,0.724569,-0.569850,-1.035196,-0.934363,0
0,0.0800,-1.813049,1.996780,2.528108,-0.417337,-0.212150,0
0,0.3500,1.551027,-1.274619,-0.253732,-1.035196,-0.934363,0
0,0.3600,0.119505,-0.547641,-0.633074,-0.889141,-0.934363,0
0,0.1700,-1.168864,0.179336,1.010741,-2.449119,-1.656575,0
0,0.1300,0.548962,0.724569,2.528108,1.127535,1.232275,0
0,1.0000,1.479451,0.179336,-0.633074,-0.402913,-0.212150,0
0,1.0000,0.978418,0.179336,-0.633074,0.204970,0.510063,0
0,1.0000,-0.739408,1.996780,-0.633074,-0.466309,-0.212150,0
0,0.3500,1.121570,0.542825,-0.633074,0.739864,0.510063,0
0,0.0700,0.477386,-0.547641,-0.633074,-0.250521,-0.212150,0
0,0.9100,-1.383592,1.088058,2.211990,-1.864439,-1.656575,0
0,0.3800,1.264722,3.268991,-0.633074,-0.741386,-0.934363,0
0,1.0000,-1.312016,-0.184152,2.591332,-1.452948,-1.656575,0
0,0.8400,-1.884625,1.633291,2.528108,-0.091044,-0.212150,0
0,0.2500,-0.810984,-1.274619,1.137188,1.319981,1.232275,0
0,0.4100,-0.453103,-0.002408,-0.380180,1.083745,1.232275,1
0,0.9100,2.982548,-0.184152,-0.633074,-1.566612,-1.656575,0
0,0.9000,-1.526745,-0.365897,0.757846,-1.473821,-1.656575,0
0,0.1600,-0.954136,-1.092874,-0.633074,-0.118675,-0.212150,0
0,0.0500,-1.455169,-1.092874,0.757846,0.193959,0.510063,0
0,0.3200,0.978418,-0.729386,-0.633074,0.143420,0.510063,0
0,1.0000,1.264722,0.179336,-0.633074,-0.652480,-0.212150,0
0,0.9500,-0.810984,-0.002408,-0.633074,1.686634,1.232275,0
0,0.4400,0.763690,1.451547,-0.633074,0.899985,1.232275,0
0,0.9400,0.334233,0.361081,-0.633074,0.143420,0.510063,0
0,1.0000,-0.166799,0.361081,-0.380180,-1.310178,-1.656575,0
0,0.1600,-1.669897,1.088058,2.528108,-0.509710,-0.212150,0
0,0.0700,1.407875,0.724569,0.504951,-0.835201,-0.934363,0
0,0.0500,0.548962,-1.092874,-0.633074,0.228943,0.510063,0
0,0.0600,-0.954136,-1.092874,-0.633074,-0.720306,-0.212150,0
0,0.5500,-1.598321,-0.365897,2.528108,-1.518197,-1.656575,0
0,0.4000,-1.097288,-0.184152,1.010741,0.869869,1.232275,0
0,0.8200,-0.453103,-0.365897,-0.633074,1.243944,1.232275,0
0,0.2500,-0.381527,-0.911130,-0.190509,-0.786229,-0.934363,0
0,0.5700,0.906842,1.269803,-0.633074,-0.910866,-0.934363,0
0,0.6900,-0.381527,-0.002408,-0.064061,1.145363,1.232275,0
1,0.7100,-0.954136,0.361081,1.895872,1.135655,1.232275,0
0,0.2400,-0.596256,1.269803,2.211990,-1.044616,-0.934363,0
0,0.7600,-1.455169,1.451547,1.010741,0.634321,0.510063,0
0,0.2400,-0.954136,-1.274619,-0.569850,-0.146061,-0.212150,0
0,0.2500,-1.455169,-1.092874,1.263635,0.052471,-0.212150,0
0,0.1600,-0.381527,-0.547641,1.579753,-0.973550,-0.934363,0
0,0.1200,-1.598321,-0.184152,1.895872,-1.223686,-1.656575,0
0,0.0200,0.119505,-1.274619,-0.633074,-1.265177,-1.656575,0
0,0.1600,0.978418,-1.274619,-0.633074,0.090960,-0.212150,0
0,0.6400,0.191081,-0.002408,-0.633074,-1.376790,-1.656575,0
1,0.5800,0.119505,1.451547,-0.633074,0.885014,1.232275,0
0,0.3200,-0.667832,-1.092874,-0.633074,-0.113694,-0.212150,0
0,0.0700,-0.596256,-1.274619,-0.633074,-1.821840,-1.656575,0
0,0.2300,-1.383592,0.361081,1.579753,-0.861488,-0.934363,0
0,0.2700,-0.453103,1.269803,-0.633074,-0.447413,-0.212150,0
0,0.0300,0.477386,0.724569,-0.633074,-1.821840,-1.656575,0
0,0.1400,0.191081,-1.274619,-0.633074,-1.185197,-1.656575,0
0,0.4600,0.047929,-1.274619,-0.633074,-0.417337,-0.212150,0
0,0.2500,-0.023647,-0.002408,-0.633074,-1.679070,-1.656575,0
0,0.2800,-0.667832,0.906314,-0.633074,0.334159,0.510063,0
0,0.4500,-1.025712,-0.184152,1.263635,0.339123,0.510063,0
0,0.0900,-1.168864,1.088058,1.895872,1.242394,1.232275,0
0,0.3400,-0.453103,-1.274619,-0.633074,-0.568495,-0.212150,0
0,0.1500,-1.813049,0.361081,2.528108,0.639565,0.510063,0
0,0.1000,0.334233,-1.274619,-0.633074,-0.564625,-0.212150,0
0,0.2900,-1.168864,-1.274619,0.504951,-0.417337,-0.212150,0
0,0.0700,-0.667832,-0.729386,0.252057,-0.167567,-0.212150,0
0,0.0400,0.763690,1.633291,-0.633074,-0.661656,-0.212150,0
0,0.2700,1.407875,1.815036,-0.633074,-0.828828,-0.934363,0
0,0.5600,-0.238375,1.633291,2.211990,0.379218,0.510063,0
1,0.5500,-0.524680,-0.365897,-0.633074,0.717459,0.510063,0
0,0.3800,0.477386,-0.184152,-0.633074,1.631396,1.232275,0
0,0.6000,0.477386,1.451547,1.579753,1.676607,1.232275,0
0,0.3100,0.477386,-0.002408,2.528108,1.417813,1.232275,1
0,0.3400,-0.238375,1.088058,2.211990,1.676607,1.232275,0
0,0.0200,0.978418,-0.184152,-0.633074,2.243436,1.954488,0
0,0.2900,-0.810984,0.542825,0.504951,0.634321,0.510063,0
0,0.1900,-1.097288,-0.002408,0.504951,0.634321,0.510063,0
0,0.0200,-1.097288,-0.184152,-0.633074,-0.690173,-0.212150,0
0,0.1500,-0.596256,-0.184152,-0.569850,-0.568495,-0.212150,0
0,0.2000,-0.596256,-0.184152,-0.569850,-0.568495,-0.212150,0
0,0.0600,0.191081,-1.274619,-0.633074,-0.647950,-0.212150,0
0,0.1800,-1.455169,-1.274619,1.453306,1.162313,1.232275,0
0,0.3300,-1.741473,-0.911130,1.895872,0.922861,1.232275,0
0,0.1100,-0.882560,-0.911130,1.579753,2.243436,1.954488,0
0,0.1000,-1.741473,1.088058,1.579753,-1.326066,-1.656575,0
0,0.0700,0.119505,1.088058,-0.633074,-1.115681,-1.656575,0
0,0.0700,-1.526745,-1.092874,0.252057,0.229810,0.510063,0
0,0.2700,0.548962,0.724569,-0.316956,-0.502798,-0.212150,0
0,0.1800,-1.168864,-0.547641,-0.380180,-1.541854,-1.656575,0
0,0.1800,-0.166799,0.542825,-0.569850,1.242394,1.232275,0
0,0.0300,-0.954136,1.088058,0.252057,1.242394,1.232275,0
0,0.3200,-0.095223,0.542825,2.211990,-1.961470,-1.656575,0
0,0.3100,-0.095223,-0.002408,-0.633074,-0.868268,-0.934363,0
0,0.5000,-0.739408,0.542825,0.694622,-0.331137,-0.212150,0
0,0.3600,-0.882560,1.269803,-0.633074,-0.675724,-0.212150,0
0,0.0800,-0.667832,2.360269,-0.190509,0.517386,0.510063,0
0,0.2700,-0.309951,-0.911130,-0.633074,-0.973550,-0.934363,0
0,0.5000,0.334233,1.269803,-0.633074,0.008358,-0.212150,0
0,0.5200,-1.025712,1.088058,0.252057,-0.804070,-0.934363,0
0,0.2900,0.334233,-0.184152,-0.633074,0.008358,-0.212150,0
0,0.1300,0.047929,2.542013,-0.633074,-0.973550,-0.934363,0
0,0.2600,-0.524680,0.724569,1.579753,-0.584265,-0.212150,0
0,0.0700,0.548962,-1.092874,-0.633074,-0.513200,-0.212150,0
0,0.1200,-0.453103,-0.002408,-0.633074,-1.063971,-0.934363,0
0,0.0500,-0.810984,1.088058,-0.000838,-0.841652,-0.934363,0
0,0.1600,-1.097288,1.088058,1.579753,1.020952,1.232275,0
0,0.3900,0.477386,-0.911130,-0.633074,-0.746789,-0.934363,0
0,0.0200,0.119505,-0.002408,-0.633074,0.639565,0.510063,0
0,0.1300,-1.455169,-1.092874,1.579753,1.271577,1.232275,0
0,1.0000,0.763690,-0.002408,-0.633074,-0.690173,-0.212150,0
0,1.0000,1.407875,-0.002408,-0.633074,-0.523809,-0.212150,0
0,1.0000,0.906842,-0.184152,-0.633074,0.077284,-0.212150,1
0,0.0600,3.054124,1.269803,0.125610,-0.299751,-0.212150,0
0,1.0000,0.047929,-0.729386,-0.633074,-0.584265,-0.212150,0
0,1.0000,1.407875,0.361081,0.125610,-1.149305,-1.656575,0
1,1.0000,1.908907,-0.547641,-0.633074,0.332732,0.510063,0
0,1.0000,0.262657,-0.547641,-0.633074,-0.292764,-0.212150,0
0,1.0000,0.047929,-0.002408,-0.633074,2.243436,1.954488,0
0,0.7400,-0.381527,0.906314,-0.633074,-0.741386,-0.934363,0
0,1.0000,1.264722,-0.002408,-0.633074,-1.413508,-1.656575,0
0,1.0000,1.121570,-0.365897,-0.633074,-0.331137,-0.212150,0
0,1.0000,2.696244,-0.184152,-0.633074,-1.035196,-0.934363,0
0,0.2700,0.906842,-0.002408,-0.633074,-0.903526,-0.934363,0
0,0.8700,2.195212,-0.729386,-0.633074,-0.203502,-0.212150,0
0,1.0000,-0.166799,-0.729386,-0.633074,-0.643459,-0.212150,0
0,1.0000,0.262657,-0.002408,-0.633074,-0.321281,-0.212150,0
1,1.0000,-0.023647,1.088058,-0.633074,-0.918310,-0.934363,0
0,1.0000,0.692114,-0.547641,-0.633074,0.337709,0.510063,0
0,0.0300,1.336299,-0.365897,-0.633074,-0.596407,-0.212150,0
0,1.0000,1.837331,1.633291,-0.633074,-0.523809,-0.212150,0
0,1.0000,1.479451,0.179336,-0.633074,-1.044616,-0.934363,0
0,0.6000,0.548962,0.906314,-0.633074,-0.359221,-0.212150,0
0,1.0000,0.763690,-0.184152,-0.127285,-0.725498,-0.212150,0
0,0.4600,0.835266,-0.911130,-0.127285,-0.174933,-0.212150,0
0,0.6900,1.407875,-0.547641,-0.633074,0.390872,0.510063,0
0,0.2400,-0.667832,0.724569,-0.569850,1.286304,1.232275,0
0,0.4300,-0.238375,-0.365897,-0.633074,-1.821840,-1.656575,0
0,1.0000,-0.166799,-0.729386,-0.633074,0.869869,1.232275,0
0,1.0000,1.479451,-1.092874,-0.633074,-1.541854,-1.656575,0
0,0.2700,0.334233,-0.547641,-0.633074,-0.160302,-0.212150,0
0,1.0000,-0.238375,0.179336,-0.633074,0.246870,0.510063,0
0,1.0000,-0.667832,-0.002408,-0.633074,-0.534634,-0.212150,0
0,1.0000,2.481516,-0.365897,-0.633074,1.138492,1.232275,1
0,1.0000,-0.381527,-0.911130,-0.633074,0.424979,0.510063,0
0,0.2200,-0.309951,-0.365897,-0.633074,-1.711335,-1.656575,0
0,0.5500,1.407875,-0.547641,-0.633074,-1.149305,-1.656575,0
0,0.3200,-0.309951,1.088058,-0.633074,-0.657048,-0.212150,0
0,0.7500,1.121570,-0.911130,-0.633074,0.885014,1.232275,0
0,1.0000,0.692114,1.815036,1.895872,1.242394,1.232275,0
0,0.9500,0.477386,1.269803,-0.633074,0.099886,-0.212150,0
0,1.0000,-0.810984,0.542825,-0.633074,-0.456777,-0.212150,0
0,0.3600,0.334233,-0.365897,-0.633074,-0.100633,-0.212150,0
0,0.6700,-0.810984,0.179336,-0.633074,-0.741386,-0.934363,0
0,1.0000,2.409940,-0.547641,-0.633074,-0.154917,-0.212150,0
1,1.0000,-0.309951,0.724569,-0.633074,0.582867,0.510063,0
0,1.0000,-0.453103,0.906314,-0.569850,1.138492,1.232275,0
0,0.9100,0.119505,-0.911130,0.125610,0.008358,-0.212150,0
0,0.4100,0.620538,0.542825,-0.633074,-0.417337,-0.212150,0
0,0.2300,0.548962,-0.547641,-0.633074,-0.798056,-0.934363,0
0,1.0000,1.694179,-0.184152,-0.633074,-1.782400,-1.656575,0
0,0.5500,-0.381527,1.269803,-0.633074,0.109752,-0.212150,0
0,1.0000,0.620538,0.906314,0.821070,-0.331137,-0.212150,0
0,1.0000,1.407875,1.088058,-0.633074,1.020952,1.232275,0
0,1.0000,1.049994,-0.911130,-0.633074,-1.679070,-1.656575,0
0,1.0000,2.553092,-0.547641,-0.316956,-1.185197,-1.656575,0
0,0.2300,-0.810984,-0.729386,-0.633074,-0.710071,-0.212150,0
0,1.0000,2.409940,1.269803,-0.633074,2.243436,1.954488,0
0,1.0000,1.407875,1.088058,-0.633074,-0.531001,-0.212150,0
0,1.0000,0.262657,-0.002408,-0.633074,1.242394,1.232275,0
0,1.0000,0.334233,-0.547641,-0.633074,0.640768,0.510063,0
0,1.0000,-0.810984,0.724569,-0.633074,-1.566612,-1.656575,0
0,1.0000,-0.954136,-0.002408,-0.633074,-0.613040,-0.212150,0
0,0.7500,0.692114,0.542825,-0.064061,-0.617280,-0.212150,0
0,0.7400,0.906842,-0.184152,0.125610,0.605592,0.510063,0
0,0.3100,-0.882560,0.179336,-0.633074,0.194885,0.510063,0
0,0.4600,1.049994,0.906314,-0.633074,-1.073918,-0.934363,0
0,1.0000,-0.954136,1.451547,1.263635,-1.432863,-1.656575,0
0,0.5000,-0.810984,1.815036,-0.380180,-0.910866,-0.934363,0
0,1.0000,-0.954136,0.179336,1.263635,-0.006296,-0.212150,0
0,1.0000,1.765755,-1.092874,-0.633074,0.634321,0.510063,0
0,0.0200,0.047929,0.179336,-0.633074,1.242394,1.232275,0
0,0.2000,-0.810984,1.451547,-0.380180,-1.126655,-1.656575,0
0,0.8500,-0.810984,0.906314,0.757846,-1.161002,-1.656575,0
0,0.7400,-0.667832,-0.729386,-0.569850,0.634321,0.510063,0
0,0.1000,-0.524680,1.451547,0.504951,-1.518197,-1.656575,0
0,0.8300,0.692114,-0.547641,-0.633074,1.242394,1.232275,0
0,0.0300,-0.596256,-0.547641,-0.633074,0.032758,-0.212150,0
0,1.0000,2.123635,-0.365897,-0.633074,0.634321,0.510063,0
0,0.1200,-0.524680,-0.002408,-0.633074,-1.035196,-0.934363,0
0,1.0000,1.121570,0.361081,-0.633074,-0.705026,-0.212150,0
0,0.5800,0.262657,-0.729386,-0.127285,-2.017543,-1.656575,0
0,0.6900,-0.166799,-1.092874,-0.633074,-0.949171,-0.934363,0
0,0.2900,0.262657,-0.184152,-0.633074,-1.619876,-1.656575,1
0,1.0000,-0.238375,-1.092874,-0.316956,1.138492,1.232275,0
0,1.0000,0.334233,1.633291,-0.633074,0.143420,0.510063,0
0,1.0000,0.262657,1.815036,-0.633074,-1.592578,-1.656575,0
0,0.3300,0.262657,0.361081,-0.633074,-0.377897,-0.212150,0
0,1.0000,0.119505,0.542825,-0.633074,-0.184287,-0.212150,0
0,0.1300,-0.596256,-0.184152,-0.633074,-0.070841,-0.212150,0
1,0.6400,3.054124,0.724569,-0.633074,-1.265177,-1.656575,0
0,0.7800,-0.954136,1.269803,-0.633074,-0.527393,-0.212150,0
0,1.0000,-1.025712,0.361081,-0.253732,1.631396,1.232275,0
0,1.0000,0.405810,-0.184152,-0.633074,1.135655,1.232275,0
0,1.0000,0.835266,-0.365897,-0.380180,-1.237160,-1.656575,0
0,0.1600,-1.168864,0.542825,-0.380180,1.704186,1.232275,0
1,0.2900,1.479451,2.542013,-0.633074,-1.394832,-1.656575,0
0,0.5400,1.264722,-0.365897,-0.633074,-1.376790,-1.656575,0
0,0.6700,2.052059,1.633291,0.125610,-0.453637,-0.212150,0
0,0.4900,1.049994,0.724569,-0.633074,-0.195733,-0.212150,0
0,1.0000,1.980483,-0.729386,-0.633074,-1.782400,-1.656575,0
0,1.0000,1.121570,0.724569,-0.633074,0.246870,0.510063,0
0,0.3600,-0.381527,-0.729386,-0.190509,-0.417337,-0.212150,0
0,1.0000,-0.238375,-0.365897,-0.633074,1.243944,1.232275,0
0,0.1600,2.052059,0.542825,-0.633074,-1.821840,-1.656575,0
0,1.0000,0.620538,0.179336,0.504951,0.340533,0.510063,0
1,1.0000,0.119505,-1.092874,-0.633074,-1.782400,-1.656575,0
0,1.0000,0.620538,-0.911130,-0.633074,2.243436,1.954488,0
0,1.0000,-1.168864,-0.729386,-0.380180,-1.223686,-1.656575,0
0,1.0000,1.264722,1.088058,-0.633074,-0.476015,-0.212150,0
0,1.0000,1.837331,-0.002408,-0.633074,-1.619876,-1.656575,0
0,0.6500,0.047929,0.179336,-0.633074,-1.044616,-0.934363,0
0,0.4700,1.336299,-0.365897,1.137188,-0.211387,-0.212150,0
0,1.0000,1.336299,-0.729386,-0.633074,0.689705,0.510063,0
0,0.5900,1.551027,0.179336,-0.190509,1.255422,1.232275,0
0,1.0000,-0.739408,0.179336,-0.633074,-1.432863,-1.656575,0
0,1.0000,-0.095223,0.179336,-0.633074,-1.541854,-1.656575,0
0,0.4700,-0.954136,0.179336,1.895872,1.185545,1.232275,0
0,1.0000,-0.453103,0.906314,-0.443403,0.885014,1.232275,0
0,1.0000,-1.168864,-0.365897,1.010741,0.445020,0.510063,0
0,0.7200,0.119505,0.542825,-0.316956,0.480271,0.510063,0
0,1.0000,-1.025712,-0.184152,-0.633074,-0.639006,-0.212150,0
0,1.0000,-0.381527,1.633291,-0.000838,1.209046,1.232275,0
0,0.7800,1.336299,-0.729386,-0.253732,-0.055806,-0.212150,0
0,1.0000,-0.166799,1.088058,-0.633074,-0.848182,-0.934363,1
0,1.0000,-0.739408,0.724569,-0.633074,-0.741386,-0.934363,0
0,1.0000,0.763690,0.361081,-0.633074,-0.643459,-0.212150,0
0,0.7400,0.405810,-0.184152,-0.633074,-1.452948,-1.656575,0
0,0.1600,1.551027,-0.547641,0.504951,-1.063971,-0.934363,1
0,1.0000,0.548962,1.269803,0.252057,-1.452948,-1.656575,0
0,0.5900,-0.954136,0.179336,-0.633074,1.335402,1.232275,0
0,0.2400,-0.739408,1.269803,-0.633074,-1.541854,-1.656575,0
0,1.0000,0.620538,-0.184152,-0.633074,0.077284,-0.212150,0
0,1.0000,0.191081,0.361081,-0.633074,0.354429,0.510063,0
0,0.3900,1.551027,0.361081,-0.633074,-1.432863,-1.656575,0
0,0.1100,-0.095223,0.179336,0.947517,-0.343719,-0.212150,0
0,0.5400,-0.238375,1.633291,-0.633074,-1.910746,-1.656575,0
0,0.3300,-1.097288,0.724569,1.010741,0.640768,0.510063,0
0,1.0000,1.479451,1.633291,-0.633074,-1.432863,-1.656575,0
0,1.0000,0.763690,-0.547641,0.062386,-0.160302,-0.212150,0
0,1.0000,1.551027,0.361081,-0.633074,-0.973550,-0.934363,0
0,0.4300,-0.524680,0.361081,-0.000838,0.348914,0.510063,0
0,1.0000,0.906842,1.088058,-0.633074,-1.541854,-1.656575,0
1,1.0000,1.049994,-0.184152,-0.633074,0.578384,0.510063,0
0,1.0000,-0.954136,0.906314,0.757846,-1.197720,-1.656575,0
0,0.5500,-1.240440,0.906314,-0.633074,1.651612,1.232275,0
0,1.0000,0.191081,1.633291,-0.569850,0.640768,0.510063,0
0,1.0000,-1.025712,1.088058,0.252057,-0.999101,-0.934363,0
0,1.0000,-0.810984,1.088058,-0.633074,-1.237160,-1.656575,0
0,1.0000,-0.166799,0.906314,-0.633074,-1.432863,-1.656575,0
0,1.0000,0.692114,-0.911130,-0.633074,-1.044616,-0.934363,0
0,0.3800,-0.739408,0.361081,-0.633074,-1.326066,-1.656575,0
0,1.0000,1.479451,0.179336,-0.633074,-1.518197,-1.656575,0
0,1.0000,0.763690,0.361081,-0.633074,-0.725498,-0.212150,0
0,1.0000,0.262657,1.088058,-0.633074,-0.949171,-0.934363,0
0,0.3000,1.622603,-0.729386,-0.633074,0.226332,0.510063,0
1,1.0000,0.620538,-0.729386,-0.633074,-0.613040,-0.212150,0
0,0.1900,0.620538,-0.547641,-0.633074,-0.757762,-0.934363,0
0,1.0000,-0.667832,0.724569,-0.633074,-1.394832,-1.656575,0
0,0.4100,-0.238375,-1.092874,-0.633074,-1.172962,-1.656575,0
0,0.0300,-1.240440,-0.184152,-0.190509,-0.154917,-0.212150,0
0,1.0000,-1.168864,0.542825,-0.190509,0.406647,0.510063,0
0,1.0000,2.624668,-0.547641,-0.633074,0.634321,0.510063,0
0,0.0200,-1.312016,1.451547,1.579753,-1.782400,-1.656575,0
0,1.0000,-0.739408,0.906314,-0.633074,-1.115681,-1.656575,0
0,1.0000,-0.882560,-0.729386,-0.316956,-1.044616,-0.934363,0
0,0.1200,0.191081,-0.547641,-0.633074,-0.359221,-0.212150,0
0,0.3600,1.193146,1.088058,-0.633074,-1.473821,-1.656575,0
0,0.4200,1.193146,0.179336,-0.633074,-1.172962,-1.656575,0
0,1.0000,0.262657,0.906314,-0.633074,-1.821840,-1.656575,0
0,0.2300,1.193146,0.724569,-0.633074,1.149536,1.232275,0
0,0.5200,0.262657,-0.365897,-0.633074,-1.821840,-1.656575,0
0,1.0000,0.906842,-0.002408,-0.633074,-1.821840,-1.656575,0
1,0.4100,-0.023647,-0.002408,-0.633074,-0.018594,-0.212150,0
0,0.0800,0.763690,-0.002408,0.757846,2.243436,1.954488,0
0,0.5200,0.047929,1.269803,-0.633074,1.016819,1.232275,0
0,1.0000,0.334233,-1.092874,-0.633074,-0.151357,-0.212150,0
0,1.0000,-1.168864,0.724569,-0.190509,-1.495547,-1.656575,0
0,0.2400,1.121570,0.179336,-0.633074,-1.250984,-1.656575,1
0,1.0000,0.405810,0.179336,-0.633074,0.640768,0.510063,0
0,1.0000,-0.954136,0.906314,-0.190509,0.921445,1.232275,0
0,0.5800,-1.383592,1.269803,0.252057,0.578384,0.510063,0
0,1.0000,-0.524680,1.269803,-0.380180,0.065612,-0.212150,0
0,0.8300,-0.882560,1.996780,0.504951,1.242394,1.232275,0
0,1.0000,0.548962,-0.547641,-0.633074,-0.311605,-0.212150,0
0,0.2000,0.262657,-0.729386,-0.633074,-1.115681,-1.656575,0
0,1.0000,-0.381527,0.724569,0.252057,1.676607,1.232275,0
0,1.0000,0.119505,0.724569,-0.633074,0.008358,-0.212150,0
0,0.5400,-0.238375,1.088058,-0.569850,-0.746789,-0.934363,0
0,0.7400,-0.882560,-0.184152,-0.000838,0.466005,0.510063,0
0,0.5000,-0.882560,-0.911130,-0.190509,-1.782400,-1.656575,0
0,0.2900,-0.166799,0.179336,1.895872,-1.342443,-1.656575,0
0,1.0000,1.407875,0.542825,-0.633074,0.242656,0.510063,0
0,0.0600,-1.025712,1.633291,0.757846,-2.449119,-1.656575,0
0,1.0000,-0.596256,-0.911130,-0.633074,-1.126655,-1.656575,0
0,1.0000,0.262657,-0.547641,-0.633074,0.634321,0.510063,0
0,1.0000,1.407875,-0.365897,-0.633074,0.492050,0.510063,0
0,1.0000,-0.166799,-0.547641,-0.633074,0.090960,-0.212150,0
0,1.0000,-0.381527,-0.911130,-0.633074,-0.608833,-0.212150,0
0,0.3200,0.477386,1.088058,-0.569850,1.272800,1.232275,0
0,0.0800,-1.168864,-0.547641,-0.569850,-1.294751,-1.656575,0
0,0.3900,0.692114,-0.547641,0.504951,1.676607,1.232275,0
0,0.4200,-0.524680,1.269803,-0.633074,-1.035196,-0.934363,0
1,0.4200,0.548962,-0.184152,-0.569850,0.490459,0.510063,0
0,1.0000,0.763690,-0.184152,-0.633074,-0.910866,-0.934363,0
0,1.0000,-0.739408,-0.365897,-0.633074,0.470986,0.510063,0
0,0.2200,-0.023647,0.906314,2.211990,-0.299751,-0.212150,0
0,0.7100,0.047929,0.361081,-0.633074,-0.489238,-0.212150,0
0,0.2600,0.262657,-0.911130,-0.633074,0.332732,0.510063,0
0,1.0000,-0.739408,1.088058,-0.380180,-0.981932,-0.934363,0
0,1.0000,0.047929,-0.365897,-0.633074,-1.745682,-1.656575,0
0,0.2200,0.477386,0.724569,-0.633074,1.676607,1.232275,0
0,1.0000,-1.025712,-0.365897,-0.190509,1.031049,1.232275,0
0,1.0000,-0.023647,0.179336,-0.633074,-0.786229,-0.934363,0
0,0.9400,-0.596256,0.179336,-0.633074,-0.768967,-0.934363,0
0,0.0600,-1.168864,1.269803,1.263635,0.337709,0.510063,0
0,1.0000,-0.667832,-1.092874,-0.633074,-0.639006,-0.212150,0
0,0.9600,0.334233,-0.002408,-0.633074,0.381830,0.510063,0
0,0.1600,1.336299,-0.365897,-0.633074,-0.786229,-0.934363,0
0,1.0000,1.193146,-0.002408,-0.633074,-0.472760,-0.212150,0
0,1.0000,-0.095223,-0.547641,-0.633074,0.692982,0.510063,0
0,1.0000,0.763690,-0.911130,-0.633074,-1.294751,-1.656575,0
0,1.0000,0.334233,0.542825,-0.633074,0.842900,0.510063,0
1,0.5800,-1.669897,0.361081,1.010741,-1.394832,-1.656575,0
0,1.0000,-0.238375,-0.729386,-0.633074,0.634321,0.510063,1
0,1.0000,0.548962,1.088058,-0.633074,0.000415,-0.212150,0
0,0.3300,-0.381527,-0.547641,0.125610,-0.730741,-0.212150,0
1,0.4800,-0.453103,-0.002408,-0.000838,0.634321,0.510063,0
0,0.7200,1.479451,-0.911130,1.579753,0.598703,0.510063,0
0,0.9000,0.620538,-0.911130,1.263635,0.309367,0.510063,0
0,0.1100,-0.524680,-0.184152,-0.633074,0.028979,-0.212150,0
0,0.8700,0.906842,-0.547641,-0.633074,0.570674,0.510063,0
0,0.8500,1.407875,1.088058,-0.633074,0.739864,0.510063,0
0,0.0200,0.191081,0.179336,-0.633074,-1.172962,-1.656575,0
0,1.0000,0.620538,-0.729386,-0.316956,-0.420269,-0.212150,0
0,0.9300,-0.309951,1.088058,-0.633074,-1.172962,-1.656575,0
0,0.2900,-0.095223,1.996780,-0.633074,-0.965299,-0.934363,0
0,0.2500,-0.667832,0.724569,2.211990,-0.254813,-0.212150,0
0,0.4900,0.047929,-0.911130,-0.633074,-0.211387,-0.212150,0
0,1.0000,-1.598321,-0.184152,1.579753,-0.710071,-0.212150,0
0,1.0000,1.121570,0.361081,-0.633074,0.090960,-0.212150,0
1,1.0000,-0.166799,-1.092874,-0.316956,-0.182403,-0.212150,0
0,1.0000,-0.882560,0.724569,-0.253732,1.706785,1.232275,0
0,0.0400,-1.813049,0.361081,2.211990,-1.197720,-1.656575,0
0,1.0000,0.548962,-0.729386,-0.633074,-0.903526,-0.934363,0
0,1.0000,-1.669897,-0.002408,1.010741,1.243944,1.232275,0
0,1.0000,-0.524680,-0.729386,-0.633074,-0.647950,-0.212150,0
0,1.0000,0.620538,-0.729386,1.263635,1.299126,1.232275,0
0,1.0000,0.334233,1.269803,1.010741,1.025830,1.232275,0
0,1.0000,0.620538,-0.729386,-0.633074,-1.452948,-1.656575,0
0,1.0000,0.191081,-1.092874,-0.633074,-0.592329,-0.212150,0
0,0.3000,-1.383592,1.269803,1.579753,-0.463113,-0.212150,0
0,0.2400,0.763690,1.269803,-0.380180,1.238631,1.232275,0
0,0.4100,-1.741473,0.906314,4.108699,-0.910866,-0.934363,0
0,0.5200,0.047929,1.088058,-0.633074,-0.564625,-0.212150,0
0,0.6300,-0.453103,-0.547641,-0.569850,-1.250984,-1.656575,0
0,0.2000,-1.240440,-1.274619,0.252057,-0.081624,-0.212150,0
0,0.3000,-1.526745,-1.274619,2.211990,0.246870,0.510063,0
0,0.0800,-1.025712,1.633291,0.757846,0.420758,0.510063,0
0,0.0800,1.837331,0.361081,-0.633074,0.327708,0.510063,0
0,0.0800,-0.238375,1.996780,-0.380180,0.453628,0.510063,0
0,0.0800,-0.739408,-0.911130,1.263635,1.191981,1.232275,0
1,0.0800,0.405810,-0.365897,0.378504,0.102094,-0.212150,0
0,0.0800,-0.810984,-1.092874,-0.569850,0.102094,-0.212150,0
0,0.3300,0.477386,-1.274619,-0.127285,-0.209404,-0.212150,0
0,0.5800,-0.095223,0.179336,-0.190509,0.897272,1.232275,0
0,0.4200,-0.667832,-0.547641,0.504951,-0.502798,-0.212150,0
0,0.2700,-1.741473,0.179336,2.211990,0.639565,0.510063,0
0,0.6900,-0.882560,0.906314,0.757846,1.319981,1.232275,0
0,0.4900,0.405810,-0.365897,-0.633074,-0.798056,-0.934363,0
0,0.4900,-0.309951,0.906314,-0.633074,0.958635,1.232275,0
0,0.4900,0.692114,-0.911130,-0.633074,0.386370,0.510063,0
0,0.4900,-0.739408,-0.184152,-0.190509,-0.576322,-0.212150,0
0,0.4900,0.191081,-0.547641,-0.633074,0.973628,1.232275,0
0,0.4900,0.477386,1.088058,-0.633074,-0.661656,-0.212150,0
0,0.4900,-1.097288,0.179336,-0.569850,-1.210544,-1.656575,0
0,0.4900,-1.025712,1.088058,-0.000838,-0.506243,-0.212150,0
0,0.4900,-0.095223,0.361081,-0.633074,-0.675724,-0.212150,0
0,0.4900,0.906842,1.088058,2.211990,1.392776,1.232275,0
0,0.4900,0.047929,2.360269,-0.633074,0.084166,-0.212150,0
0,0.4900,-0.453103,0.724569,0.504951,-0.700029,-0.212150,0
0,0.4900,-0.810984,-0.365897,-0.380180,0.311602,0.510063,1
0,0.4900,0.763690,-0.547641,-0.633074,1.127535,1.232275,0
0,1.0300,-0.596256,-1.274619,-0.633074,-1.104929,-0.934363,0
0,0.4800,0.548962,3.268991,-0.633074,-0.804070,-0.934363,0
0,0.5500,-1.312016,-0.365897,1.895872,0.627386,0.510063,0
0,0.3100,-0.309951,-0.911130,-0.380180,1.234973,1.232275,0
0,0.7600,0.620538,-0.547641,-0.633074,2.243436,1.954488,0
0,0.9800,-0.667832,-0.002408,-0.633074,1.219946,1.232275,0
1,0.3600,-1.240440,-0.365897,-0.000838,1.544343,1.232275,0
0,0.3300,1.479451,1.633291,0.125610,-0.854794,-0.934363,0
0,0.0800,-0.882560,1.633291,-0.000838,-1.432863,-1.656575,0
0,0.0800,-1.455169,0.906314,3.286792,-0.209404,-0.212150,0
0,0.0800,0.548962,0.542825,-0.633074,0.922625,1.232275,0
0,0.0800,0.334233,-0.365897,-0.633074,0.188366,0.510063,0
0,0.0800,-0.667832,1.088058,-0.633074,0.791765,0.510063,0
0,0.0800,-0.739408,1.269803,0.568175,0.141377,0.510063,0
0,0.0800,0.692114,-1.092874,-0.633074,1.539038,1.232275,0
0,0.0800,0.119505,0.542825,-0.633074,-0.331137,-0.212150,0
0,0.0800,-0.739408,-0.911130,-0.569850,0.103195,-0.212150,0
0,0.0800,-0.309951,0.724569,-0.633074,0.686407,0.510063,0
0,0.0800,-0.453103,0.906314,-0.633074,1.124961,1.232275,0
0,0.0800,-0.524680,1.088058,-0.569850,1.191981,1.232275,0
0,0.0800,-0.882560,0.542825,1.010741,0.517890,0.510063,0
0,0.0800,0.548962,-0.729386,-0.633074,-1.137859,-1.656575,0
0,0.0800,-1.240440,-0.547641,0.252057,0.386370,0.510063,0
0,0.0800,-1.168864,-0.547641,-0.190509,-0.297412,-0.212150,0
0,0.0800,-0.739408,-0.184152,4.108699,0.386370,0.510063,0
0,0.0800,-0.596256,-1.092874,0.504951,-0.757762,-0.934363,0
0,0.0800,0.835266,1.088058,1.642977,1.427763,1.232275,0
0,0.0800,-0.596256,-0.547641,-0.190509,-0.736037,-0.934363,0
0,0.0800,-1.240440,1.451547,0.252057,-1.310178,-1.656575,0
0,0.0800,-0.023647,1.269803,-0.633074,1.127535,1.232275,0
0,0.0800,-0.810984,2.178524,1.200411,1.544343,1.232275,0
0,0.0800,0.262657,0.724569,-0.633074,1.138335,1.232275,0
0,0.0800,0.620538,2.178524,-0.633074,-0.768967,-0.934363,0
0,0.0800,0.548962,0.906314,-0.633074,-1.265177,-1.656575,0
0,0.0800,-0.381527,-0.184152,0.504951,0.947501,1.232275,0
0,0.0800,1.407875,-1.274619,-0.633074,1.053274,1.232275,0
0,0.0800,-0.381527,0.542825,0.568175,0.035262,-0.212150,0
0,0.0800,-1.168864,0.179336,-0.380180,1.031049,1.232275,0
0,0.0800,-0.810984,-0.729386,0.757846,1.234973,1.232275,0
0,0.0800,-0.166799,-0.547641,-0.633074,1.259820,1.232275,0
0,0.0800,-1.168864,-0.547641,0.504951,1.127535,1.232275,0
0,0.0800,0.047929,-0.729386,-0.633074,0.453628,0.510063,0
0,0.0800,-1.097288,1.269803,1.579753,1.517503,1.232275,0
0,0.0800,-0.524680,-1.274619,-0.633074,-0.957174,-0.934363,0
0,0.6300,0.405810,0.361081,-0.506627,1.024469,1.232275,0
0,0.5100,1.121570,0.179336,-0.633074,1.207806,1.232275,0
0,0.2300,0.692114,1.633291,-0.633074,0.639565,0.510063,0
0,0.4100,0.692114,0.179336,-0.633074,0.190237,0.510063,0
0,0.4100,0.405810,0.179336,-0.633074,-1.279759,-1.656575,0
0,0.4100,0.047929,0.724569,-0.569850,1.222234,1.232275,0
0,0.4100,-0.596256,-1.092874,-0.633074,-0.336134,-0.212150,0
0,0.4100,-1.168864,1.633291,-0.000838,-0.217378,-0.212150,0
0,0.4100,0.119505,-0.184152,-0.633074,0.426778,0.510063,0
0,0.4100,0.262657,0.724569,-0.569850,-1.044616,-0.934363,0
0,0.4100,0.978418,-0.002408,1.263635,1.723067,1.954488,0
0,0.4100,0.262657,1.269803,1.895872,-1.294751,-1.656575,0
0,0.4100,-0.667832,1.451547,0.188833,0.897272,1.232275,0
0,0.4100,-0.882560,1.451547,-0.000838,1.147222,1.232275,0
0,0.2500,-0.023647,0.542825,-0.633074,0.639565,0.510063,0
0,0.4100,0.047929,1.996780,-0.633074,-0.182403,-0.212150,0
0,0.4100,-0.381527,0.179336,0.757846,0.223708,0.510063,1
0,0.4100,-0.238375,0.542825,-0.569850,-0.411521,-0.212150,0
0,0.4700,0.405810,2.360269,-0.633074,0.639565,0.510063,0
0,0.1300,0.548962,0.179336,0.252057,0.600433,0.510063,0
0,0.4900,-0.524680,3.087246,-0.569850,1.219946,1.232275,0
0,0.2800,-0.023647,-0.911130,-0.633074,-0.450516,-0.212150,0
0,0.4300,-0.810984,-0.729386,-0.633074,1.113884,1.232275,0
0,0.4900,-1.383592,-0.729386,0.757846,0.396605,0.510063,0
0,0.3600,-1.240440,0.906314,1.010741,0.490459,0.510063,0
0,0.4600,0.835266,-0.184152,-0.633074,-1.961470,-1.656575,0
0,0.4400,0.047929,-1.274619,-0.633074,-0.513200,-0.212150,0
0,0.2800,-0.667832,1.088058,-0.000838,0.340533,0.510063,0
0,0.4100,0.119505,1.633291,0.188833,2.243436,1.954488,0
0,0.5500,0.906842,-0.547641,-0.633074,1.057134,1.232275,0
0,0.3500,-0.238375,-0.365897,-0.633074,1.518274,1.232275,0
0,0.3500,-0.023647,0.906314,-0.633074,-1.044616,-0.934363,0
0,1.0000,0.405810,0.906314,-0.633074,1.289391,1.232275,0
0,0.2200,-1.168864,-0.002408,1.895872,0.288046,0.510063,0
0,0.4300,1.622603,1.815036,1.579753,-0.990447,-0.934363,0
0,0.4300,-0.810984,0.906314,-0.633074,-0.019978,-0.212150,0
0,0.1800,-0.309951,-0.184152,-0.633074,0.639565,0.510063,0
0,0.0800,-0.023647,0.542825,2.211990,0.266644,0.510063,1
0,0.0800,-0.023647,-1.092874,0.125610,-0.006296,-0.212150,0
0,0.0800,-0.453103,1.815036,-0.633074,-1.745682,-1.656575,0
0,0.0800,-0.596256,1.269803,-0.633074,-0.343719,-0.212150,0
0,0.0800,-0.667832,-0.184152,-0.633074,1.676607,1.232275,0
0,0.0800,1.193146,0.361081,-0.380180,1.242394,1.232275,0
0,0.0800,0.191081,1.088058,-0.633074,-1.821840,-1.656575,0
0,0.0800,0.262657,-0.729386,-0.633074,-0.417337,-0.212150,0
0,0.0800,0.191081,0.361081,-0.633074,1.504547,1.232275,0
0,0.0800,-0.882560,0.542825,0.504951,1.517503,1.232275,0
0,0.0800,-0.810984,0.542825,-0.190509,0.067967,-0.212150,0
0,0.0800,-0.381527,1.633291,0.252057,0.771482,0.510063,0
0,0.0800,-0.095223,-0.365897,-0.633074,0.106484,-0.212150,0
0,0.0800,0.692114,0.179336,-0.633074,-0.835201,-0.934363,0
0,0.0800,-0.524680,1.269803,-0.000838,0.639565,0.510063,0
0,0.0800,-0.882560,1.451547,0.252057,-1.084056,-0.934363,0
0,0.0800,-1.025712,2.723758,-0.569850,1.339404,1.232275,0
0,0.0800,-1.240440,-0.729386,-0.000838,0.435683,0.510063,0
0,0.0800,-0.023647,0.542825,-0.633074,1.723067,1.954488,0
0,0.0800,-1.025712,0.724569,1.579753,1.625512,1.232275,0
0,0.0800,0.620538,0.361081,-0.633074,0.634321,0.510063,0
0,0.0800,0.692114,-1.092874,1.895872,1.127535,1.232275,0
0,0.0800,-1.383592,-1.092874,1.263635,1.344017,1.232275,0
0,0.0800,-0.095223,1.088058,0.504951,-1.115681,-1.656575,0
0,0.0800,-1.168864,-0.729386,0.757846,-0.499376,-0.212150,0
0,0.0800,-0.524680,1.088058,-0.633074,1.234973,1.232275,1
0,0.0800,-0.166799,-1.274619,-0.633074,0.454196,0.510063,0
0,0.0800,-0.739408,0.179336,-0.190509,-0.925859,-0.934363,0
0,0.0800,-0.810984,-1.092874,-0.633074,1.344017,1.232275,0
0,0.0800,-0.023647,1.269803,-0.633074,1.017806,1.232275,0
0,0.0800,-0.667832,-1.092874,-0.380180,1.234973,1.232275,0
0,0.0800,0.620538,-1.274619,-0.633074,-0.060272,-0.212150,0
0,0.0800,-1.240440,0.906314,0.504951,-0.541974,-0.212150,0
0,0.0800,-0.238375,0.724569,-0.633074,0.273075,0.510063,0
0,0.0800,0.405810,-0.547641,-0.633074,-0.354004,-0.212150,0
0,0.0800,0.334233,0.361081,-0.633074,1.127535,1.232275,0
0,0.0800,-0.381527,1.088058,-0.633074,-0.369813,-0.212150,0
0,0.0800,-0.810984,-0.365897,-0.380180,1.191981,1.232275,0
0,0.0800,-1.168864,1.451547,0.757846,0.553025,0.510063,0
0,0.0800,-0.739408,-0.547641,-0.633074,1.243944,1.232275,0
0,0.1900,-1.097288,1.088058,-0.000838,1.127535,1.232275,0
0,0.3300,-0.166799,-0.547641,1.895872,1.271577,1.232275,0
0,0.4900,-0.381527,0.906314,-0.190509,-0.513200,-0.212150,0
0,0.2300,-0.023647,-0.184152,-0.633074,1.020952,1.232275,0
0,0.3300,-1.168864,1.451547,-0.633074,-0.710071,-0.212150,0
0,0.3300,1.407875,-0.911130,-0.633074,-0.710071,-0.212150,0
0,0.3300,-0.524680,-1.274619,-0.380180,-0.081624,-0.212150,0
0,0.3300,1.264722,0.361081,-0.633074,0.958635,1.232275,0
0,0.3300,-0.023647,0.542825,-0.633074,1.625512,1.232275,0
0,0.3300,-0.381527,1.269803,-0.633074,-0.680497,-0.212150,0
0,0.3300,-0.739408,-0.002408,-0.190509,-2.017543,-1.656575,0
0,0.3300,-0.954136,0.906314,-0.380180,0.056087,-0.212150,0
0,0.3300,-0.453103,1.451547,-0.633074,1.147222,1.232275,0
0,0.3300,-0.238375,-1.092874,-0.633074,-0.520249,-0.212150,0
0,0.3300,-0.667832,0.724569,1.263635,1.514565,1.232275,0
0,0.3300,0.262657,-1.092874,-0.633074,-0.184287,-0.212150,0
0,0.3300,0.763690,0.724569,-0.633074,1.127535,1.232275,0
0,0.3300,1.121570,-0.729386,-0.633074,-0.453637,-0.212150,0
0,0.3300,0.119505,1.269803,-0.633074,-0.029769,-0.212150,0
0,0.3300,-0.166799,1.088058,-0.000838,-1.137859,-1.656575,0
0,0.3300,1.479451,0.724569,-0.000838,1.955738,1.954488,0
0,0.3300,0.692114,2.542013,-0.633074,-1.452948,-1.656575,0
0,0.2400,-1.168864,1.451547,1.263635,1.289391,1.232275,0
0,0.4100,-1.168864,0.724569,2.211990,0.639565,0.510063,0
0,0.5500,0.405810,-1.274619,-0.633074,-0.013093,-0.212150,0
0,0.1000,0.334233,-0.184152,-0.633074,0.084166,-0.212150,0
0,0.0800,-0.882560,0.542825,0.504951,0.306373,0.510063,0
0,0.0800,-1.240440,1.088058,0.504951,-1.250984,-1.656575,0
0,0.0800,-0.954136,-1.274619,0.504951,-0.261317,-0.212150,0
0,0.0800,-1.025712,1.996780,1.010741,1.071052,1.232275,0
0,0.0800,-0.453103,1.088058,-0.380180,0.686407,0.510063,0
0,0.0800,-0.309951,0.361081,-0.000838,0.639565,0.510063,0
0,0.0800,-0.381527,-0.911130,-0.633074,1.234973,1.232275,0
0,0.0800,1.264722,1.451547,-0.633074,1.124961,1.232275,0
0,0.0800,0.191081,-0.365897,0.757846,-0.690173,-0.212150,0
0,0.0800,0.191081,0.906314,-0.633074,1.234973,1.232275,0
0,0.0800,-1.168864,0.361081,0.252057,0.256849,0.510063,0
0,0.0800,-0.381527,-0.911130,0.188833,-0.209404,-0.212150,0
0,0.0800,-0.524680,-0.547641,-0.633074,0.128952,0.510063,0
0,0.0800,0.119505,1.269803,-0.506627,0.553025,0.510063,0
0,0.0800,-0.309951,1.633291,-0.000838,0.007043,-0.212150,0
0,0.0800,1.622603,-0.184152,-0.127285,1.588501,1.232275,0
0,0.0800,0.262657,0.906314,-0.253732,1.243944,1.232275,0
0,0.0800,0.047929,-0.547641,0.757846,0.639565,0.510063,0
0,0.0800,-0.095223,0.724569,-0.633074,1.077436,1.232275,0
0,0.0800,0.692114,-0.002408,-0.633074,1.243944,1.232275,0
0,0.0800,-1.526745,-1.092874,0.757846,0.288046,0.510063,0
0,0.0800,-0.882560,0.361081,-0.000838,-0.377897,-0.212150,0
0,0.0800,-0.596256,1.088058,-0.633074,-0.336134,-0.212150,0
0,0.0800,-1.025712,1.088058,-0.633074,-0.746789,-0.934363,0
0,0.0800,-0.381527,-0.365897,-0.633074,0.639565,0.510063,0
0,0.0800,-0.667832,-0.184152,-0.633074,-0.502798,-0.212150,0
0,0.0800,-0.882560,-1.274619,-0.380180,-0.553179,-0.212150,0
0,0.0800,-0.954136,-0.184152,-0.443403,-1.782400,-1.656575,0
0,0.0800,0.119505,-0.002408,-0.633074,0.180817,0.510063,0
0,0.0800,-0.810984,1.451547,-0.633074,-0.149586,-0.212150,0
0,0.0800,-0.739408,0.542825,1.263635,1.544343,1.232275,0
0,0.0800,-0.596256,1.088058,0.252057,0.669605,0.510063,0
0,0.0800,-0.524680,1.269803,-0.190509,1.271577,1.232275,0
0,0.0800,-0.596256,0.179336,1.010741,0.771482,0.510063,0
0,0.0800,1.765755,1.633291,0.504951,1.271577,1.232275,0
0,0.0800,0.119505,-1.274619,-0.633074,-0.670993,-0.212150,0
0,0.0800,-1.240440,0.542825,1.010741,1.319981,1.232275,1
0,0.0800,0.047929,1.633291,1.010741,-0.957174,-0.934363,0
0,0.0800,-0.095223,1.815036,1.579753,-0.489238,-0.212150,0
0,0.0800,0.477386,-0.729386,-0.633074,-0.774659,-0.934363,0
0,0.0800,-0.739408,-0.911130,0.315280,-0.209404,-0.212150,0
0,0.0800,-1.240440,-0.911130,0.062386,0.182715,0.510063,0
0,0.0800,-0.954136,0.542825,-0.127285,0.078437,-0.212150,0
0,0.2500,-1.025712,1.996780,0.504951,-0.816305,-0.934363,0
0,0.2500,-0.166799,-0.547641,-0.000838,0.639565,0.510063,0
1,0.3500,-1.884625,-0.911130,2.528108,-0.450516,-0.212150,0
0,0.3600,-0.739408,1.451547,0.504951,-0.666304,-0.212150,1
0,0.2400,1.765755,-0.365897,-0.633074,0.639565,0.510063,0
0,0.4900,0.262657,-0.547641,-0.633074,-0.489238,-0.212150,0
1,0.3300,-0.238375,-1.092874,-0.443403,1.207806,1.232275,0
0,0.2300,-0.095223,1.088058,-0.633074,0.018768,-0.212150,0
0,0.4900,-1.097288,-0.184152,0.252057,-0.531001,-0.212150,0
0,0.0800,0.477386,1.088058,-0.253732,-0.034021,-0.212150,0
0,0.0800,-0.882560,-0.729386,1.263635,1.392776,1.232275,0
0,0.0800,-0.453103,0.361081,1.579753,1.392776,1.232275,0
0,0.0800,-1.312016,2.178524,0.252057,1.392776,1.232275,0
0,0.3500,0.763690,1.451547,-0.633074,0.073809,-0.212150,0
0,0.3300,0.047929,-1.274619,-0.633074,-0.949171,-0.934363,0
0,0.2900,-0.739408,-1.274619,-0.190509,0.280219,0.510063,0
0,0.6200,0.191081,0.906314,0.757846,0.238408,0.510063,0
0,0.3700,-0.381527,1.996780,-0.569850,1.763663,1.954488,0
0,0.2700,-0.524680,-0.002408,0.757846,-0.314007,-0.212150,0
0,0.2400,0.119505,1.088058,-0.633074,0.522411,0.510063,0
0,0.4600,-0.596256,1.815036,-0.190509,0.587756,0.510063,0
0,0.2400,1.049994,-1.274619,-0.633074,0.245188,0.510063,0
0,0.2700,0.334233,-0.184152,1.579753,-2.080227,-1.656575,0
0,0.3500,0.477386,-0.002408,-0.633074,1.504547,1.232275,0
0,0.2700,-0.095223,1.815036,2.528108,0.749091,0.510063,0
0,0.4100,-1.455169,-0.911130,2.211990,1.306857,1.232275,0
0,0.4300,-0.739408,-1.274619,0.125610,1.127535,1.232275,0
0,0.3300,-0.954136,1.451547,1.010741,0.958635,1.232275,0
0,0.4800,1.049994,-1.274619,-0.633074,2.034376,1.954488,0
0,0.4900,-0.381527,0.542825,2.211990,1.715254,1.954488,0
0,1.0000,0.262657,1.269803,-0.633074,0.073809,-0.212150,0
0,1.0000,0.835266,-0.911130,-0.633074,-0.556967,-0.212150,0
0,0.4900,-0.810984,-0.911130,-0.190509,0.492580,0.510063,0
0,1.0000,0.835266,0.361081,-0.633074,0.512822,0.510063,0
0,1.0000,1.049994,1.269803,-0.000838,1.128176,1.232275,0
0,1.0000,0.191081,0.724569,-0.633074,-1.679070,-1.656575,0
0,0.4900,0.477386,0.542825,-0.633074,0.089834,-0.212150,0
0,1.0000,-0.238375,-0.911130,-0.633074,-0.482586,-0.212150,0
0,1.0000,0.334233,0.724569,-0.633074,-1.007898,-0.934363,0
0,0.4900,-1.240440,0.906314,0.252057,-1.016843,-0.934363,1
0,1.0000,-0.882560,-0.547641,-0.633074,1.222234,1.232275,0
0,1.0000,1.908907,-1.092874,-0.633074,0.021339,-0.212150,0
0,0.4900,2.266788,-0.911130,0.125610,1.124961,1.232275,0
0,1.0000,0.191081,-0.911130,-0.633074,1.242394,1.232275,0
0,0.4900,0.477386,1.088058,-0.633074,1.723067,1.954488,0
0,0.4900,0.262657,0.906314,-0.633074,0.639565,0.510063,0
0,0.4900,0.692114,1.451547,1.263635,0.639565,0.510063,0
0,0.4900,1.193146,0.542825,-0.633074,0.239261,0.510063,0
0,1.0000,-0.739408,-0.547641,-0.316956,-0.209404,-0.212150,0
0,0.4900,0.047929,0.906314,0.252057,1.504547,1.232275,0
0,0.4900,-0.309951,0.361081,0.441728,-0.115349,-0.212150,0
0,1.0000,1.837331,-0.184152,-0.127285,1.024469,1.232275,0
0,1.0000,-0.524680,1.996780,1.263635,1.955738,1.954488,0
0,1.0000,0.692114,-0.002408,-0.633074,-1.210544,-1.656575,0
0,1.0000,-0.309951,1.815036,1.263635,-0.450516,-0.212150,0
0,0.4900,-1.097288,-0.547641,1.010741,-1.025940,-0.934363,0
0,0.4900,0.477386,0.361081,1.895872,-0.209404,-0.212150,0
0,0.0800,-1.312016,-0.911130,0.378504,1.955738,1.954488,0
0,0.0800,-1.240440,0.361081,-0.000838,0.449628,0.510063,0
0,0.0800,-0.524680,-0.729386,-0.000838,0.256024,0.510063,0
0,0.0800,-0.596256,2.723758,-0.633074,-0.848182,-0.934363,0
0,0.0800,-1.097288,1.815036,0.757846,1.537183,1.232275,0
0,0.0800,0.047929,-1.092874,-0.633074,1.319981,1.232275,0
0,0.0800,-0.238375,0.179336,-0.633074,1.127535,1.232275,0
0,0.0800,0.620538,-0.184152,2.528108,1.124961,1.232275,0
0,0.0800,-0.453103,-1.092874,0.504951,1.234973,1.232275,0
0,0.2400,-0.166799,0.542825,-0.633074,1.676607,1.232275,0
0,0.4900,-0.453103,-0.547641,-0.633074,1.024469,1.232275,0
0,1.0000,-0.596256,1.088058,-0.633074,-0.235766,-0.212150,0
0,0.4900,-0.882560,-0.184152,1.263635,1.289391,1.232275,0
0,1.0000,0.620538,1.451547,-0.633074,-0.780413,-0.934363,0
0,1.0000,-1.813049,-0.547641,2.211990,0.102094,-0.212150,0
0,0.2400,-0.238375,0.906314,1.895872,1.379752,1.232275,0
0,0.2000,1.765755,-1.274619,-0.633074,1.392776,1.232275,0
0,0.0700,-0.095223,-0.729386,-0.633074,-1.172962,-1.656575,0
0,0.0700,-0.954136,-0.184152,0.504951,-0.135626,-0.212150,0
0,0.0700,1.908907,-0.002408,1.579753,0.084166,-0.212150,0
0,0.0700,-1.097288,0.724569,1.895872,1.392776,1.232275,0
0,0.0700,0.047929,-1.092874,1.579753,1.255927,1.232275,0
0,0.0700,-0.095223,-1.092874,-0.633074,0.209492,0.510063,0
0,0.0700,-0.810984,-0.547641,0.504951,0.632698,0.510063,0
0,0.0700,-1.383592,-0.911130,0.757846,-0.113694,-0.212150,0
0,0.0700,-0.524680,0.542825,0.504951,0.631884,0.510063,0
0,0.0700,0.477386,0.906314,-0.633074,0.617019,0.510063,0
0,0.0700,-0.739408,0.724569,0.252057,0.717459,0.510063,0
0,0.0700,-1.025712,-0.911130,1.579753,1.115035,1.232275,0
0,0.0700,-1.240440,1.451547,1.895872,0.163430,0.510063,0
0,0.0700,0.262657,-0.547641,-0.633074,0.639565,0.510063,0
0,0.0700,0.477386,0.179336,-0.633074,-0.647950,-0.212150,0
0,0.0700,-0.381527,-1.092874,0.378504,1.127535,1.232275,0
0,0.0700,-0.667832,-0.184152,-0.380180,1.259820,1.232275,0
0,0.0700,-1.097288,-0.365897,0.252057,1.234973,1.232275,0
0,0.0700,-0.739408,1.088058,-0.380180,1.234973,1.232275,0
0,0.6800,-1.455169,0.542825,0.757846,0.035262,-0.212150,0
0,0.4700,1.193146,-0.184152,-0.633074,-0.377897,-0.212150,0
0,1.0000,-0.882560,1.269803,-0.380180,-0.321281,-0.212150,0
0,0.5000,-0.095223,-0.911130,-0.633074,0.046389,-0.212150,0
0,0.5000,-0.596256,-0.911130,-0.633074,1.127535,1.232275,0
0,1.0000,0.191081,1.815036,-0.633074,1.191981,1.232275,0
0,0.5000,-1.312016,-0.547641,1.579753,1.127535,1.232275,0
0,0.5000,1.336299,0.906314,-0.633074,0.056087,-0.212150,0
0,1.0000,-0.810984,1.996780,0.504951,-0.130484,-0.212150,0
0,1.0000,-1.741473,0.724569,2.211990,-0.061769,-0.212150,0
0,0.5000,0.334233,1.451547,1.263635,0.634321,0.510063,0
0,0.2100,1.049994,-0.184152,-0.190509,1.504547,1.232275,0
0,0.4600,1.908907,-1.274619,-0.633074,0.115155,-0.212150,0
0,0.3900,-0.309951,0.906314,-0.633074,0.332732,0.510063,0
0,0.2700,-0.453103,1.269803,1.010741,0.386370,0.510063,0
0,0.5200,0.047929,-0.184152,-0.633074,0.042706,-0.212150,0
0,0.1800,1.479451,-1.274619,-0.633074,1.222234,1.232275,0
0,0.0800,-0.882560,-0.184152,1.390082,-0.209404,-0.212150,0
0,0.0800,1.837331,0.361081,1.010741,1.127535,1.232275,0
0,0.0800,1.121570,-0.911130,-0.633074,1.243944,1.232275,0
0,0.0800,0.548962,1.815036,-0.633074,0.600433,0.510063,0
0,0.0800,0.119505,-0.729386,-0.633074,0.639565,0.510063,0
0,0.0800,-0.596256,1.451547,-0.633074,-0.625864,-0.212150,0
0,0.0800,0.548962,-0.911130,-0.633074,-0.417337,-0.212150,0
0,0.0800,0.620538,-1.092874,-0.633074,-0.889141,-0.934363,0
0,0.0800,-0.453103,-0.002408,-0.633074,0.244345,0.510063,0
0,0.0800,-1.598321,-0.911130,1.895872,-0.209404,-0.212150,0
0,0.0800,-0.739408,0.361081,-0.633074,0.639565,0.510063,0
0,0.0800,-1.025712,1.451547,1.895872,1.625512,1.232275,0
0,0.0800,0.262657,-0.002408,-0.633074,0.639565,0.510063,0
0,0.0800,-0.667832,-0.002408,0.504951,0.992776,1.232275,0
0,0.4100,-1.312016,0.542825,1.010741,0.593914,0.510063,0
0,0.4000,-0.095223,-1.092874,2.275213,0.423174,0.510063,0
0,1.0000,1.336299,-0.547641,-0.633074,1.024469,1.232275,0
0,1.0000,1.551027,-0.002408,-0.633074,-0.896285,-0.934363,0
0,1.0000,-0.667832,-0.002408,1.010741,0.922861,1.232275,0
0,1.0000,-1.097288,-1.092874,0.252057,0.829587,0.510063,0
1,1.0000,0.906842,-1.092874,-0.633074,-1.094390,-0.934363,0
0,0.5000,-0.596256,1.633291,-0.569850,0.788134,0.510063,1
0,1.0000,-0.095223,0.542825,-0.633074,1.127535,1.232275,0
0,0.5000,-0.166799,1.088058,0.252057,-1.326066,-1.656575,0
0,0.5000,-1.312016,-0.547641,0.504951,0.773046,0.510063,0
0,0.5000,0.047929,0.542825,1.579753,1.127535,1.232275,0
0,0.5000,-0.381527,0.542825,1.010741,0.040236,-0.212150,0
0,1.0000,1.336299,-0.729386,0.125610,-0.099023,-0.212150,0
0,0.5000,-1.383592,0.724569,1.263635,0.639565,0.510063,0
0,0.2400,-1.312016,-0.729386,1.263635,0.686407,0.510063,0
0,1.0000,-0.023647,-0.547641,-0.569850,-1.185197,-1.656575,0
0,0.5000,0.047929,-0.002408,-0.633074,-0.063270,-0.212150,0
0,1.0000,-1.168864,0.724569,2.211990,-0.209404,-0.212150,0
0,0.5000,-0.810984,0.906314,2.528108,0.639565,0.510063,0
0,0.4900,0.477386,-1.092874,-0.633074,1.191981,1.232275,0
0,0.4600,0.477386,-1.092874,-0.633074,1.191981,1.232275,0
0,0.9900,-1.025712,-1.274619,0.757846,-0.957174,-0.934363,0
0,0.6300,0.548962,-0.547641,-0.633074,-0.584265,-0.212150,0
0,0.9500,0.119505,0.724569,-0.064061,1.020952,1.232275,0
0,0.4500,0.405810,-1.092874,1.579753,1.127535,1.232275,0
0,0.9500,1.264722,-0.911130,-0.633074,-0.715164,-0.212150,0
0,0.2800,-1.168864,-1.274619,1.010741,0.600433,0.510063,0
0,1.0300,1.407875,-0.184152,-0.633074,0.314566,0.510063,0
0,0.0800,-0.739408,-0.002408,-0.633074,-1.035196,-0.934363,0
0,0.0800,0.906842,-1.092874,-0.633074,0.256024,0.510063,0
0,0.0800,0.763690,-0.911130,-0.633074,0.927554,1.232275,0
0,0.0800,0.334233,2.178524,-0.633074,1.319981,1.232275,0
0,0.0800,-0.023647,0.906314,-0.633074,1.392776,1.232275,0
0,0.0800,-0.453103,-1.092874,-0.633074,1.271577,1.232275,0
0,0.0800,0.119505,-0.365897,-0.633074,1.127535,1.232275,0
0,0.0800,0.620538,-0.729386,-0.633074,0.776471,0.510063,0
0,0.0800,1.694179,-0.911130,-0.633074,0.771482,0.510063,0
0,0.0800,-0.954136,-1.092874,1.010741,-0.695078,-0.212150,0
0,0.0800,-1.025712,-0.184152,1.579753,0.639565,0.510063,0
0,0.0800,0.835266,-0.911130,0.188833,1.208081,1.232275,0
0,0.0800,-1.312016,0.179336,1.579753,0.333446,0.510063,0
0,0.0800,-0.739408,0.542825,-0.633074,0.935208,1.232275,0
0,0.0800,-1.669897,1.269803,1.895872,-0.209404,-0.212150,0
0,0.0800,-0.596256,-0.002408,0.757846,-1.310178,-1.656575,0
0,0.0800,-1.455169,-0.365897,0.504951,0.639565,0.510063,0
0,0.0800,-0.596256,1.996780,0.504951,1.284635,1.232275,0
0,0.0800,-0.954136,0.361081,0.504951,0.992776,1.232275,0
0,0.2100,-1.097288,1.451547,0.252057,1.074608,1.232275,0
0,0.6300,-0.954136,-0.547641,-0.380180,0.788134,0.510063,0
0,0.2400,-0.596256,1.088058,0.252057,0.669605,0.510063,0
0,1.1200,0.906842,2.178524,1.010741,-1.910746,-1.656575,0
0,0.6000,-0.810984,-1.274619,-0.316956,-0.630209,-0.212150,0
0,0.3100,0.620538,-1.274619,-0.633074,-0.060272,-0.212150,0
0,0.2400,-1.097288,-0.184152,0.757846,0.984864,1.232275,1
0,0.9600,-0.667832,1.269803,-0.190509,0.771482,0.510063,0
0,0.9900,-0.166799,1.996780,-0.633074,1.723015,1.954488,0
0,0.5000,0.477386,1.088058,-0.633074,1.209321,1.232275,0
1,0.9100,-0.596256,-0.729386,-0.000838,0.889299,1.232275,0
0,0.5000,0.405810,-0.911130,-0.633074,1.120590,1.232275,0
0,0.5000,1.980483,0.724569,-0.633074,0.423174,0.510063,0
0,0.5000,0.047929,0.724569,-0.633074,0.149502,0.510063,0
0,0.5000,1.479451,1.451547,-0.633074,0.109752,-0.212150,0
0,0.5000,-0.882560,0.542825,0.252057,1.124961,1.232275,0
0,0.9100,-1.025712,0.724569,4.551264,-1.359339,-1.656575,0
0,0.9100,-0.667832,1.088058,-0.633074,0.102094,-0.212150,0
0,0.5000,-0.882560,-0.911130,-0.000838,-1.910746,-1.656575,0
0,0.5000,-1.097288,-0.729386,0.504951,0.329867,0.510063,0
0,0.5000,-0.882560,4.359457,-0.380180,1.071052,1.232275,0
0,0.5000,-1.455169,-0.184152,1.579753,1.242394,1.232275,0
0,0.5000,0.047929,-0.547641,-0.190509,1.048456,1.232275,0
0,0.5200,1.193146,1.088058,0.757846,0.667705,0.510063,0
0,0.9600,0.262657,-0.729386,-0.633074,0.344041,0.510063,0
0,0.4100,-0.309951,-1.274619,-0.633074,-0.516713,-0.212150,0
0,1.0000,-0.166799,1.088058,-0.633074,1.127535,1.232275,0
0,0.2600,-0.882560,-0.729386,-0.633074,0.623677,0.510063,0
0,0.5000,0.835266,0.179336,-0.380180,-0.139082,-0.212150,1
0,0.2400,-0.453103,1.269803,-0.633074,-1.149305,-1.656575,0
0,0.2500,-0.309951,-0.002408,-0.633074,0.339828,0.510063,0
1,0.3800,0.477386,-0.911130,-0.633074,0.229810,0.510063,0
0,0.0800,-0.667832,-0.002408,-0.380180,0.906830,1.232275,0
0,0.0800,-0.739408,-1.092874,-0.633074,0.190237,0.510063,0
0,0.0800,-0.667832,-0.002408,0.125610,-0.346272,-0.212150,0
0,0.0800,-0.524680,-1.092874,0.757846,1.186839,1.232275,0
0,0.0800,0.262657,0.724569,1.895872,1.566739,1.232275,0
0,0.0800,0.978418,-0.547641,0.757846,1.209046,1.232275,0
0,0.0800,0.047929,0.179336,-0.633074,1.243944,1.232275,0
0,0.0800,-0.882560,0.906314,2.211990,0.976619,1.232275,0
0,0.0800,-1.240440,1.451547,1.579753,0.163430,0.510063,0
0,0.0800,0.047929,1.633291,0.757846,0.623677,0.510063,0
0,0.0800,-0.309951,1.633291,1.263635,-0.333630,-0.212150,0
0,0.0800,0.906842,-0.547641,-0.633074,1.271577,1.232275,0
0,0.0800,-0.667832,0.724569,-0.316956,0.719535,0.510063,0
0,0.0800,-0.309951,1.269803,-0.316956,1.053643,1.232275,0
0,0.0800,-0.596256,-0.911130,-0.190509,-0.209404,-0.212150,0
0,0.0800,1.479451,1.996780,-0.633074,0.016185,-0.212150,0
0,0.0800,-1.025712,-0.002408,0.252057,1.676607,1.232275,0
0,0.0800,-0.882560,0.179336,-0.380180,0.989251,1.232275,0
0,0.9800,0.763690,-1.274619,-0.633074,1.544343,1.232275,0
0,0.4900,-1.741473,1.451547,2.528108,1.243944,1.232275,0
0,0.6100,0.906842,-1.274619,-0.633074,-1.126655,-1.656575,0
0,1.0000,-1.025712,0.361081,1.579753,1.723067,1.954488,0
0,0.9600,0.978418,0.179336,-0.633074,1.319981,1.232275,0
0,0.8300,1.765755,1.088058,-0.633074,0.746799,0.510063,0
0,0.8300,-0.882560,2.178524,-0.127285,0.056087,-0.212150,0
0,0.8300,-1.025712,-0.729386,-0.633074,-1.025940,-0.934363,0
0,0.5000,-1.312016,-1.092874,-0.127285,0.693708,0.510063,0
0,0.8300,0.906842,1.088058,-0.633074,-0.081624,-0.212150,1
0,0.5000,-1.097288,-0.184152,2.211990,-0.429164,-0.212150,0
0,0.8300,1.837331,-1.092874,0.125610,0.583314,0.510063,0
0,0.5000,1.407875,0.906314,-0.633074,1.676607,1.232275,0
0,0.8300,0.620538,0.542825,-0.633074,1.392776,1.232275,0
0,0.8300,-0.023647,1.088058,-0.633074,1.392776,1.232275,0
0,0.5000,0.405810,0.179336,-0.633074,1.127535,1.232275,0
0,0.5000,-1.097288,-0.002408,0.757846,-0.188075,-0.212150,0
0,0.5000,-0.882560,1.088058,-0.000838,1.057134,1.232275,0
0,0.8300,-0.381527,-0.547641,-0.633074,0.386370,0.510063,0
0,0.5000,-0.882560,-0.729386,0.252057,-0.896285,-0.934363,0
0,0.9100,-0.667832,0.361081,-0.633074,0.332732,0.510063,0
0,1.0000,-0.453103,-1.274619,-0.633074,1.663583,1.232275,0
0,0.9500,0.262657,-0.547641,1.200411,1.127535,1.232275,0
0,0.4700,-0.810984,0.906314,0.252057,1.282241,1.232275,0
0,0.5900,1.193146,2.723758,1.895872,-0.254813,-0.212150,0
0,0.3800,0.047929,1.269803,1.010741,1.319981,1.232275,0
0,0.1800,-1.312016,-0.911130,0.694622,0.339828,0.510063,0
0,0.4400,-0.882560,0.361081,1.010741,-0.957174,-0.934363,0
0,0.4100,-1.025712,0.179336,0.504951,-0.261317,-0.212150,0
0,0.0800,-0.023647,0.724569,-0.633074,1.686634,1.232275,0
0,0.0800,0.047929,-0.184152,-0.633074,-0.933517,-0.934363,0
0,0.0800,-0.238375,-1.092874,-0.316956,1.127535,1.232275,0
0,0.0800,-1.741473,1.633291,1.895872,1.209046,1.232275,0
0,0.0800,-1.455169,-0.184152,0.757846,-0.584265,-0.212150,0
0,0.0800,0.262657,1.633291,-0.633074,0.639565,0.510063,0
0,0.0800,-0.810984,-0.365897,0.757846,0.686407,0.510063,0
0,0.0800,0.047929,-0.547641,-0.633074,-0.700029,-0.212150,0
0,0.0800,0.548962,-0.184152,0.252057,1.243944,1.232275,0
0,0.0800,-0.596256,-0.547641,1.263635,0.639565,0.510063,1
0,0.0800,-1.383592,-0.729386,1.895872,0.054885,-0.212150,0
0,0.0800,-0.238375,-0.184152,-0.633074,-0.910866,-0.934363,0
0,0.0800,-0.667832,1.269803,1.579753,0.634321,0.510063,0
0,0.0800,-1.598321,1.269803,2.528108,0.035262,-0.212150,0
0,0.0800,-1.383592,-1.092874,0.757846,0.665034,0.510063,0
0,0.0800,-0.023647,1.088058,-0.190509,0.277056,0.510063,0
0,0.0800,-0.381527,0.361081,1.010741,0.564702,0.510063,0
0,0.0800,-0.954136,-0.184152,-0.380180,-0.203502,-0.212150,0
0,0.0800,-0.453103,0.724569,0.252057,1.127535,1.232275,0
0,0.0800,-0.882560,0.724569,-0.633074,0.244345,0.510063,0
0,0.0800,-0.023647,-0.911130,-0.316956,-0.290455,-0.212150,0
0,0.0800,-1.025712,0.724569,-0.000838,-0.896285,-0.934363,0
0,0.0800,0.119505,-0.911130,-0.633074,0.595224,0.510063,0
0,0.0800,0.191081,2.542013,-0.633074,1.676607,1.232275,0
0,0.0800,-0.739408,-1.274619,0.504951,-0.910866,-0.934363,0
0,0.9300,0.119505,1.269803,-0.633074,-0.174933,-0.212150,0
0,0.3300,0.334233,0.361081,-0.316956,0.639565,0.510063,0
0,0.4300,-1.312016,-1.274619,0.631399,1.319981,1.232275,0
0,0.6500,0.262657,0.542825,-0.633074,-0.306832,-0.212150,0
0,0.5700,-0.453103,-1.092874,-0.190509,1.209046,1.232275,0
0,0.5000,1.049994,0.542825,1.010741,0.889299,1.232275,0
0,0.5000,0.692114,-1.274619,-0.633074,0.318983,0.510063,0
0,0.7500,1.121570,1.269803,1.010741,2.243436,1.954488,0
0,0.5000,0.191081,1.088058,1.010741,0.090960,-0.212150,0
0,0.7500,-0.381527,0.906314,-0.569850,1.160205,1.232275,0
0,0.5000,0.477386,0.542825,1.010741,0.035262,-0.212150,0
0,0.5000,2.338364,-1.274619,-0.633074,-0.209404,-0.212150,0
0,0.7500,0.548962,0.361081,0.504951,-0.613040,-0.212150,0
0,0.7500,0.334233,0.906314,-0.633074,1.456715,1.232275,0
0,0.7500,-0.166799,0.361081,-0.633074,2.243436,1.954488,0
0,0.5000,0.477386,-1.092874,0.694622,1.127535,1.232275,0
0,0.5000,-1.168864,2.905502,0.252057,0.751048,0.510063,0
0,0.5000,0.548962,1.088058,-0.633074,1.127535,1.232275,0
0,0.5000,-0.667832,-1.092874,-0.633074,-0.918310,-0.934363,0
0,0.5000,1.837331,1.269803,-0.633074,-0.757762,-0.934363,0
0,0.5000,1.622603,1.451547,-0.633074,-0.209404,-0.212150,0
0,0.2500,0.835266,-0.547641,-0.633074,0.686407,0.510063,0
0,0.5000,0.262657,1.088058,-0.633074,-0.705026,-0.212150,0
0,0.7500,-0.309951,0.906314,0.441728,1.127535,1.232275,0
0,0.7500,-0.524680,1.269803,1.010741,0.102094,-0.212150,0
0,0.7500,1.264722,-1.092874,-0.633074,1.191981,1.232275,0
0,0.5000,-0.381527,-0.547641,-0.633074,-0.768967,-0.934363,0
0,0.2400,1.837331,-1.274619,-0.633074,-0.314007,-0.212150,0
0,0.3900,2.195212,1.633291,-0.633074,1.057134,1.232275,0
0,0.4500,-1.097288,-0.365897,-0.190509,-1.210544,-1.656575,0
0,0.2500,-0.667832,1.088058,0.504951,1.127535,1.232275,0
0,0.5900,1.049994,-0.547641,-0.633074,0.073809,-0.212150,0
0,0.3800,0.334233,-0.002408,-0.633074,0.820238,0.510063,0
0,0.0800,-0.739408,1.088058,1.010741,0.639565,0.510063,0
0,0.0800,0.477386,0.724569,-0.633074,-1.495547,-1.656575,0
0,0.0800,-0.882560,0.361081,1.959095,1.271577,1.232275,0
0,0.0800,-0.453103,0.724569,0.504951,-0.720306,-0.212150,0
0,0.0800,-0.954136,-0.184152,0.504951,-0.135626,-0.212150,0
0,0.0800,-1.168864,-1.274619,0.252057,0.256849,0.510063,0
0,0.0800,0.334233,-0.547641,0.504951,2.243436,1.954488,0
0,0.0800,0.477386,0.542825,-0.633074,-0.063270,-0.212150,0
0,0.0800,1.193146,-0.911130,-0.633074,-0.205462,-0.212150,0
0,0.0800,0.334233,-0.729386,-0.633074,1.723067,1.954488,0
0,0.0800,0.047929,-0.365897,-0.633074,-0.617280,-0.212150,0
0,0.0800,-0.023647,1.996780,-0.633074,0.617019,0.510063,0
0,0.0800,-1.168864,-0.911130,0.504951,0.141377,0.510063,0
0,0.0800,-1.025712,1.815036,0.757846,0.290371,0.510063,0
0,0.0800,0.548962,-0.911130,-0.633074,-0.417337,-0.212150,0
0,0.0800,-1.240440,-0.547641,1.010741,0.669605,0.510063,0
0,0.0800,-0.095223,0.542825,-0.633074,-1.359339,-1.656575,0
0,0.0800,-0.381527,-0.911130,0.504951,1.234973,1.232275,0
0,0.0800,-0.095223,-0.002408,-0.633074,0.863584,1.232275,0
0,0.0800,0.047929,1.269803,-0.190509,1.676607,1.232275,0
0,0.0800,0.978418,-1.092874,-0.633074,0.634321,0.510063,0
0,0.0800,-0.309951,-0.002408,1.579753,1.618606,1.232275,0
0,0.0800,-1.025712,0.361081,1.263635,1.686634,1.232275,0
0,0.0800,-0.667832,-0.911130,-0.633074,-0.685313,-0.212150,0
0,0.0800,1.479451,1.996780,-0.633074,0.016185,-0.212150,0
0,0.0800,-0.882560,0.724569,-0.633074,0.244345,0.510063,0
0,0.0800,-0.810984,1.451547,-0.633074,-0.149586,-0.212150,0
0,0.0800,0.047929,-0.547641,-0.633074,0.829587,0.510063,0
0,0.0800,-1.025712,-0.911130,-0.633074,1.676607,1.232275,0
0,0.0800,-0.882560,3.995968,2.211990,0.639565,0.510063,0
0,0.0800,-1.097288,1.269803,-0.000838,-0.024152,-0.212150,0
0,0.0800,-0.596256,0.906314,0.757846,0.325540,0.510063,0
0,0.2300,-0.810984,-1.092874,1.263635,0.965423,1.232275,0
0,0.2300,2.553092,-1.274619,-0.633074,0.746799,0.510063,0
0,0.6000,0.119505,-0.002408,-0.633074,1.018594,1.232275,0
0,0.7600,0.119505,-0.547641,-0.190509,0.434505,0.510063,0
0,0.1700,-1.455169,0.361081,1.263635,1.287375,1.232275,0
0,0.2500,0.763690,-1.092874,0.252057,-1.172962,-1.656575,0
0,0.6600,0.119505,0.361081,-0.633074,-0.690173,-0.212150,0
0,0.2500,-1.168864,-0.547641,0.252057,-1.376790,-1.656575,0
0,0.6600,-0.739408,-1.274619,1.263635,0.384429,0.510063,0
0,0.2400,-0.739408,1.088058,1.010741,0.869869,1.232275,0
0,0.5000,0.835266,-0.002408,-0.316956,-0.485902,-0.212150,0
0,0.6600,-1.168864,-0.002408,0.504951,2.243436,1.954488,0
0,0.6600,1.407875,-0.729386,-0.633074,0.958635,1.232275,0
0,0.5000,0.763690,-0.365897,0.504951,1.391703,1.232275,0
0,0.5000,1.049994,0.724569,-0.633074,1.127535,1.232275,0
0,0.6600,0.262657,-1.092874,0.441728,1.763663,1.954488,0
0,0.6600,1.121570,2.723758,1.579753,1.127535,1.232275,0
0,0.6600,-0.596256,0.361081,-0.633074,0.927554,1.232275,0
0,0.5000,0.620538,-1.092874,-0.633074,0.386370,0.510063,0
0,0.5000,0.405810,0.179336,0.821070,0.035262,-0.212150,0
0,0.6600,-1.383592,0.361081,0.504951,1.127535,1.232275,0
0,0.6600,-0.238375,0.179336,1.263635,-0.014463,-0.212150,0
0,0.0800,-0.238375,0.542825,-0.633074,-0.314007,-0.212150,0
0,0.5000,-0.596256,1.269803,0.315280,-1.541854,-1.656575,0
0,0.1900,0.047929,-0.184152,-0.000838,0.639565,0.510063,0
0,0.5300,-0.739408,-0.365897,-0.633074,-1.137859,-1.656575,0
0,0.5500,-0.954136,1.269803,1.579753,0.517890,0.510063,0
0,0.2100,0.047929,-0.547641,-0.316956,1.208081,1.232275,0
0,0.5000,-0.954136,-1.092874,1.579753,-0.816305,-0.934363,0
0,0.4300,-0.739408,0.542825,-0.633074,1.319981,1.232275,0
1,0.3400,-0.524680,0.724569,-0.569850,1.127535,1.232275,0
0,0.0800,-1.168864,-0.184152,-0.633074,-0.323728,-0.212150,0
0,0.0800,-0.810984,0.724569,-0.633074,1.234973,1.232275,0
0,0.0800,0.119505,-1.092874,-0.633074,-0.438210,-0.212150,0
0,0.0800,-0.667832,-1.092874,-0.633074,-1.161002,-1.656575,0
0,0.0800,-0.381527,0.179336,-0.253732,1.664403,1.232275,0
0,0.0800,-0.238375,-0.365897,-0.633074,1.625512,1.232275,0
0,0.0800,-0.667832,1.088058,-0.633074,0.791765,0.510063,0
0,0.0800,2.338364,-1.274619,-0.633074,0.685303,0.510063,0
0,0.0800,0.477386,-0.002408,-0.633074,1.243944,1.232275,0
0,0.0800,-0.954136,0.179336,0.504951,-0.485902,-0.212150,0
0,0.0800,-1.168864,1.088058,0.757846,1.321432,1.232275,0
0,0.0800,-1.025712,1.815036,0.757846,0.290371,0.510063,0
0,0.0800,0.119505,0.542825,-0.633074,0.066791,-0.212150,0
0,0.0800,-0.309951,0.179336,0.757846,-0.584265,-0.212150,0
0,0.0800,-0.238375,1.269803,-0.633074,-1.149305,-1.656575,1
0,0.0800,-0.381527,-1.092874,-0.633074,1.234973,1.232275,0
0,0.0800,-1.240440,-0.911130,-0.000838,-0.730741,-0.212150,0
0,0.0800,-0.667832,0.724569,1.263635,0.771482,0.510063,0
0,0.0800,-1.669897,-0.729386,2.528108,-0.331137,-0.212150,0
0,0.0800,0.334233,1.633291,1.579753,0.771482,0.510063,0
0,0.0800,-1.097288,-0.729386,1.010741,2.243436,1.954488,0
0,0.0800,0.477386,0.542825,0.252057,1.234973,1.232275,0
0,0.0800,-1.240440,-0.184152,1.579753,1.208495,1.232275,0
0,0.0800,-0.095223,-0.729386,-0.633074,1.071052,1.232275,0
0,0.0800,-1.097288,-0.547641,0.694622,0.693708,0.510063,0
0,0.0800,-0.954136,-1.092874,1.010741,1.311306,1.232275,0
0,0.0800,-0.810984,0.542825,1.895872,0.955098,1.232275,0
0,0.2500,-0.667832,-0.729386,-0.064061,1.127535,1.232275,0
0,0.7000,0.692114,0.906314,-0.506627,0.639565,0.510063,0
0,0.2400,-0.453103,-0.002408,2.528108,1.839934,1.954488,0
0,0.4800,0.047929,-1.274619,-0.633074,1.191981,1.232275,0
0,0.5800,0.620538,-0.184152,-0.633074,-0.209404,-0.212150,0
0,0.4900,0.334233,-0.002408,-0.633074,-0.685313,-0.212150,0
0,0.5800,1.049994,-1.274619,-0.633074,-0.435178,-0.212150,0
0,0.4900,-0.954136,1.451547,0.757846,-0.774659,-0.934363,0
0,0.5800,-0.381527,1.996780,-0.633074,1.319981,1.232275,1
0,0.4900,0.477386,1.088058,-0.380180,0.746799,0.510063,0
0,0.5800,0.334233,0.542825,-0.633074,1.222234,1.232275,0
0,0.4900,-0.667832,-0.002408,1.579753,0.746799,0.510063,0
0,0.5800,0.405810,1.451547,-0.633074,0.102094,-0.212150,1
0,0.4900,0.835266,-0.547641,0.125610,1.191981,1.232275,0
0,0.5800,-0.095223,0.542825,-0.633074,-0.828828,-0.934363,0
0,0.5800,-1.097288,1.633291,-0.569850,-0.333630,-0.212150,0
0,0.3400,-1.168864,-1.274619,1.010741,0.853477,0.510063,0
0,0.7000,-0.954136,0.361081,-0.000838,0.482432,0.510063,0
0,0.6000,0.477386,-1.092874,-0.633074,-0.400075,-0.212150,0
0,0.8800,0.978418,2.905502,-0.633074,-0.007649,-0.212150,0
0,0.0800,-1.097288,1.088058,1.010741,1.625512,1.232275,0
0,0.0800,-1.240440,1.088058,0.504951,-1.250984,-1.656575,0
0,0.0800,-0.739408,-0.184152,0.947517,-0.314007,-0.212150,0
0,0.0800,0.047929,-0.547641,1.263635,0.283364,0.510063,0
0,0.0800,0.692114,0.724569,-0.633074,0.906830,1.232275,0
0,0.0800,-0.954136,1.088058,-0.380180,1.284635,1.232275,0
0,0.0800,0.262657,-1.092874,-0.633074,0.115155,-0.212150,0
0,0.0800,0.262657,0.906314,-0.633074,1.392776,1.232275,0
0,0.0800,2.409940,1.269803,-0.633074,-0.715164,-0.212150,0
0,0.0800,0.477386,0.361081,-0.633074,-1.376790,-1.656575,0
0,0.0800,-0.524680,-0.184152,-0.380180,-0.506243,-0.212150,0
0,0.0800,-1.097288,-0.729386,-0.000838,1.243944,1.232275,0
0,0.0800,0.477386,2.542013,-0.633074,1.242394,1.232275,1
0,0.0800,1.121570,-1.274619,-0.380180,1.127535,1.232275,0
0,0.0800,0.191081,0.179336,0.504951,1.234973,1.232275,1
0,0.0800,0.047929,-1.092874,-0.633074,1.124961,1.232275,0
0,0.0800,-0.739408,-0.911130,-0.190509,-1.326066,-1.656575,0
0,0.0800,-0.381527,0.724569,2.211990,1.191981,1.232275,0
0,0.0800,-0.309951,-0.729386,0.757846,1.234973,1.232275,0
0,0.0800,-0.238375,0.724569,-0.190509,0.137267,0.510063,0
0,0.0800,-1.097288,1.451547,1.579753,1.470031,1.232275,0
0,0.0800,0.119505,0.542825,-0.633074,0.066791,-0.212150,0
0,0.0800,-0.524680,0.542825,-0.633074,0.386370,0.510063,0
0,0.0800,-0.381527,0.906314,-0.190509,-0.036875,-0.212150,0
0,0.0800,-1.741473,0.724569,2.211990,-0.882092,-0.934363,0
0,0.0800,0.906842,-0.911130,-0.633074,1.209046,1.232275,0
0,0.0800,-1.813049,0.724569,2.211990,1.243944,1.232275,0
0,0.0800,-0.453103,-0.729386,1.895872,0.634321,0.510063,0
0,0.0800,-1.240440,-1.092874,1.073964,1.242394,1.232275,0
0,0.0800,-0.023647,0.542825,-0.633074,1.723067,1.954488,0
0,0.0800,-0.596256,-0.729386,-0.633074,-0.306832,-0.212150,0
0,0.0800,-0.453103,1.088058,2.211990,1.234973,1.232275,0
0,0.0800,1.765755,0.906314,-0.633074,1.437261,1.232275,1
0,0.0800,-0.882560,-0.911130,1.263635,1.149536,1.232275,0
0,0.0800,-0.739408,-0.184152,-0.190509,0.771482,0.510063,0
0,0.0800,-0.810984,2.178524,-0.000838,1.278388,1.232275,0
0,0.0800,0.119505,1.088058,-0.633074,-0.276808,-0.212150,0
0,0.0800,-0.954136,-0.729386,-0.633074,-0.469525,-0.212150,0
0,0.9600,0.262657,-1.274619,-0.633074,1.077788,1.232275,0
0,0.9600,-1.168864,0.542825,1.263635,1.238631,1.232275,0
0,0.1200,-0.453103,-0.729386,1.579753,2.243436,1.954488,0
1,0.8700,0.119505,-0.729386,1.895872,-0.014463,-0.212150,0
0,0.4900,0.906842,-0.547641,0.884293,-0.169399,-0.212150,0
0,0.1400,0.906842,-0.547641,0.884293,-0.169399,-0.212150,0
0,0.1200,1.479451,-1.092874,0.504951,0.197654,0.510063,0
0,0.1200,0.835266,-0.729386,-0.633074,-0.250521,-0.212150,0
0,0.1200,0.906842,-0.911130,-0.633074,-1.265177,-1.656575,0
0,0.1200,0.906842,-0.729386,-0.633074,1.020952,1.232275,0
0,0.8700,0.692114,-0.729386,-0.633074,-0.246264,-0.212150,0
0,0.8700,0.262657,-1.092874,-0.633074,-0.489238,-0.212150,0
0,0.1200,-0.238375,-0.547641,-0.633074,-0.513200,-0.212150,0
0,0.8700,-0.453103,-1.092874,0.757846,-0.209404,-0.212150,0
0,0.2000,0.763690,-0.729386,-0.633074,1.170960,1.232275,0
0,0.8000,0.191081,-0.911130,-0.633074,-0.195733,-0.212150,0
0,0.3400,1.121570,-0.729386,-0.633074,1.518351,1.232275,0
0,0.0600,1.908907,-0.729386,-0.633074,0.382481,0.510063,0
0,0.2800,-0.309951,-0.547641,-0.633074,1.319981,1.232275,0
0,0.7100,1.264722,-0.911130,-0.633074,-0.675724,-0.212150,0
0,0.7100,0.047929,-0.365897,-0.633074,0.386370,0.510063,0
0,0.7100,0.405810,-0.729386,-0.633074,-0.666304,-0.212150,0
0,0.6300,-0.882560,-0.729386,-0.569850,1.427763,1.232275,0
0,0.3600,0.620538,0.542825,6.068632,2.243436,1.954488,0
0,0.3600,-0.524680,-0.729386,0.441728,1.138492,1.232275,0
0,0.6000,-0.023647,-0.547641,-0.633074,1.517503,1.232275,0
0,0.6300,-1.025712,-0.729386,0.188833,0.410981,0.510063,0
0,0.0700,-1.025712,0.542825,0.125610,1.124961,1.232275,0
0,0.5400,1.622603,-0.729386,-0.633074,0.442701,0.510063,0
1,0.3900,-0.166799,-1.274619,-0.633074,0.386370,0.510063,0
0,0.5400,-0.739408,-0.729386,1.895872,1.127535,1.232275,0
0,0.5200,-1.455169,-0.729386,2.528108,0.466005,0.510063,0
0,0.1600,0.119505,-0.729386,-0.633074,-0.538291,-0.212150,0
0,0.5400,-0.095223,-0.729386,-0.633074,1.739628,1.954488,0
0,0.5300,0.334233,-0.729386,-0.633074,2.243436,1.954488,0
0,0.4600,2.052059,-0.729386,-0.633074,-1.648651,-1.656575,0
0,0.5300,-1.240440,0.542825,1.895872,-0.763335,-0.934363,0
0,0.6100,-0.739408,-0.729386,-0.380180,1.504547,1.232275,0
0,0.6100,0.334233,-1.092874,-0.633074,0.965423,1.232275,0
0,0.6100,0.119505,-0.729386,-0.380180,1.380151,1.232275,0
0,0.7000,-0.882560,0.542825,1.895872,-0.502798,-0.212150,0
0,0.5500,2.696244,-0.729386,-0.316956,0.719535,0.510063,0
0,0.2100,0.477386,-0.729386,-0.633074,-0.957174,-0.934363,0
0,0.7000,-1.168864,-0.729386,0.252057,-1.016843,-0.934363,0
0,0.0400,-0.166799,-0.729386,1.895872,-0.657048,-0.212150,0
0,0.2900,0.835266,-0.729386,-0.633074,-0.314007,-0.212150,0
0,0.0200,-1.168864,-0.002408,0.757846,1.519197,1.232275,1
0,0.7000,-0.023647,-0.729386,-0.633074,1.145363,1.232275,0
0,0.7800,1.264722,-0.729386,-0.633074,1.430312,1.232275,0
0,0.7800,0.477386,-0.729386,-0.633074,1.243944,1.232275,0
0,0.2100,1.479451,-0.729386,-0.633074,1.319981,1.232275,0
0,0.7800,0.119505,-0.729386,-0.633074,0.510781,0.510063,0
0,0.6400,-0.023647,0.542825,-0.633074,-0.007649,-0.212150,0
0,0.2400,1.121570,-1.274619,-0.633074,-0.367145,-0.212150,0
0,0.0200,0.978418,-0.911130,-0.633074,0.424979,0.510063,0
0,0.0700,-0.667832,-1.274619,0.252057,-0.221409,-0.212150,0
0,0.0400,0.620538,-0.911130,-0.633074,0.846721,0.510063,0
0,0.5400,-1.312016,-1.092874,1.895872,-2.080227,-1.656575,0
0,0.0400,-1.383592,-0.729386,2.528108,-0.092630,-0.212150,0
0,0.0300,0.548962,0.361081,-0.633074,0.043936,-0.212150,0
0,0.0300,1.049994,-0.911130,-0.316956,-0.394443,-0.212150,0
0,0.2000,-0.095223,-0.547641,-0.633074,-0.903526,-0.934363,0
0,0.8700,0.763690,-0.184152,0.821070,-0.122022,-0.212150,0
0,0.0300,-0.381527,-0.911130,-0.633074,1.167399,1.232275,0
0,0.1200,-0.667832,1.451547,-0.190509,1.025830,1.232275,0
0,0.1200,0.477386,-0.911130,0.757846,2.243436,1.954488,0
0,0.1200,-0.667832,-0.911130,-0.633074,0.672254,0.510063,0
0,0.8800,0.477386,-0.365897,1.895872,0.909254,1.232275,0
0,0.2000,-1.097288,-0.911130,-0.190509,1.319981,1.232275,0
0,0.8000,0.405810,-0.729386,-0.633074,1.127535,1.232275,0
0,0.8000,1.622603,-0.911130,0.568175,2.243436,1.954488,0
0,0.2000,2.052059,-0.911130,-0.633074,0.780798,0.510063,0
0,0.8000,0.334233,-0.911130,-0.633074,-0.102248,-0.212150,0
0,0.0400,-0.381527,-1.092874,1.579753,1.124961,1.232275,0
0,0.2000,0.191081,-0.911130,-0.633074,-1.473821,-1.656575,0
0,0.8000,-1.097288,-0.911130,1.263635,2.243436,1.954488,0
0,0.7100,-1.097288,0.542825,0.504951,-0.608833,-0.212150,0
0,0.2800,-1.097288,0.179336,2.211990,0.283364,0.510063,0
0,0.2000,-0.023647,-0.911130,-0.633074,-2.151292,-1.656575,0
0,0.3200,1.121570,-0.911130,-0.633074,-1.566612,-1.656575,0
0,0.2800,-0.954136,-0.002408,-0.633074,0.234986,0.510063,0
0,0.7100,0.119505,-0.911130,0.504951,1.207806,1.232275,0
0,0.2800,-0.882560,-0.911130,-0.633074,-0.757762,-0.934363,0
0,0.7500,2.338364,-0.911130,-0.633074,1.319981,1.232275,0
0,0.3600,0.548962,-0.911130,-0.633074,0.798358,0.510063,0
0,0.1500,-0.596256,-0.911130,-0.190509,0.454196,0.510063,0
0,0.5300,0.262657,-1.274619,1.895872,-1.084056,-0.934363,0
0,0.6300,0.692114,-0.911130,-0.633074,1.875332,1.954488,0
0,0.3600,-0.166799,-0.184152,-0.633074,-0.343719,-0.212150,0
0,0.4500,-0.238375,-0.911130,-0.633074,-0.149586,-0.212150,0
0,0.3600,-0.596256,-0.911130,0.757846,1.025830,1.232275,0
0,0.4500,0.119505,-0.911130,-0.633074,0.256024,0.510063,0
0,0.2300,0.692114,-0.911130,-0.633074,0.815645,0.510063,0
0,0.4500,-0.166799,-0.911130,2.211990,0.240961,0.510063,0
0,0.4500,0.119505,-0.911130,-0.633074,1.259820,1.232275,0
0,0.4600,-0.166799,-0.911130,-0.633074,1.180050,1.232275,0
0,0.4500,0.548962,-0.911130,2.211990,1.408905,1.232275,0
0,0.4600,0.262657,-0.911130,-0.633074,0.458162,0.510063,0
0,0.4600,2.481516,-0.911130,-0.633074,1.024469,1.232275,0
0,0.5300,0.047929,-0.911130,-0.633074,0.050046,-0.212150,0
0,0.3800,-1.240440,-0.729386,1.579753,-1.223686,-1.656575,0
0,0.3800,-0.023647,-0.547641,-0.633074,-0.875135,-0.934363,0
0,0.3800,0.334233,-0.911130,-0.633074,0.410981,0.510063,0
0,0.7000,-1.097288,-0.911130,0.757846,1.255927,1.232275,0
0,0.7000,-0.524680,-0.365897,0.757846,1.204622,1.232275,0
0,0.7000,-0.309951,-0.911130,-0.633074,0.315305,0.510063,0
0,0.7000,0.692114,-0.911130,-0.443403,0.240111,0.510063,0
0,0.2100,0.763690,-0.911130,-0.633074,0.166368,0.510063,0
0,0.1000,-0.166799,-1.092874,-0.633074,-0.572394,-0.212150,0
0,0.2100,-1.240440,-0.911130,-0.000838,-1.473821,-1.656575,0
0,0.2100,2.195212,-0.365897,-0.633074,-1.137859,-1.656575,0
0,0.2100,-1.168864,-0.911130,1.263635,0.420758,0.510063,0
0,0.0500,-1.025712,-0.911130,-0.190509,-0.029769,-0.212150,0
0,0.8700,1.837331,-0.911130,-0.633074,-1.413508,-1.656575,0
0,0.1200,-0.739408,-0.911130,-0.633074,-0.341179,-0.212150,0
0,0.2700,-0.882560,-0.911130,-0.633074,-0.331137,-0.212150,0
0,0.1200,-0.095223,-0.911130,-0.633074,1.124961,1.232275,0
0,0.0400,-0.381527,-0.547641,1.263635,0.868566,1.232275,0
0,0.4300,-0.810984,-0.911130,-0.569850,0.872467,1.232275,0
0,0.0300,0.835266,-0.184152,0.504951,-0.173082,-0.212150,0
0,0.3800,1.049994,0.542825,-0.633074,1.431945,1.232275,0
0,0.0400,-0.023647,-0.911130,-0.633074,0.522411,0.510063,0
0,0.0300,-1.455169,0.542825,2.211990,1.124961,1.232275,0
0,0.0400,-0.739408,-1.092874,-0.633074,-0.250521,-0.212150,0
0,0.6600,-1.097288,0.542825,1.263635,0.955319,1.232275,0
0,0.0400,0.477386,-0.911130,0.504951,0.809848,0.510063,0
1,0.9500,1.765755,-0.911130,-0.633074,1.138335,1.232275,0
0,0.5600,-1.383592,-0.184152,1.263635,1.071052,1.232275,0
0,0.9600,-0.810984,-1.092874,-0.633074,-1.910746,-1.656575,0
0,0.0300,2.266788,0.361081,-0.633074,-0.321281,-0.212150,0
0,0.0300,-0.810984,0.542825,0.694622,-1.452948,-1.656575,0
0,0.0300,-1.025712,0.361081,-0.000838,-0.055806,-0.212150,0
0,0.9600,-1.383592,0.179336,3.666133,-0.973550,-0.934363,0
0,0.1200,-0.095223,-1.092874,-0.633074,-1.413508,-1.656575,0
0,0.1200,-1.097288,-1.092874,1.579753,-0.705026,-0.212150,0
0,0.8700,-0.166799,-0.911130,-0.633074,1.243944,1.232275,0
0,0.8700,-0.954136,-0.911130,-0.190509,-1.054205,-0.934363,0
0,0.1200,0.047929,-0.911130,-0.633074,1.204622,1.232275,0
0,0.0300,-0.238375,0.361081,-0.633074,0.355799,0.510063,0
0,0.1200,1.694179,-1.092874,-0.633074,-1.025940,-0.934363,0
0,0.8000,-0.309951,-1.092874,-0.506627,-0.128781,-0.212150,0
0,0.5200,-0.166799,-1.092874,-0.633074,-0.889141,-0.934363,0
0,0.1500,-1.240440,-0.911130,0.757846,1.071052,1.232275,0
0,0.1800,-0.453103,-1.092874,2.528108,0.177959,0.510063,0
0,0.3600,1.622603,-0.729386,-0.633074,-1.910746,-1.656575,0
0,0.8000,0.405810,-1.092874,-0.569850,1.704186,1.232275,0
0,0.4600,0.405810,0.542825,-0.633074,0.517890,0.510063,0
0,0.6900,0.191081,-1.274619,-0.633074,0.872467,1.232275,0
0,0.2000,-0.309951,-1.092874,-0.633074,-0.209404,-0.212150,0
0,0.7100,-0.524680,0.542825,-0.633074,1.038308,1.232275,0
0,0.7100,0.047929,-1.092874,-0.633074,1.706785,1.232275,0
0,0.2000,0.835266,-1.092874,-0.380180,0.315305,0.510063,0
0,0.4100,-1.312016,-0.547641,0.504951,-0.538291,-0.212150,0
0,0.2000,-0.238375,-1.092874,-0.633074,0.270673,0.510063,0
0,0.2000,-0.954136,-1.092874,2.528108,1.844125,1.954488,0
0,0.2800,-0.166799,-0.911130,-0.633074,-0.848182,-0.934363,0
0,0.2300,0.906842,-1.092874,-0.000838,-1.294751,-1.656575,0
0,0.3100,-0.596256,-1.092874,-0.633074,-1.007898,-0.934363,0
0,0.2800,-0.381527,-1.092874,1.263635,1.024469,1.232275,0
0,0.2800,1.694179,-0.184152,-0.253732,-1.495547,-1.656575,0
0,0.3600,-0.166799,0.361081,-0.633074,-0.333630,-0.212150,0
0,0.2300,0.191081,-1.092874,2.211990,-1.094390,-0.934363,0
0,0.2800,0.477386,-0.729386,-0.633074,-0.816305,-0.934363,0
1,0.2800,0.906842,-1.092874,-0.316956,1.828194,1.954488,0
0,0.2800,-0.667832,-1.092874,-0.190509,0.638359,0.510063,0
0,0.2700,-1.025712,-1.092874,0.252057,-0.380619,-0.212150,0
0,0.7100,0.548962,-1.092874,-0.633074,0.976619,1.232275,0
0,0.2800,-0.095223,-1.092874,-0.633074,0.531339,0.510063,0
0,0.3600,-1.383592,-0.911130,1.010741,1.676607,1.232275,0
0,0.6300,-1.383592,-0.911130,0.504951,2.243436,1.954488,0
0,0.6000,-1.097288,-0.002408,1.579753,1.038308,1.232275,0
0,0.0200,2.338364,-1.274619,-0.633074,0.800142,0.510063,0
0,0.3600,-0.023647,-1.092874,1.263635,1.050870,1.232275,0
0,0.5400,-0.238375,-1.092874,-0.000838,1.345724,1.232275,0
0,0.4400,-0.238375,-1.092874,-0.380180,1.113884,1.232275,0
0,0.4400,-0.739408,-0.365897,1.895872,-0.034021,-0.212150,0
0,0.4500,0.191081,-0.547641,1.010741,-0.227515,-0.212150,0
0,0.5400,-0.810984,-1.274619,-0.190509,-0.359221,-0.212150,0
0,0.5400,-0.739408,-0.002408,-0.633074,0.124745,0.510063,0
0,0.4700,0.119505,-0.547641,-0.633074,0.166368,0.510063,0
0,0.5400,0.191081,-1.092874,-0.633074,-0.120346,-0.212150,0
0,0.5400,-1.383592,-0.365897,1.010741,-0.045529,-0.212150,0
0,0.5400,-1.168864,-1.092874,2.211990,1.618606,1.232275,0
0,0.5400,0.405810,-1.092874,-0.633074,0.077284,-0.212150,0
0,0.0500,-0.453103,-1.092874,-0.633074,-0.918310,-0.934363,0
0,0.4600,-1.383592,-1.092874,0.252057,0.256024,0.510063,0
0,0.0300,0.047929,-1.274619,-0.633074,1.154592,1.232275,0
0,0.6100,-0.596256,-0.547641,-0.633074,-0.356606,-0.212150,0
0,0.1000,-1.526745,0.542825,2.528108,1.544343,1.232275,0
0,0.6100,-1.025712,-1.092874,1.263635,1.222234,1.232275,0
0,0.6100,1.049994,-0.365897,-0.569850,0.623677,0.510063,0
0,0.5100,-0.882560,-1.274619,0.757846,2.167187,1.954488,0
0,0.0600,-0.166799,-1.274619,-0.633074,0.315305,0.510063,0
0,0.4800,-0.739408,-1.274619,1.642977,1.127535,1.232275,0
0,0.0400,0.405810,0.542825,-0.633074,-0.469525,-0.212150,0
0,0.0200,0.477386,-1.274619,-0.633074,1.495061,1.232275,0
0,0.4000,-1.168864,1.451547,2.528108,1.307315,1.232275,0
0,0.4800,0.906842,-1.274619,-0.633074,-0.910866,-0.934363,0
0,0.0600,-1.097288,0.542825,1.010741,-0.029769,-0.212150,0
0,0.0700,-0.381527,-1.274619,-0.633074,1.351548,1.232275,0
0,0.0600,-0.381527,-1.274619,-0.633074,-0.780413,-0.934363,0
0,0.0700,-1.240440,-1.274619,2.528108,0.442701,0.510063,0
0,0.0200,1.407875,-1.274619,-0.633074,0.620359,0.510063,0
1,0.4900,-0.309951,-1.274619,-0.633074,-0.757762,-0.934363,0
0,0.1000,-0.238375,-1.274619,-0.633074,-0.580279,-0.212150,0
0,0.4400,-1.455169,-1.092874,2.528108,1.284635,1.232275,0
0,0.0700,-0.453103,-1.274619,-0.633074,-0.295083,-0.212150,0
0,0.2300,-1.240440,-0.911130,-0.190509,0.407268,0.510063,0
0,0.3100,-0.596256,-1.274619,1.895872,-0.438210,-0.212150,0
0,0.2200,-0.739408,-0.365897,0.504951,1.704999,1.232275,0
0,0.0600,-0.524680,-0.911130,-0.443403,1.482693,1.232275,0
0,0.1200,-1.526745,-1.274619,1.579753,-0.553179,-0.212150,0
0,0.2500,-0.381527,-1.092874,-0.633074,-0.479290,-0.212150,0
0,0.0200,-1.455169,-1.274619,1.895872,1.380151,1.232275,0
0,0.2700,0.477386,-1.274619,2.528108,0.821665,0.510063,0
0,0.0600,-0.238375,-1.274619,0.504951,0.314566,0.510063,0
0,0.2300,1.121570,-0.184152,-0.633074,1.454115,1.232275,0
0,0.0300,1.193146,-1.274619,-0.633074,-1.161002,-1.656575,0
0,0.2500,-0.810984,-1.274619,1.895872,-0.549418,-0.212150,0
0,0.2200,-1.598321,-1.274619,2.528108,1.170960,1.232275,0
0,0.2100,1.551027,-1.274619,-0.633074,0.395971,0.510063,0
0,0.2000,-0.166799,0.542825,-0.633074,-1.961470,-1.656575,0
0,0.1600,0.620538,-1.274619,-0.633074,0.468225,0.510063,0
0,0.1900,-0.810984,-1.274619,1.769424,0.354429,0.510063,0
0,0.0700,-0.381527,-1.274619,-0.633074,-0.822529,-0.934363,0
0,0.0600,1.765755,-1.274619,-0.633074,-0.254813,-0.212150,0
1,0.0700,0.334233,0.542825,-0.633074,1.907708,1.954488,0
0,0.1600,0.477386,-0.365897,-0.253732,1.704186,1.232275,0
0,0.0700,-0.238375,-1.274619,-0.633074,1.191981,1.232275,0
0,0.0400,1.049994,-1.274619,-0.633074,-1.566612,-1.656575,0
0,0.0700,-0.309951,-1.274619,-0.633074,-0.184287,-0.212150,0
0,0.0400,1.049994,-1.274619,-0.316956,0.585984,0.510063,0
0,0.0900,-0.238375,-1.274619,-0.633074,-1.679070,-1.656575,0
0,0.0600,0.334233,1.451547,-0.633074,-1.473821,-1.656575,0
0,0.0400,-0.739408,0.361081,-0.633074,-1.054205,-0.934363,0
0,0.0200,0.835266,-0.911130,2.528108,1.632142,1.232275,0
0,0.4600,0.548962,-1.092874,-0.633074,0.578384,0.510063,0
0,0.4600,1.765755,-1.092874,-0.633074,0.848079,0.510063,0
0,0.0500,-0.596256,-0.729386,-0.633074,-0.229566,-0.212150,0
0,0.2100,-0.524680,0.542825,0.757846,1.839934,1.954488,0
0,0.5200,0.262657,-1.092874,-0.633074,1.255927,1.232275,0
0,0.1500,-1.097288,-0.547641,-0.000838,-1.910746,-1.656575,0
0,0.4600,-0.381527,-1.092874,-0.633074,-0.730741,-0.212150,0
0,0.5800,2.553092,-1.092874,-0.633074,-0.450516,-0.212150,0
0,0.3800,0.119505,-1.092874,-0.633074,0.820238,0.510063,0
0,0.3800,0.119505,-1.092874,-0.633074,-1.084056,-0.934363,0
0,0.6100,0.191081,-1.092874,-0.633074,-1.104929,-1.656575,0
0,0.3800,1.837331,-1.092874,-0.633074,-0.918310,-0.934363,0
0,0.3800,1.622603,-1.092874,1.326859,-0.941286,-0.934363,0
0,0.6100,0.405810,-1.092874,-0.633074,-0.338651,-0.212150,0
0,0.2900,0.047929,-1.092874,-0.633074,0.117301,-0.212150,0
0,0.7000,-0.166799,-1.092874,-0.633074,-0.402913,-0.212150,0
0,0.2900,0.620538,-1.092874,-0.633074,0.005724,-0.212150,0
0,0.0300,-0.095223,0.542825,-0.633074,-1.394832,-1.656575,0
0,0.2500,-0.667832,0.542825,0.821070,1.124961,1.232275,0
0,0.2100,-0.524680,-1.092874,-0.633074,-0.741386,-0.934363,0
0,0.2100,0.763690,-1.092874,-0.633074,0.834619,0.510063,0
0,0.2100,-0.524680,0.179336,0.188833,0.325540,0.510063,0
0,0.7800,0.477386,-1.092874,-0.633074,-0.639006,-0.212150,0
0,0.7800,-0.596256,-1.092874,-0.633074,0.253543,0.510063,0
0,0.2900,0.119505,0.542825,0.757846,0.686407,0.510063,1
0,0.7800,0.262657,-1.092874,-0.633074,1.191981,1.232275,0
0,0.5300,-1.168864,-1.092874,2.211990,1.071052,1.232275,0
0,0.7800,1.121570,-1.092874,-0.633074,0.522411,0.510063,0
0,0.8700,-1.455169,-0.911130,2.528108,0.592600,0.510063,0
0,0.7200,-0.810984,-1.092874,2.528108,1.518351,1.232275,0
0,0.8700,-0.954136,1.451547,0.252057,-0.408636,-0.212150,0
0,0.8700,-1.526745,-1.092874,1.263635,1.138492,1.232275,0
0,0.8700,-0.381527,-0.002408,2.211990,-0.328656,-0.212150,0
0,0.1200,1.622603,-1.092874,0.125610,1.390138,1.232275,0
0,0.2100,-0.810984,-1.092874,-0.000838,1.124961,1.232275,0
0,0.8700,-1.598321,-1.092874,1.579753,0.554911,0.510063,0
0,0.9500,1.908907,-0.002408,-0.633074,1.020952,1.232275,0
0,0.1200,0.191081,-1.092874,-0.633074,0.221071,0.510063,0
0,0.8700,0.047929,-1.092874,-0.127285,1.342948,1.232275,0
0,0.0400,0.119505,-0.547641,-0.633074,-0.657048,-0.212150,0
0,0.8500,1.264722,-1.092874,-0.633074,0.311602,0.510063,0
0,0.0400,0.334233,-0.547641,-0.633074,-0.450516,-0.212150,0
0,0.9000,-0.238375,-1.092874,-0.633074,-2.233331,-1.656575,0
0,0.9500,0.191081,-1.092874,-0.127285,1.271577,1.232275,0
0,0.7800,-0.524680,-0.365897,-0.190509,0.965423,1.232275,0
0,0.0400,0.262657,-0.729386,-0.633074,-0.592329,-0.212150,0
0,0.0400,-0.238375,-1.274619,2.528108,2.243436,1.954488,0
0,0.7200,0.405810,-0.729386,-0.633074,1.024469,1.232275,0
0,0.1000,0.835266,-0.547641,0.252057,1.154592,1.232275,0
0,0.4300,1.336299,-1.092874,0.504951,1.238631,1.232275,0
0,0.2700,-0.238375,-1.092874,-0.633074,-0.634589,-0.212150,0
0,0.0500,2.266788,-0.547641,-0.633074,-1.518197,-1.656575,0
0,0.0600,-0.882560,-0.729386,-0.380180,-0.861488,-0.934363,0
0,0.0700,0.906842,-1.092874,-0.633074,0.701267,0.510063,0
0,0.9700,0.262657,-0.911130,-0.633074,1.632142,1.232275,0
0,0.0500,0.405810,-1.092874,-0.633074,-0.685313,-0.212150,0
0,0.8800,-1.312016,-1.274619,2.211990,0.719535,0.510063,0
0,0.1600,0.119505,-1.274619,-0.633074,1.053643,1.232275,0
0,0.9400,1.193146,-1.274619,-0.633074,-0.123704,-0.212150,0
0,0.8600,0.620538,-1.274619,-0.633074,0.683459,0.510063,0
0,0.8800,1.837331,-1.274619,-0.633074,1.954992,1.954488,0
0,0.9200,-1.455169,-1.092874,1.263635,-0.608833,-0.212150,0
0,0.5400,-1.455169,-1.274619,2.528108,2.243436,1.954488,0
0,0.0200,1.407875,-1.274619,-0.633074,0.863320,1.232275,0
0,0.3700,-0.882560,0.361081,-0.633074,0.600433,0.510063,0
0,0.0600,-0.023647,-1.274619,-0.633074,-0.028360,-0.212150,0
0,0.1700,-1.383592,-1.274619,3.286792,2.243436,1.954488,0
0,0.8800,-0.810984,-1.274619,-0.633074,1.421520,1.232275,0
0,0.7500,0.405810,-0.002408,-0.633074,0.708720,0.510063,0
0,0.4300,-0.309951,-1.274619,-0.253732,0.281794,0.510063,0
0,0.0600,0.763690,-1.274619,-0.633074,0.225459,0.510063,0
0,0.7100,-0.166799,-1.274619,-0.633074,2.243436,1.954488,0
0,0.8400,-0.882560,-1.274619,-0.190509,1.974328,1.954488,0
0,0.1100,1.121570,-1.274619,-0.633074,-1.025940,-0.934363,0
0,0.7200,0.334233,-1.274619,-0.633074,-1.172962,-1.656575,0
0,0.0400,1.193146,-1.274619,-0.633074,0.186489,0.510063,0
0,0.7800,0.191081,0.542825,-0.633074,-1.619876,-1.656575,0
0,0.0500,1.837331,-1.274619,-0.633074,0.686407,0.510063,0
0,0.7500,-0.596256,0.361081,-0.380180,-0.933517,-0.934363,0
0,0.1700,0.047929,-1.092874,-0.633074,-0.450516,-0.212150,0
0,0.0700,0.477386,-1.274619,-0.633074,-0.810152,-0.934363,0
0,0.0900,0.047929,-0.547641,-0.633074,-1.711335,-1.656575,0
0,0.4400,-1.312016,-0.911130,0.504951,1.191981,1.232275,0
0,0.0900,-0.453103,-1.274619,-0.633074,0.003076,-0.212150,0
0,0.1300,-1.383592,-1.274619,2.211990,1.222234,1.232275,0
0,0.5900,0.620538,-0.547641,-0.633074,0.741855,0.510063,0
0,0.0700,0.119505,-1.274619,-0.633074,0.827900,0.510063,0
0,1.0000,0.835266,-0.911130,-0.633074,-0.617280,-0.212150,0
0,1.0000,0.835266,0.724569,-0.633074,-1.473821,-1.656575,0
0,0.7500,0.763690,0.724569,-0.633074,-1.394832,-1.656575,0
0,1.0000,0.405810,0.361081,-0.633074,0.582867,0.510063,0
0,1.0000,1.049994,-0.911130,-0.633074,0.217535,0.510063,0
0,1.0000,0.191081,-0.729386,-0.633074,0.885014,1.232275,0
0,1.0000,0.763690,0.179336,-0.633074,-1.084056,-0.934363,0
0,0.4900,1.049994,0.179336,-0.633074,-0.207430,-0.212150,0
0,1.0000,1.551027,1.269803,-0.633074,0.578384,0.510063,0
0,1.0000,-0.023647,1.815036,-0.633074,-0.057291,-0.212150,0
0,0.2400,0.835266,1.088058,1.010741,0.008358,-0.212150,0
0,1.0000,1.908907,0.361081,-0.633074,-0.882092,-0.934363,0
0,0.5400,-0.810984,0.179336,-0.633074,-1.104929,-0.934363,0
0,1.0000,2.409940,2.360269,-0.633074,-0.746789,-0.934363,0
0,1.0000,2.266788,0.179336,-0.633074,-0.417337,-0.212150,0
0,1.0000,2.409940,-0.002408,-0.633074,-0.331137,-0.212150,0
0,0.4900,-0.238375,-0.184152,-0.633074,-1.294751,-1.656575,0
0,1.0000,1.837331,0.361081,-0.633074,0.329867,0.510063,0
0,1.0000,-0.166799,1.451547,-0.633074,-0.254813,-0.212150,0
0,1.0000,0.548962,0.724569,-0.633074,0.480271,0.510063,0
0,1.0000,1.264722,-0.002408,-0.633074,-1.073918,-0.934363,0
0,1.0000,0.405810,1.815036,-0.633074,-0.981932,-0.934363,0
0,1.0000,0.262657,0.361081,-0.633074,1.243944,1.232275,0
1,1.0000,2.553092,1.088058,0.125610,-0.786229,-0.934363,0
0,0.2800,0.405810,1.451547,-0.633074,-0.154917,-0.212150,0
0,1.0000,1.694179,1.088058,-0.633074,-1.592578,-1.656575,0
0,1.0000,0.548962,2.360269,-0.633074,-1.126655,-1.656575,0
0,0.5200,1.980483,0.179336,-0.633074,1.518274,1.232275,0
0,0.1600,-1.025712,0.542825,-0.633074,-1.961470,-1.656575,0
0,0.9500,1.837331,-0.184152,-0.633074,1.944139,1.954488,0
0,1.0000,-0.023647,0.179336,1.010741,0.065612,-0.212150,0
0,1.0000,-0.309951,1.633291,-0.633074,-2.151292,-1.656575,0
0,1.0000,-0.166799,-0.547641,-0.633074,-0.250521,-0.212150,0
0,0.6000,1.551027,0.906314,-0.000838,-0.160302,-0.212150,0
0,0.5800,0.047929,0.542825,-0.633074,-0.160302,-0.212150,0
0,0.0800,1.264722,1.088058,-0.633074,-0.244148,-0.212150,0
0,0.1500,-0.954136,1.269803,-0.380180,-0.798056,-0.934363,0
0,1.0000,0.548962,-0.184152,-0.633074,-0.999101,-0.934363,0
0,0.2100,0.191081,0.724569,-0.633074,-0.868268,-0.934363,0
0,0.8000,-0.381527,-0.911130,-0.633074,-1.648651,-1.656575,0
0,1.0000,2.481516,1.633291,-0.506627,-0.568495,-0.212150,0
0,1.0000,-1.598321,-0.002408,0.757846,-0.918310,-0.934363,0
0,1.0000,0.405810,1.088058,-0.633074,-0.100633,-0.212150,0
0,1.0000,-0.023647,0.542825,-0.633074,0.671499,0.510063,0
0,1.0000,-0.238375,-0.184152,-0.633074,0.334159,0.510063,0
0,0.3800,-1.526745,-0.184152,0.504951,-0.174933,-0.212150,0
0,1.0000,1.193146,1.088058,-0.633074,-0.675724,-0.212150,0
0,0.9100,-1.168864,1.088058,-0.380180,-0.469525,-0.212150,0
0,0.9600,1.264722,1.815036,-0.633074,-1.910746,-1.656575,0
0,1.0000,-1.598321,-0.911130,0.757846,-1.782400,-1.656575,0
0,0.6100,0.548962,2.360269,-0.633074,-1.782400,-1.656575,0
0,1.0000,0.835266,1.451547,-0.633074,-1.910746,-1.656575,0
0,1.0000,1.193146,1.088058,-0.633074,-1.541854,-1.656575,0
0,1.0000,0.978418,-0.184152,0.252057,0.182715,0.510063,0
0,1.0000,0.548962,0.361081,-0.633074,0.853477,0.510063,0
0,0.0800,0.477386,0.724569,-0.633074,-0.999101,-0.934363,0
0,0.2800,-0.309951,2.905502,1.263635,-1.495547,-1.656575,0
0,0.0300,-0.095223,-0.002408,-0.633074,-0.331137,-0.212150,0
0,0.9500,-0.667832,1.269803,-0.000838,-1.495547,-1.656575,0
0,1.0000,1.049994,-0.365897,1.010741,0.921445,1.232275,0
0,1.0000,-1.025712,1.451547,-0.380180,0.420152,0.510063,0
0,0.3600,-0.023647,1.088058,1.895872,0.339123,0.510063,0
0,1.0000,0.119505,1.269803,-0.443403,0.739864,0.510063,0
1,1.0000,0.978418,1.088058,-0.380180,-0.184287,-0.212150,0
0,0.0300,-1.168864,0.724569,2.528108,1.209046,1.232275,0
0,0.0300,-0.524680,1.088058,2.528108,-0.523809,-0.212150,0
0,0.2400,0.763690,-0.002408,-0.633074,0.132085,0.510063,0
0,0.2500,1.479451,0.179336,-0.633074,0.553025,0.510063,0
0,0.2000,-0.954136,0.361081,-0.633074,-0.272336,-0.212150,0
0,1.0000,2.052059,-0.547641,-0.633074,0.622435,0.510063,0
0,0.4900,-0.023647,-0.911130,-0.633074,-0.715164,-0.212150,0
0,1.0000,1.049994,0.361081,-0.633074,-0.768967,-0.934363,0
0,1.0000,1.193146,1.269803,-0.633074,-0.295083,-0.212150,0
0,0.2400,0.191081,0.361081,-0.633074,0.461537,0.510063,0
0,1.0000,-0.524680,1.451547,1.010741,0.634727,0.510063,0
0,0.6900,0.191081,1.815036,0.757846,0.634727,0.510063,0
0,1.0000,-0.596256,1.451547,-0.633074,-0.621555,-0.212150,0
0,0.7800,-1.455169,0.179336,1.579753,0.461537,0.510063,1
0,0.2500,0.405810,0.906314,0.504951,0.461537,0.510063,0
0,0.1300,-0.166799,-0.547641,-0.633074,-0.613040,-0.212150,0
0,0.4900,-0.882560,0.542825,-0.633074,-1.518197,-1.656575,0
0,1.0000,1.694179,2.178524,-0.633074,0.423777,0.510063,0
0,1.0000,-0.453103,0.179336,-0.633074,1.631396,1.232275,0
0,1.0000,1.407875,0.724569,-0.633074,0.354429,0.510063,0
0,1.0000,1.694179,1.451547,-0.633074,0.099886,-0.212150,0
0,1.0000,-0.810984,0.542825,-0.569850,0.646345,0.510063,0
0,0.7000,-0.095223,0.542825,-0.633074,0.739864,0.510063,0
0,1.0000,0.692114,-0.729386,-0.633074,-0.600517,-0.212150,0
0,1.0000,-0.596256,0.179336,-0.633074,-1.518197,-1.656575,0
0,1.0000,-0.023647,1.088058,-0.633074,0.517386,0.510063,0
0,0.8400,-0.524680,-0.002408,-0.633074,0.390872,0.510063,0
0,1.0000,0.548962,2.360269,-0.633074,-0.426183,-0.212150,0
0,0.8600,0.047929,1.088058,-0.190509,1.138492,1.232275,0
0,0.3200,0.906842,-0.365897,-0.633074,-0.055806,-0.212150,0
0,1.0000,-0.810984,1.269803,-0.633074,-0.675724,-0.212150,0
0,1.0000,0.334233,-0.547641,0.378504,-1.149305,-1.656575,0
0,0.2900,-0.667832,0.724569,-0.633074,-0.841652,-0.934363,0
0,0.9400,1.121570,0.906314,-0.633074,0.188366,0.510063,0
0,0.8300,0.047929,0.542825,-0.633074,0.184605,0.510063,0
0,1.0000,0.620538,-0.002408,-0.633074,0.640768,0.510063,0
0,0.3400,0.692114,-0.729386,-0.633074,0.640768,0.510063,0
0,0.7000,0.763690,1.996780,-0.633074,0.827900,0.510063,0
0,0.5800,-0.095223,1.088058,-0.633074,-1.821840,-1.656575,0
0,1.0000,-1.097288,0.361081,1.010741,1.029122,1.232275,0
0,0.1700,-1.097288,1.269803,2.528108,0.640768,0.510063,0
0,0.1400,-0.882560,1.633291,-0.190509,0.277849,0.510063,0
0,1.0000,-1.526745,1.451547,0.757846,-1.821840,-1.656575,0
0,1.0000,-1.669897,0.361081,1.263635,0.634321,0.510063,0
0,0.6100,1.908907,-0.002408,-0.633074,-1.197720,-1.656575,0
0,0.4000,1.622603,1.088058,-0.633074,-2.017543,-1.656575,0
0,1.0000,-0.238375,-0.911130,-0.633074,-1.394832,-1.656575,0
0,0.3400,1.908907,-0.729386,-0.633074,0.365962,0.510063,0
0,0.6400,-0.453103,-0.365897,-0.633074,1.208081,1.232275,0
0,0.2900,1.551027,1.451547,-0.633074,0.720226,0.510063,0
0,1.0000,-0.381527,-0.002408,-0.633074,1.597600,1.232275,0
0,0.0700,-0.023647,0.179336,-0.633074,0.265835,0.510063,0
0,1.0000,0.620538,0.361081,-0.633074,-1.016843,-0.934363,0
0,1.0000,1.193146,1.451547,-0.633074,-0.502798,-0.212150,0
0,1.0000,0.119505,-0.184152,-0.633074,-1.648651,-1.656575,0
0,1.0000,-0.238375,1.269803,-0.633074,0.740196,0.510063,0
0,1.0000,-1.025712,0.179336,-0.190509,0.090960,-0.212150,0
0,1.0000,1.336299,-0.002408,-0.633074,-0.469525,-0.212150,0
0,1.0000,1.551027,0.361081,-0.633074,0.090960,-0.212150,0
0,1.0000,2.696244,-0.365897,-0.633074,0.090960,-0.212150,0
0,1.0000,0.620538,0.906314,-0.633074,-1.025940,-0.934363,0
1,1.0000,2.338364,-0.184152,-0.633074,0.090960,-0.212150,0
0,1.0000,0.334233,-0.547641,-0.633074,-1.961470,-1.656575,0
0,1.0000,0.119505,-0.184152,-0.633074,-0.417337,-0.212150,0
0,0.7500,-0.667832,2.360269,-0.633074,-0.417337,-0.212150,0
0,1.0000,-0.166799,-0.365897,-0.633074,-0.438210,-0.212150,0
0,1.0000,-0.166799,-0.365897,-0.633074,-0.438210,-0.212150,0
0,0.5300,0.119505,-0.911130,-0.633074,0.497320,0.510063,0
0,1.0000,-0.739408,-0.184152,1.010741,-0.690173,-0.212150,0
0,1.0000,1.193146,0.179336,-0.633074,0.739864,0.510063,0
0,1.0000,1.837331,-0.184152,-0.633074,0.370639,0.510063,0
0,1.0000,-0.238375,-0.365897,-0.316956,0.672254,0.510063,0
1,0.5800,1.193146,1.451547,-0.633074,0.583314,0.510063,0
0,1.0000,0.978418,-0.002408,-0.633074,1.183960,1.232275,0
0,0.6100,0.262657,0.724569,-0.633074,-0.553179,-0.212150,0
0,0.8400,1.765755,0.361081,-0.633074,0.965423,1.232275,0
0,0.4100,1.694179,-0.729386,-0.506627,2.153944,1.954488,0
0,0.1600,-0.023647,0.361081,-0.633074,1.319981,1.232275,0
0,0.2400,0.405810,0.361081,-0.633074,-1.910746,-1.656575,0
0,1.0000,-0.810984,-0.365897,-0.633074,0.788134,0.510063,0
0,1.0000,-0.023647,2.542013,-0.633074,0.661194,0.510063,0
0,1.0000,0.119505,-0.002408,-0.633074,0.078437,-0.212150,0
0,1.0000,0.835266,-0.547641,-0.633074,1.222234,1.232275,0
0,1.0000,-0.095223,1.451547,-0.633074,-0.576322,-0.212150,0
0,1.0000,0.763690,0.361081,-0.633074,-0.318846,-0.212150,0
0,1.0000,2.624668,0.542825,-0.633074,-0.058779,-0.212150,0
0,0.1700,-0.596256,1.088058,-0.380180,1.025830,1.232275,0
0,1.0000,-0.166799,0.724569,-0.316956,0.600433,0.510063,0
0,0.4600,0.262657,0.361081,-0.633074,-0.479290,-0.212150,0
0,0.0400,-1.526745,-0.547641,2.528108,1.136602,1.232275,0
0,1.0000,-0.166799,2.360269,-0.633074,-1.518197,-1.656575,0
0,0.7600,0.047929,1.269803,-0.633074,0.065612,-0.212150,0
0,1.0000,-0.309951,0.724569,0.757846,-1.473821,-1.656575,0
0,1.0000,-0.453103,5.995156,-0.633074,-1.007898,-0.934363,0
0,1.0000,-0.381527,-0.184152,-0.633074,-1.172962,-1.656575,1
0,0.2500,-1.383592,0.724569,1.706201,-0.705026,-0.212150,0
0,1.0000,-0.810984,-0.729386,-0.633074,-0.661656,-0.212150,0
0,1.0000,-0.524680,1.451547,-0.633074,-1.016843,-0.934363,0
0,0.9600,-0.524680,-0.002408,-0.633074,-0.091044,-0.212150,0
0,0.4300,-0.739408,-0.365897,-0.380180,-0.804070,-0.934363,0
0,0.7500,0.191081,0.724569,-0.633074,-0.604658,-0.212150,0
1,1.0000,0.119505,0.361081,-0.190509,-0.854794,-0.934363,0
0,1.0000,-0.381527,1.269803,-0.633074,-0.154917,-0.212150,0
0,1.0000,0.548962,1.633291,-0.633074,-0.725498,-0.212150,0
0,1.0000,0.191081,0.179336,-0.569850,-1.495547,-1.656575,0
0,1.0000,-0.238375,-0.002408,-0.633074,0.739864,0.510063,0
0,1.0000,1.551027,1.088058,-0.633074,0.492050,0.510063,0
0,1.0000,0.047929,0.906314,-0.633074,-1.326066,-1.656575,0
0,1.0000,0.692114,-0.184152,-0.633074,-1.495547,-1.656575,0
0,1.0000,-0.596256,1.633291,-0.190509,0.332732,0.510063,0
1,0.7500,0.191081,0.361081,0.757846,1.391703,1.232275,0
0,1.0000,0.262657,0.542825,-0.633074,0.640367,0.510063,0
0,1.0000,0.692114,0.542825,-0.633074,1.271577,1.232275,0
0,0.0300,-0.309951,2.723758,-0.633074,-0.918310,-0.934363,0
0,1.0000,3.268853,0.724569,-0.633074,-0.910866,-0.934363,0
0,1.0000,-1.025712,0.542825,-0.633074,1.209046,1.232275,0
0,1.0000,-0.739408,2.542013,-0.633074,-0.957174,-0.934363,0
0,1.0000,-1.168864,0.179336,-0.190509,-1.035196,-0.934363,0
0,1.0000,2.409940,2.542013,-0.633074,-0.725498,-0.212150,0
1,0.5700,-1.168864,-0.002408,-0.190509,1.183960,1.232275,0
0,1.0000,-0.524680,1.269803,-0.633074,0.405402,0.510063,0
0,0.7800,-1.312016,-0.911130,2.211990,0.094325,-0.212150,0
0,0.0400,1.193146,1.815036,-0.633074,-0.564625,-0.212150,0
0,1.0000,2.052059,2.360269,-0.633074,0.544936,0.510063,0
0,1.0000,0.692114,1.088058,0.884293,-1.745682,-1.656575,0
0,0.0600,0.835266,-0.729386,-0.633074,-1.961470,-1.656575,0
0,1.0000,2.052059,0.906314,-0.633074,0.739864,0.510063,0
0,0.3000,-0.667832,-0.365897,-0.569850,1.400421,1.232275,0
0,0.1700,-1.669897,1.088058,1.579753,-1.007898,-0.934363,0
0,0.2400,0.477386,-0.911130,1.453306,1.209046,1.232275,0
0,0.9000,-0.095223,0.361081,-0.633074,0.149502,0.510063,0
0,0.2500,-0.739408,-0.365897,-0.633074,-0.763335,-0.934363,0
0,0.3100,0.692114,0.724569,1.263635,-0.657048,-0.212150,0
0,1.0000,0.906842,-0.002408,-0.190509,-0.482586,-0.212150,0
0,0.2100,-1.669897,2.723758,2.528108,-0.482586,-0.212150,0
0,0.1200,-0.954136,4.177712,-0.380180,-2.017543,-1.656575,0
0,0.2900,0.334233,-0.911130,-0.633074,-1.648651,-1.656575,0
0,0.7800,-1.025712,1.088058,-0.569850,-0.453637,-0.212150,0
0,1.0000,0.692114,-0.729386,-0.633074,-1.541854,-1.656575,0
0,1.0000,0.047929,0.542825,-0.633074,-1.126655,-1.656575,0
0,1.0000,1.479451,0.906314,-0.633074,-0.007649,-0.212150,0
0,0.7500,0.334233,-0.365897,-0.633074,0.065612,-0.212150,0
0,1.0000,0.334233,0.179336,-0.506627,-0.117010,-0.212150,0
0,1.0000,-0.309951,0.724569,-0.633074,-0.456777,-0.212150,0
0,0.4200,1.121570,1.269803,1.579753,0.671499,0.510063,1
0,1.0000,0.405810,0.906314,-0.633074,-1.518197,-1.656575,0
0,1.0000,-0.667832,2.178524,1.010741,-0.965299,-0.934363,0
0,1.0000,-0.524680,0.724569,1.010741,-1.310178,-1.656575,0
0,1.0000,-0.667832,-1.092874,0.252057,1.162313,1.232275,0
0,1.0000,1.908907,2.178524,-0.633074,-1.149305,-1.656575,0
0,1.0000,-0.882560,-0.002408,-0.633074,-1.452948,-1.656575,0
0,1.0000,-0.309951,2.542013,-0.190509,-0.375188,-0.212150,0
0,1.0000,2.624668,-0.911130,-0.633074,-0.786229,-0.934363,0
0,0.3900,0.191081,-0.911130,-0.633074,-0.254813,-0.212150,0
0,1.0000,-1.383592,2.542013,0.757846,0.334159,0.510063,0
0,1.0000,-0.023647,-0.729386,-0.633074,1.495061,1.232275,0
0,1.0000,-0.166799,1.815036,-0.633074,0.272276,0.510063,0
0,0.9600,-1.168864,-0.911130,-0.000838,-0.973550,-0.934363,0
0,0.1300,-1.240440,-0.547641,0.757846,0.634321,0.510063,0
0,1.0000,0.334233,0.724569,-0.633074,-0.154917,-0.212150,0
0,1.0000,-0.166799,0.906314,-0.633074,-0.502798,-0.212150,0
0,0.1500,-0.954136,1.088058,0.252057,-0.828828,-0.934363,0
0,0.5600,0.835266,-0.911130,-0.633074,1.191981,1.232275,0
0,1.0000,-0.882560,0.906314,-0.569850,-1.035196,-0.934363,0
0,1.0000,1.121570,1.088058,-0.633074,-0.896285,-0.934363,0
0,0.0900,-0.524680,0.906314,1.010741,-0.456777,-0.212150,0
0,1.0000,0.047929,0.724569,-0.633074,-0.400075,-0.212150,0
0,1.0000,1.694179,0.179336,-0.633074,-0.941286,-0.934363,0
0,0.7500,1.121570,-0.911130,0.252057,0.701267,0.510063,0
0,0.1300,0.763690,0.542825,1.263635,-0.207430,-0.212150,0
0,0.6500,-0.453103,-0.547641,-0.633074,-0.151357,-0.212150,1
0,0.9200,-0.954136,-0.547641,-0.569850,0.110837,-0.212150,0
0,1.0000,-0.453103,-0.184152,0.757846,-0.746789,-0.934363,0
0,1.0000,1.049994,1.269803,-0.633074,0.899985,1.232275,0
0,0.6200,0.906842,1.088058,-0.633074,-0.685313,-0.212150,0
0,0.8900,0.763690,0.906314,-0.633074,-1.864439,-1.656575,0
0,0.5300,0.405810,-0.547641,-0.633074,-0.868268,-0.934363,0
0,0.3100,1.264722,0.906314,-0.633074,1.162313,1.232275,0
0,0.2700,-1.383592,-1.092874,2.528108,-0.882092,-0.934363,0
0,0.5500,-1.025712,-0.365897,-0.000838,-0.592329,-0.212150,0
0,0.8800,0.405810,-1.092874,-0.633074,0.334159,0.510063,0
0,0.5000,-0.095223,-1.274619,-0.633074,0.334159,0.510063,0
0,1.0000,-1.383592,1.996780,-0.000838,-0.215373,-0.212150,0
0,0.0800,-1.598321,1.633291,1.579753,-0.072368,-0.212150,0
0,0.1600,-1.312016,-0.729386,1.579753,-0.965299,-0.934363,0
0,1.0000,0.405810,-0.547641,-0.633074,0.262584,0.510063,0
0,1.0000,0.119505,-0.547641,-0.633074,0.578384,0.510063,0
0,1.0000,-0.667832,0.361081,1.010741,0.190237,0.510063,0
0,0.0200,-0.596256,0.361081,-0.569850,-0.472760,-0.212150,0
0,1.0000,-0.739408,0.724569,0.757846,-0.868268,-0.934363,0
0,1.0000,-0.596256,1.996780,-0.633074,-0.680497,-0.212150,1
0,1.0000,0.620538,0.542825,-0.633074,-1.223686,-1.656575,0
0,1.0000,2.553092,-1.092874,-0.633074,-1.197720,-1.656575,0
0,0.3400,-0.667832,1.269803,-0.380180,-1.149305,-1.656575,0
0,1.0000,-0.954136,-0.547641,-0.633074,-1.432863,-1.656575,0
0,0.1600,-1.312016,0.906314,1.010741,-1.432863,-1.656575,0
0,1.0000,0.405810,1.088058,-0.633074,-1.237160,-1.656575,0
0,1.0000,-0.739408,1.451547,-0.633074,-1.137859,-1.656575,0
0,1.0000,0.763690,-0.002408,-0.633074,0.327708,0.510063,0
0,1.0000,-0.810984,1.633291,-0.633074,-0.391649,-0.212150,0
0,0.1700,0.262657,-0.729386,-0.316956,1.238631,1.232275,0
0,0.7100,1.336299,-0.184152,-0.633074,-0.999101,-0.934363,0
0,1.0000,-0.095223,-0.547641,-0.633074,-1.821840,-1.656575,0
0,0.4900,-0.381527,-0.547641,-0.633074,-0.417337,-0.212150,0
0,1.0000,1.193146,-0.729386,-0.633074,1.238631,1.232275,0
0,0.0500,-0.810984,0.179336,-0.190509,-1.566612,-1.656575,0
0,0.1500,-0.023647,1.269803,-0.633074,-0.229566,-0.212150,0
0,1.0000,0.763690,-0.729386,-0.633074,1.077788,1.232275,0
0,1.0000,-0.238375,1.088058,-0.633074,1.138492,1.232275,0
0,1.0000,-0.596256,-0.184152,0.188833,-1.473821,-1.656575,0
0,0.8300,1.980483,-0.365897,-0.506627,-1.452948,-1.656575,0
0,0.2400,-0.095223,1.451547,-0.633074,-1.821840,-1.656575,0
0,1.0000,-1.168864,-0.547641,-0.380180,-1.910746,-1.656575,0
0,1.0000,0.477386,0.906314,-0.633074,1.183960,1.232275,0
0,1.0000,0.334233,0.179336,-0.633074,1.145363,1.232275,0
0,0.2600,0.692114,0.542825,-0.633074,1.145363,1.232275,1
0,1.0000,0.692114,-0.547641,-0.633074,0.081882,-0.212150,0
1,1.0000,-0.667832,-0.729386,-0.633074,0.128952,0.510063,0
0,0.3800,-0.023647,-0.547641,-0.633074,1.020952,1.232275,0
0,1.0000,0.047929,0.906314,-0.633074,1.271577,1.232275,0
0,1.0000,1.479451,-0.911130,-0.633074,-0.965299,-0.934363,0
0,1.0000,-0.238375,1.088058,-0.633074,-1.376790,-1.656575,0
0,1.0000,-1.526745,-0.002408,1.579753,-0.685313,-0.212150,0
0,1.0000,-0.596256,0.179336,2.401661,-0.265697,-0.212150,1
0,0.1600,-0.596256,-0.547641,-0.633074,-1.185197,-1.656575,0
0,0.2700,-1.312016,-0.002408,1.326859,1.289391,1.232275,0
0,0.5600,0.763690,-0.911130,-0.127285,0.640768,0.510063,0
0,0.6600,0.047929,0.179336,-0.633074,1.115035,1.232275,0
0,0.5100,0.405810,-1.274619,-0.633074,0.640768,0.510063,0
0,0.2800,0.119505,-0.729386,-0.633074,-0.154917,-0.212150,0
0,0.1500,-0.309951,1.815036,0.694622,0.390872,0.510063,0
0,1.0000,1.049994,1.088058,1.895872,0.332732,0.510063,0
0,0.6200,-0.882560,0.906314,-0.000838,0.921445,1.232275,0
0,0.3600,-1.312016,0.906314,0.252057,1.077788,1.232275,0
0,0.4100,0.548962,-0.547641,-0.633074,-0.447413,-0.212150,0
0,0.1000,-0.596256,1.815036,0.252057,-0.568495,-0.212150,0
0,0.9100,1.264722,-0.547641,-0.633074,-1.711335,-1.656575,0
0,0.4100,-1.669897,-0.002408,2.211990,-1.619876,-1.656575,0
0,0.5400,-1.097288,-0.002408,-0.190509,0.354429,0.510063,0
0,1.0000,0.548962,-0.184152,-0.633074,-0.432162,-0.212150,0
0,1.0000,-1.168864,0.906314,0.252057,1.400421,1.232275,0
0,1.0000,-0.309951,0.361081,-0.633074,-0.154917,-0.212150,0
0,0.0200,0.191081,0.724569,-0.633074,-1.149305,-1.656575,0
0,0.6900,-0.810984,1.633291,-0.000838,0.768656,0.510063,0
0,0.1600,-1.455169,-0.365897,1.579753,0.326986,0.510063,0
0,0.1200,0.262657,1.088058,-0.633074,-0.160302,-0.212150,0
0,0.2800,-1.097288,1.269803,2.528108,-0.160302,-0.212150,0
0,1.0000,0.692114,0.542825,-0.633074,0.067967,-0.212150,0
0,0.8300,0.978418,-0.365897,-0.633074,1.191981,1.232275,0
0,1.0000,0.620538,0.906314,-0.633074,-1.592578,-1.656575,0
1,1.0000,0.477386,-0.547641,0.252057,0.934517,1.232275,0
0,1.0000,-0.739408,-0.911130,-0.633074,0.413442,0.510063,0
0,0.2300,0.548962,-0.002408,-0.633074,0.246870,0.510063,0
1,0.9100,-0.667832,1.269803,0.757846,-1.063971,-0.934363,0
0,1.0000,0.548962,0.906314,-0.633074,1.183960,1.232275,0
0,1.0000,1.837331,-0.365897,-0.633074,-0.848182,-0.934363,0
0,0.4900,-0.954136,-0.002408,0.252057,-0.835201,-0.934363,0
0,1.0000,-0.381527,0.906314,-0.190509,0.639565,0.510063,0
0,1.0000,1.336299,0.542825,-0.633074,0.256024,0.510063,0
0,1.0000,0.262657,0.361081,-0.633074,1.025830,1.232275,0
0,0.1300,-1.455169,1.815036,2.528108,0.773046,0.510063,0
0,0.4700,1.121570,0.179336,-0.633074,1.020952,1.232275,0
0,0.0800,-1.526745,-0.911130,1.010741,-1.250984,-1.656575,0
0,0.0300,-0.667832,0.906314,-0.633074,-0.710071,-0.212150,0
0,1.0000,0.262657,-0.547641,-0.316956,0.661194,0.510063,0
0,1.0000,0.763690,-0.911130,-0.633074,-0.903526,-0.934363,0
0,1.0000,-0.381527,-0.547641,-0.633074,0.578384,0.510063,0
0,0.2700,0.047929,1.451547,-0.633074,1.249586,1.232275,0
1,1.0000,1.551027,-1.092874,1.263635,0.598703,0.510063,0
0,1.0000,2.696244,-1.092874,-0.633074,1.249586,1.232275,0
0,0.9000,-0.238375,0.361081,-0.633074,-0.657048,-0.212150,0
0,1.0000,0.262657,0.361081,-0.633074,0.246870,0.510063,0
0,1.0000,2.481516,0.724569,0.441728,0.246870,0.510063,0
0,1.0000,0.405810,0.361081,-0.633074,0.008358,-0.212150,0
0,0.4200,0.262657,-0.002408,-0.633074,0.008358,-0.212150,0
0,1.0000,0.191081,3.814224,-0.633074,0.008358,-0.212150,0
0,1.0000,1.193146,0.179336,-0.633074,0.885520,1.232275,0
0,1.0000,0.763690,0.179336,-0.127285,-1.648651,-1.656575,0
0,1.0000,-1.097288,-0.911130,-0.633074,-1.711335,-1.656575,0
0,1.0000,0.906842,0.542825,-0.633074,0.685303,0.510063,0
0,1.0000,-0.524680,1.633291,-0.633074,0.078437,-0.212150,0
0,1.0000,0.191081,1.815036,-0.633074,-1.326066,-1.656575,0
0,0.4700,-1.312016,-0.184152,0.504951,-1.910746,-1.656575,0
0,0.3600,-1.097288,-0.184152,-0.569850,-0.348837,-0.212150,0
0,1.0000,-0.023647,-0.365897,-0.633074,0.517386,0.510063,0
0,0.7300,-0.238375,-1.092874,-0.633074,-1.223686,-1.656575,0
0,0.9900,0.835266,-1.092874,-0.633074,0.517386,0.510063,0
0,1.0000,-0.524680,0.906314,-0.443403,-2.080227,-1.656575,0
0,1.0000,-0.095223,1.451547,-0.190509,-0.405767,-0.212150,0
0,0.0300,0.405810,1.815036,-0.633074,-1.094390,-0.934363,0
0,0.2300,-1.669897,0.361081,2.528108,-0.405767,-0.212150,0
0,0.3600,0.620538,0.906314,-0.316956,-1.094390,-0.934363,0
0,0.1200,-1.669897,1.996780,2.211990,1.282241,1.232275,0
0,0.0700,-0.739408,-0.547641,1.579753,-0.903526,-0.934363,0
0,0.3900,0.548962,-0.547641,-0.633074,-0.235766,-0.212150,0
0,1.0000,-0.810984,-0.365897,0.125610,-0.466309,-0.212150,0
0,0.0900,-1.025712,-0.365897,-0.633074,-0.553179,-0.212150,0
0,0.5000,-0.524680,0.179336,-0.633074,-0.014463,-0.212150,0
0,1.0000,0.835266,0.724569,-0.633074,1.020952,1.232275,0
0,0.3300,-0.739408,-0.729386,-0.633074,1.020952,1.232275,0
0,1.0000,0.405810,-0.365897,-0.633074,0.819093,0.510063,1
0,1.0000,-0.309951,-0.365897,-0.633074,1.038308,1.232275,0
0,1.0000,1.049994,0.542825,-0.633074,-1.679070,-1.656575,0
0,1.0000,1.479451,-0.184152,-0.633074,-1.161002,-1.656575,0
0,0.0300,0.477386,0.724569,-0.633074,0.461537,0.510063,0
0,0.1100,-1.240440,0.724569,2.528108,0.461537,0.510063,0
0,0.2400,-0.166799,0.542825,-0.633074,-1.007898,-0.934363,0
0,1.0000,0.262657,1.633291,-0.633074,-1.518197,-1.656575,0
0,0.9600,0.119505,-0.547641,-0.633074,-1.452948,-1.656575,0
0,0.2500,-0.309951,-0.547641,-0.633074,-1.126655,-1.656575,0
0,0.4600,-0.739408,1.451547,-0.190509,0.329867,0.510063,0
0,1.0000,0.978418,-0.547641,-0.633074,0.640367,0.510063,0
0,0.8800,-0.166799,0.179336,-0.633074,-1.210544,-1.656575,0
0,1.0000,1.765755,0.906314,-0.633074,0.246870,0.510063,0
0,1.0000,2.052059,0.361081,-0.633074,1.127535,1.232275,0
0,0.7000,-1.240440,1.269803,-0.000838,1.127535,1.232275,0
0,1.0000,2.553092,-0.911130,-0.633074,1.127535,1.232275,0
0,0.6500,0.405810,-0.547641,-0.633074,1.127535,1.232275,0
0,0.5000,-0.166799,-0.002408,-0.633074,-0.572394,-0.212150,0
0,0.7300,-0.954136,0.179336,1.579753,0.671499,0.510063,0
0,0.3100,-0.166799,2.905502,2.528108,1.191981,1.232275,0
0,1.0000,-0.381527,-0.365897,-0.633074,0.671499,0.510063,0
0,1.0000,0.334233,-0.911130,-0.633074,-0.999101,-0.934363,0
0,1.0000,0.334233,-0.184152,-0.633074,1.020952,1.232275,0
0,0.6600,0.047929,0.724569,0.504951,1.191981,1.232275,0
0,1.0000,0.906842,0.724569,0.694622,-0.752247,-0.934363,0
0,1.0000,-0.739408,0.361081,-0.633074,-0.295083,-0.212150,0
0,1.0000,1.908907,-1.092874,-0.633074,-0.295083,-0.212150,0
0,1.0000,0.047929,2.542013,-0.633074,0.132085,0.510063,0
0,1.0000,-1.240440,-0.365897,-0.316956,1.025830,1.232275,0
0,1.0000,-0.954136,0.542825,-0.633074,-0.990447,-0.934363,0
0,0.7800,0.620538,0.542825,-0.190509,1.208081,1.232275,0
0,0.2900,3.197277,-0.184152,1.579753,0.251882,0.510063,0
0,0.5400,1.264722,0.724569,-0.633074,0.197654,0.510063,0
0,0.4500,0.047929,1.269803,-0.633074,-0.752247,-0.934363,0
0,1.0000,0.978418,-0.911130,-0.633074,-0.523809,-0.212150,0
0,1.0000,0.906842,-0.911130,-0.633074,-0.523809,-0.212150,0
0,0.5900,-1.884625,0.906314,2.211990,-0.523809,-0.212150,0
0,0.4900,-0.381527,0.361081,-0.633074,0.535260,0.510063,0
0,0.1600,-0.882560,-0.911130,-0.253732,-1.359339,-1.656575,0
0,0.3200,-0.309951,-0.911130,-0.633074,-1.237160,-1.656575,0
0,0.8200,-1.097288,1.815036,-0.380180,-1.094390,-0.934363,0
0,0.7800,-0.524680,-0.547641,-0.633074,0.403529,0.510063,0
0,0.5400,-0.667832,2.360269,-0.633074,-0.063270,-0.212150,0
0,0.4400,-1.025712,1.269803,2.528108,0.022620,-0.212150,0
1,0.1600,0.477386,-0.911130,-0.633074,0.309367,0.510063,0
0,1.0000,-1.383592,-0.365897,0.504951,-0.768967,-0.934363,0
0,1.0000,2.553092,-0.911130,-0.633074,0.594351,0.510063,0
0,0.1800,0.548962,-1.092874,0.884293,-0.580279,-0.212150,0
0,0.8000,-0.453103,2.178524,1.895872,-0.244148,-0.212150,0
0,0.6100,-1.741473,-0.002408,-0.633074,-0.469525,-0.212150,0
0,0.4900,-1.455169,-0.184152,0.504951,2.243436,1.954488,0
0,0.0400,-1.669897,0.724569,1.579753,0.634321,0.510063,0
0,1.0000,0.191081,1.815036,-0.633074,0.692982,0.510063,0
0,1.0000,0.191081,-0.729386,-0.633074,0.692982,0.510063,0
0,0.6800,-0.453103,-0.002408,-0.633074,0.788134,0.510063,0
0,1.0000,-0.095223,1.633291,2.211990,-1.910746,-1.656575,0
0,0.2100,-0.667832,1.451547,-0.380180,0.841254,0.510063,0
0,1.0000,0.262657,0.724569,-0.000838,-1.342443,-1.656575,0
0,1.0000,-1.168864,-0.365897,0.504951,-0.746789,-0.934363,0
0,0.1100,-0.453103,-0.911130,-0.380180,-1.310178,-1.656575,0
0,1.0000,0.978418,2.178524,1.579753,1.319981,1.232275,0
0,1.0000,-0.524680,-0.184152,-0.633074,1.319981,1.232275,0
0,1.0000,2.266788,-0.911130,-0.633074,-1.910746,-1.656575,0
0,0.0800,-1.025712,-0.184152,1.263635,-1.782400,-1.656575,0
1,0.3600,-1.813049,1.633291,4.108699,1.160205,1.232275,0
0,0.2500,0.047929,1.451547,-0.633074,-1.961470,-1.656575,0
0,0.2700,2.481516,1.088058,-0.633074,-1.172962,-1.656575,0
0,0.9800,-1.240440,-0.365897,1.579753,-1.326066,-1.656575,0
0,0.7800,-1.526745,1.451547,2.211990,-1.541854,-1.656575,0
1,0.3800,-1.741473,1.269803,2.528108,-0.359221,-0.212150,0
0,0.1000,0.477386,2.723758,-0.633074,-1.495547,-1.656575,0
0,1.0000,0.047929,2.360269,-0.633074,0.965423,1.232275,0
0,1.0000,1.980483,1.633291,-0.633074,-0.621555,-0.212150,0
0,0.4900,-0.739408,0.724569,1.895872,1.024469,1.232275,0
0,0.3300,0.692114,-0.729386,-0.506627,-0.981932,-0.934363,0
0,0.4800,-0.238375,0.542825,-0.569850,1.243944,1.232275,0
0,0.6400,0.119505,0.361081,-0.633074,-1.197720,-1.656575,0
0,0.5500,0.906842,0.179336,0.315280,-0.311605,-0.212150,0
0,0.9200,-1.025712,1.088058,1.010741,-0.311605,-0.212150,0
0,0.8000,0.477386,0.179336,-0.633074,-0.311605,-0.212150,0
0,0.1600,-1.097288,1.451547,-0.569850,-0.613040,-0.212150,0
0,0.2400,-1.383592,0.724569,2.528108,-1.711335,-1.656575,0
0,0.3600,1.479451,-0.911130,-0.633074,-0.523809,-0.212150,0
0,0.0800,-0.596256,1.451547,-0.633074,-1.237160,-1.656575,0
0,0.0200,-0.954136,1.815036,-0.569850,-0.108758,-0.212150,0
0,0.5300,0.405810,1.996780,-0.633074,0.921445,1.232275,0
0,1.0000,-1.168864,1.269803,-0.190509,-1.126655,-1.656575,0
0,0.4600,-1.097288,1.269803,-0.380180,-1.518197,-1.656575,0
0,0.5300,-1.097288,1.269803,-0.633074,-1.518197,-1.656575,0
0,1.0000,0.119505,1.451547,-0.633074,0.194885,0.510063,0
0,0.0900,-0.739408,1.633291,-0.380180,0.004401,-0.212150,0
0,0.7500,-0.238375,-0.002408,-0.633074,0.686407,0.510063,0
1,1.0000,1.479451,-0.365897,0.947517,1.249586,1.232275,0
0,1.0000,1.049994,0.361081,-0.633074,1.625512,1.232275,0
0,0.1600,0.763690,-0.547641,-0.633074,-1.648651,-1.656575,0
0,1.0000,1.407875,-0.729386,-0.633074,-0.195733,-0.212150,0
0,0.4400,0.262657,1.996780,-0.633074,-0.736037,-0.934363,0
0,0.3200,-1.598321,-0.365897,2.211990,-0.137351,-0.212150,0
0,0.1900,-0.381527,-1.092874,-0.633074,0.121567,0.510063,0
0,1.0000,-1.312016,0.179336,-0.253732,-1.172962,-1.656575,0
0,1.0000,-1.168864,0.724569,0.947517,-1.648651,-1.656575,0
0,1.0000,2.409940,-0.002408,-0.633074,1.183960,1.232275,0
0,1.0000,0.906842,1.269803,-0.633074,-1.376790,-1.656575,0
0,0.0700,-0.954136,-0.002408,0.441728,-1.359339,-1.656575,0
0,0.3400,0.620538,-0.911130,-0.633074,-0.903526,-0.934363,0
0,0.8300,-0.381527,-1.092874,-0.633074,0.909254,1.232275,0
0,0.4100,-0.309951,1.088058,1.010741,1.676607,1.232275,0
0,0.7200,-0.739408,-0.911130,-0.569850,1.676607,1.232275,0
0,0.4900,1.049994,-0.729386,-0.633074,0.714330,0.510063,0
2,0.4600,0.835266,0.179336,-0.633074,1.676607,1.232275,0
0,0.2600,-0.453103,0.361081,-0.633074,-0.553179,-0.212150,0
0,0.2700,-0.238375,1.088058,2.528108,1.417813,1.232275,0
0,1.0000,0.620538,-0.002408,-0.633074,1.676607,1.232275,0
0,0.5000,0.692114,-0.365897,-0.633074,-0.207430,-0.212150,0
0,0.3800,-0.453103,2.178524,0.441728,-1.432863,-1.656575,0
0,0.3700,0.906842,-0.729386,-0.633074,-1.310178,-1.656575,0
0,1.0000,1.407875,-0.911130,0.757846,-1.394832,-1.656575,0
1,0.9900,0.906842,-0.002408,-0.633074,-0.710071,-0.212150,0
0,1.0000,0.477386,1.088058,0.504951,-2.602223,-1.656575,0
0,1.0000,-0.667832,-0.184152,2.211990,-0.828828,-0.934363,0
0,0.1300,-1.168864,1.269803,2.528108,1.077788,1.232275,0
0,0.1800,-1.025712,-0.547641,-0.380180,0.073809,-0.212150,0
0,0.3700,-0.954136,0.906314,1.010741,1.077788,1.232275,0
0,0.5700,-0.739408,0.724569,-0.633074,0.684197,0.510063,0
0,0.2000,0.191081,-0.729386,0.441728,-1.063971,-0.934363,0
0,0.5400,-0.810984,-1.092874,-0.633074,-0.173082,-0.212150,0
1,1.0000,0.047929,-0.547641,2.528108,0.634321,0.510063,0
1,0.3200,-0.023647,-0.729386,-0.064061,1.339404,1.232275,0
0,0.3400,-0.238375,-0.002408,6.068632,-1.035196,-0.934363,0
0,0.3900,0.978418,-0.002408,-0.633074,0.215758,0.510063,1
0,0.1900,0.191081,0.361081,-0.633074,0.773046,0.510063,0
0,1.0000,-0.238375,-0.911130,-0.633074,1.191981,1.232275,0
0,1.0000,-0.667832,-0.911130,-0.633074,1.020952,1.232275,0
0,0.1800,0.047929,1.269803,-0.633074,-1.342443,-1.656575,0
0,0.0300,-1.383592,-0.365897,1.579753,-0.725498,-0.212150,0
0,0.9100,-0.810984,0.361081,1.326859,-0.816305,-0.934363,0
0,0.2900,0.191081,1.088058,-0.633074,-0.763335,-0.934363,0
0,0.4900,-1.383592,1.088058,0.252057,-0.341179,-0.212150,0
0,0.1300,-1.168864,-1.092874,1.010741,0.332732,0.510063,0
0,0.0800,-1.455169,1.269803,2.528108,1.306857,1.232275,0
0,0.2400,0.191081,-0.729386,-0.633074,0.138298,0.510063,0
0,0.3900,-0.524680,-1.092874,-0.633074,0.798358,0.510063,0
1,0.4600,1.264722,0.724569,-0.633074,1.162313,1.232275,0
0,0.3300,1.407875,-0.911130,-0.253732,-1.910746,-1.656575,0
0,0.1400,0.692114,-1.092874,-0.064061,-0.798056,-0.934363,0
0,0.3100,0.692114,-1.092874,-0.253732,-0.798056,-0.934363,0
0,0.2800,0.906842,1.088058,-0.633074,-1.197720,-1.656575,0
0,1.0000,-0.524680,0.542825,0.188833,1.001996,1.232275,0
0,1.0000,0.119505,0.179336,-0.633074,-0.804070,-0.934363,0
0,1.0000,0.548962,-0.365897,-0.633074,0.008358,-0.212150,0
0,1.0000,-1.025712,-0.184152,0.757846,-1.073918,-0.934363,0
0,0.7500,0.692114,-0.184152,-0.633074,0.412828,0.510063,0
0,0.2400,-1.097288,-0.365897,0.947517,-1.054205,-0.934363,0
0,0.5800,-1.025712,-0.729386,0.504951,0.000415,-0.212150,0
0,0.0900,-0.954136,-0.911130,0.947517,1.092042,1.232275,0
0,0.4200,0.477386,3.087246,-0.633074,0.851324,0.510063,0
0,0.1200,-1.025712,-0.365897,0.252057,-1.648651,-1.656575,0
0,0.2200,-0.954136,-1.092874,0.504951,0.634321,0.510063,0
0,0.5100,-1.097288,-0.184152,0.757846,1.367015,1.232275,0
0,1.0000,0.548962,0.179336,-0.190509,0.333446,0.510063,0
0,0.3300,-1.240440,-0.002408,-0.127285,-1.342443,-1.656575,0
0,0.4700,0.620538,0.906314,1.010741,-0.690173,-0.212150,0
0,1.0000,-0.739408,0.906314,-0.190509,1.127535,1.232275,0
0,1.0000,0.763690,1.269803,-0.633074,0.739864,0.510063,0
0,0.2400,-0.596256,-1.092874,-0.633074,-1.126655,-1.656575,0
0,0.8500,-0.739408,0.724569,-0.633074,-0.910866,-0.934363,0
0,1.0000,-0.739408,1.269803,-0.190509,-0.509710,-0.212150,0
0,0.5300,1.193146,-0.184152,-0.633074,-0.299751,-0.212150,0
0,1.0000,0.405810,1.633291,-0.633074,-1.104929,-0.934363,0
0,0.1900,0.548962,1.996780,-0.633074,1.723067,1.954488,0
0,0.5000,-0.381527,0.361081,-0.633074,0.285710,0.510063,0
0,0.1600,0.405810,0.724569,-0.633074,1.319981,1.232275,0
0,0.2800,-0.381527,0.179336,-0.380180,1.083745,1.232275,1
0,1.0000,0.334233,1.269803,-0.633074,-0.265697,-0.212150,0
0,0.3600,-1.312016,0.179336,0.252057,-0.661656,-0.212150,0
0,1.0000,2.553092,-0.729386,0.757846,-0.882092,-0.934363,0
0,1.0000,0.047929,1.996780,-0.633074,-0.568495,-0.212150,0
0,1.0000,-1.025712,-0.911130,1.895872,0.671499,0.510063,0
0,1.0000,-0.238375,1.996780,2.211990,0.466005,0.510063,0
1,0.2800,-1.097288,1.815036,2.528108,-0.999101,-0.934363,0
0,1.0000,0.548962,0.724569,-0.633074,0.669605,0.510063,0
0,0.1800,-0.309951,-0.002408,-0.633074,0.423174,0.510063,0
0,0.2200,0.405810,1.269803,-0.633074,-0.456777,-0.212150,0
0,0.7600,-0.166799,0.724569,-0.633074,-0.630209,-0.212150,0
0,0.0600,0.620538,0.724569,-0.633074,1.020952,1.232275,0
0,0.1000,-0.596256,0.724569,-0.633074,-0.235766,-0.212150,0
1,1.0000,-0.739408,0.179336,0.694622,1.020952,1.232275,0
0,1.0000,-0.882560,1.633291,-0.000838,1.242394,1.232275,0
0,1.0000,0.548962,-1.092874,0.188833,-1.394832,-1.656575,0
0,0.2300,-0.667832,1.633291,1.010741,-0.661656,-0.212150,0
0,0.3000,0.692114,0.179336,2.528108,-0.252663,-0.212150,0
0,0.1600,-1.383592,1.996780,2.211990,1.208081,1.232275,0
0,0.8100,-0.095223,-0.547641,-0.633074,-0.246264,-0.212150,0
0,0.5900,-0.095223,0.724569,-0.569850,-0.553179,-0.212150,0
0,0.6700,-1.741473,-0.365897,1.895872,1.135655,1.232275,1
0,0.8800,-1.025712,0.906314,1.579753,-0.176791,-0.212150,0
0,0.2900,2.481516,-1.092874,-0.633074,-1.073918,-0.934363,0
0,0.4900,1.551027,1.633291,-0.316956,-1.326066,-1.656575,0
0,1.0000,1.622603,0.361081,-0.633074,-1.104929,-0.934363,0
0,0.4400,0.620538,0.361081,-0.190509,-0.311605,-0.212150,0
0,1.0000,0.477386,0.179336,-0.633074,-0.146061,-0.212150,0
0,0.0300,-1.669897,-0.911130,2.528108,0.582421,0.510063,0
0,0.4900,-0.667832,1.088058,2.211990,-1.025940,-0.934363,0
0,0.0200,-1.598321,0.724569,1.579753,-0.999101,-0.934363,0
0,0.3600,-0.596256,0.361081,-0.000838,0.671499,0.510063,0
0,0.1100,-1.097288,0.361081,1.895872,0.671499,0.510063,0
0,0.5800,-0.309951,-0.365897,-0.633074,0.671499,0.510063,0
0,0.0700,-0.453103,0.724569,-0.569850,-0.965299,-0.934363,0
0,0.9900,-0.667832,0.542825,-0.633074,-0.710071,-0.212150,0
0,0.3800,0.477386,0.179336,-0.633074,-0.861488,-0.934363,1
1,0.0400,-1.383592,1.451547,4.108699,0.381830,0.510063,0
0,1.0000,1.049994,-1.092874,-0.633074,-0.541974,-0.212150,0
0,0.2600,0.548962,-1.092874,-0.506627,0.246870,0.510063,0
0,0.2300,-1.455169,0.906314,1.895872,-0.225472,-0.212150,0
0,0.6300,-0.309951,2.178524,-0.633074,-1.342443,-1.656575,0
0,0.0200,1.837331,-1.274619,-0.633074,-1.376790,-1.656575,0
0,0.3800,-1.168864,1.269803,-0.000838,-0.965299,-0.934363,0
0,0.2400,-0.095223,-0.729386,-0.633074,0.047611,-0.212150,0
0,1.0000,-0.524680,-0.911130,-0.633074,-0.182403,-0.212150,0
0,1.0000,-1.669897,0.542825,1.895872,1.208081,1.232275,0
0,0.0800,-0.381527,1.088058,-0.633074,-0.786229,-0.934363,0
0,0.4800,-1.312016,0.542825,0.757846,-0.438210,-0.212150,0
0,0.9200,0.548962,-1.274619,-0.633074,-0.949171,-0.934363,0
0,1.0000,-0.954136,-0.729386,-0.380180,-1.961470,-1.656575,0
0,1.0000,0.835266,1.451547,1.579753,-1.821840,-1.656575,0
0,0.4100,1.837331,-1.274619,-0.633074,-0.949171,-0.934363,0
0,0.7000,-0.381527,1.451547,-0.633074,-0.447413,-0.212150,0
0,0.3800,-1.669897,-0.184152,1.579753,1.242394,1.232275,0
0,0.5000,1.121570,0.906314,-0.380180,0.517386,0.510063,0
1,0.8800,-1.025712,0.542825,3.286792,-1.473821,-1.656575,0
0,0.3200,-1.168864,0.724569,2.211990,0.517386,0.510063,0
0,0.3100,-1.455169,-0.911130,1.895872,-1.782400,-1.656575,0
0,0.0900,-1.240440,-1.092874,0.252057,1.500821,1.232275,0
0,0.3000,-1.240440,-1.274619,-0.000838,1.500821,1.232275,0
0,0.0200,-1.598321,1.269803,2.528108,1.242394,1.232275,0
0,0.6700,1.336299,-1.274619,0.062386,-1.821840,-1.656575,0
0,0.9500,1.336299,-1.274619,-0.633074,-1.821840,-1.656575,0
0,0.9200,-0.453103,-1.274619,-0.633074,-1.452948,-1.656575,0
1,0.3000,-0.524680,0.906314,2.528108,0.334159,0.510063,0
0,0.2500,-1.455169,1.451547,-0.190509,-0.174933,-0.212150,0
0,0.2300,-0.095223,0.361081,-0.380180,0.869869,1.232275,0
1,0.8000,0.262657,0.724569,-0.127285,-0.438210,-0.212150,0
0,0.3200,1.765755,-1.274619,-0.633074,0.077284,-0.212150,0
0,0.6600,-1.884625,1.088058,2.528108,-0.359221,-0.212150,0
0,0.6200,-1.097288,0.361081,1.579753,0.517386,0.510063,0
0,0.1600,-1.240440,1.269803,2.528108,0.388948,0.510063,0
0,0.3000,-1.598321,-0.002408,1.010741,-1.711335,-1.656575,0
0,0.3500,-1.598321,-0.547641,1.579753,-0.058779,-0.212150,0
0,1.0000,1.551027,-1.092874,-0.633074,0.089834,-0.212150,0
0,0.7500,-0.166799,-0.911130,0.504951,-0.657048,-0.212150,0
0,0.7200,-0.166799,0.179336,-0.000838,-0.657048,-0.212150,0
0,0.0700,-0.954136,1.269803,0.252057,-0.265697,-0.212150,0
0,0.4300,0.692114,0.179336,0.188833,0.762639,0.510063,0
0,0.3600,-0.810984,-0.002408,1.263635,0.832947,0.510063,0
0,0.7400,-0.238375,1.269803,-0.633074,0.060871,-0.212150,0
0,0.6700,-1.025712,0.906314,-0.380180,-0.757762,-0.934363,0
0,0.9100,-1.240440,1.088058,0.188833,1.036407,1.232275,0
1,0.9100,1.336299,-1.092874,1.895872,0.645948,0.510063,0
0,0.8500,-0.667832,-0.729386,-0.633074,-0.816305,-0.934363,0
0,0.2600,-0.810984,-0.002408,0.252057,-0.564625,-0.212150,0
0,0.2700,-1.526745,1.269803,0.568175,-1.782400,-1.656575,0
0,0.0300,0.119505,1.451547,-0.633074,-1.342443,-1.656575,0
0,0.8300,1.264722,-1.092874,-0.633074,-1.172962,-1.656575,0
1,1.0000,0.763690,-1.092874,-0.633074,-0.828828,-0.934363,0
0,0.5300,-0.095223,1.451547,1.579753,-0.910866,-0.934363,0
0,0.2400,-1.741473,0.542825,2.211990,0.517386,0.510063,0
0,0.8400,1.121570,-1.092874,-0.633074,-1.172962,-1.656575,0
0,0.8000,-0.524680,-0.365897,-0.380180,-1.172962,-1.656575,0
0,0.3400,-1.240440,0.724569,0.188833,-1.172962,-1.656575,0
1,0.5800,0.191081,0.542825,-0.633074,0.147483,0.510063,0
0,0.8500,-0.166799,-0.002408,-0.633074,-0.429164,-0.212150,0
0,0.0700,-0.309951,-1.092874,-0.633074,-0.647950,-0.212150,0
0,0.7500,0.835266,-1.092874,-0.633074,0.008358,-0.212150,0
0,0.5000,-0.596256,-0.184152,-0.633074,-1.566612,-1.656575,0
0,0.7600,-1.168864,-0.729386,0.504951,1.001996,1.232275,0
0,0.2600,0.119505,0.724569,-0.633074,0.426778,0.510063,0
0,0.2600,-1.240440,1.269803,2.528108,1.625512,1.232275,0
0,0.0600,0.620538,1.088058,2.211990,1.625512,1.232275,0
1,0.9500,2.052059,0.724569,-0.633074,0.739864,0.510063,0
0,0.7200,-0.596256,0.724569,-0.633074,-0.600517,-0.212150,0
0,0.4900,0.906842,0.179336,-0.633074,-0.359221,-0.212150,0
0,0.0900,0.119505,-0.002408,-0.633074,1.191981,1.232275,0
0,0.7200,0.334233,0.906314,-0.633074,-0.768967,-0.934363,0
1,0.0500,-1.312016,-1.092874,0.757846,-1.376790,-1.656575,0
0,0.4400,0.119505,0.906314,-0.633074,0.634321,0.510063,0
0,0.2500,0.334233,-0.729386,-0.633074,-0.710071,-0.212150,0
0,0.0600,1.121570,-1.092874,1.579753,2.243436,1.954488,0
0,1.0000,-0.524680,0.542825,1.895872,1.618606,1.232275,1
0,0.0900,0.047929,-0.729386,-0.633074,0.482432,0.510063,0
0,0.1300,2.409940,-0.911130,-0.633074,1.145363,1.232275,0
0,0.3000,0.119505,-1.274619,2.211990,1.319981,1.232275,0
0,0.5400,-0.810984,-0.729386,-0.633074,-0.710071,-0.212150,0
0,0.3300,-0.238375,-1.092874,-0.633074,0.634321,0.510063,0
0,0.7300,-1.312016,-0.911130,1.579753,-0.730741,-0.212150,0
0,0.5800,-1.813049,-0.911130,2.211990,-0.472760,-0.212150,0
0,0.8600,-0.882560,-1.092874,-0.380180,0.634321,0.510063,0
0,0.5400,0.047929,0.179336,-0.253732,0.000415,-0.212150,0
0,0.7500,-0.238375,0.542825,-0.633074,0.000415,-0.212150,0
0,0.6400,0.262657,-1.274619,-0.633074,-1.452948,-1.656575,0
0,0.5800,-0.166799,0.906314,1.895872,0.355799,0.510063,0
0,0.5500,-1.741473,1.088058,1.579753,0.000415,-0.212150,0
0,0.2800,-1.312016,-0.729386,-0.380180,0.955319,1.232275,0
0,0.8300,1.049994,-0.911130,-0.633074,-1.619876,-1.656575,0
0,0.2700,-1.240440,0.361081,2.211990,-0.523809,-0.212150,0
0,1.0000,-1.741473,1.088058,2.211990,0.406647,0.510063,0
0,0.6000,0.477386,1.269803,3.666133,-0.014463,-0.212150,0
0,0.2700,0.477386,-0.911130,-0.633074,-0.757762,-0.934363,1
0,1.0000,-1.168864,1.451547,0.252057,1.183960,1.232275,0
0,1.0000,0.191081,-0.547641,-0.633074,-0.184287,-0.212150,0
0,0.0300,-0.596256,1.451547,-0.633074,-1.016843,-0.934363,0
0,1.0000,0.835266,-0.365897,-0.633074,-0.868268,-0.934363,0
0,0.9200,1.980483,-0.729386,-0.633074,-1.035196,-0.934363,0
0,0.2400,1.264722,0.542825,-0.633074,-1.035196,-0.934363,0
0,0.8100,-1.669897,-0.547641,1.010741,-0.417337,-0.212150,0
0,0.4800,-0.095223,-0.911130,-0.633074,-1.432863,-1.656575,0
0,0.3600,-1.240440,1.633291,1.263635,-1.035196,-0.934363,0
0,0.0700,-0.023647,-0.002408,-0.633074,0.384429,0.510063,0
1,0.3700,-1.383592,0.179336,0.504951,-0.254813,-0.212150,0
0,0.8400,1.264722,-0.729386,1.263635,0.246870,0.510063,0
0,0.3800,2.052059,0.179336,-0.633074,0.246870,0.510063,0
0,0.3300,0.334233,-1.274619,-0.633074,0.334159,0.510063,0
0,0.3900,-1.813049,1.633291,2.211990,-0.055806,-0.212150,0
0,0.3800,-1.097288,-1.274619,-0.633074,-0.538291,-0.212150,0
0,0.1000,0.835266,-1.274619,-0.633074,-0.346272,-0.212150,0
0,0.1200,-1.741473,2.360269,2.528108,1.035454,1.232275,0
0,0.0300,-1.526745,-0.184152,2.528108,0.627386,0.510063,0
0,0.4900,0.334233,1.269803,1.263635,1.242394,1.232275,0
0,0.0400,-0.524680,0.906314,1.010741,-1.172962,-1.656575,0
0,0.6400,0.548962,0.906314,-0.633074,-0.259140,-0.212150,0
0,0.0700,-0.667832,-0.184152,0.252057,1.676607,1.232275,0
0,0.3400,-1.168864,0.542825,-0.443403,0.142400,0.510063,0
0,0.7300,0.405810,-0.365897,-0.633074,-0.730741,-0.212150,0
0,0.7500,1.837331,-1.092874,-0.633074,-0.786229,-0.934363,0
0,0.0300,0.620538,2.178524,-0.633074,-1.210544,-1.656575,0
0,0.0400,1.336299,-0.547641,-0.633074,2.243436,1.954488,0
0,0.1100,2.123635,0.361081,2.211990,2.243436,1.954488,0
0,0.0700,0.548962,-0.911130,-0.633074,0.573408,0.510063,0
0,0.0400,-1.813049,-0.365897,2.528108,0.297288,0.510063,0
0,0.6600,-0.095223,-0.002408,2.528108,-1.432863,-1.656575,0
0,0.5300,0.405810,-0.547641,-0.633074,0.788134,0.510063,0
0,0.2400,0.835266,-0.184152,-0.633074,1.124961,1.232275,0
0,0.4800,0.548962,-0.002408,-0.633074,-0.007649,-0.212150,0
0,0.8100,-1.383592,1.088058,1.263635,1.238631,1.232275,0
0,1.0000,-1.383592,1.269803,2.211990,0.517386,0.510063,1
0,0.9000,-1.168864,1.088058,1.895872,-0.288156,-0.212150,0
1,0.0700,0.047929,-0.729386,1.010741,-0.957174,-0.934363,0
0,0.4100,0.692114,-0.184152,-0.633074,0.188366,0.510063,0
0,1.0000,-1.240440,-0.002408,1.895872,1.955738,1.954488,0
0,0.0700,-1.884625,-0.365897,1.895872,0.008358,-0.212150,0
0,0.3200,0.191081,1.088058,-0.633074,0.008358,-0.212150,0
0,0.3600,-0.453103,1.088058,1.579753,-0.584265,-0.212150,0
0,0.1500,-0.238375,1.996780,1.895872,0.008358,-0.212150,0
0,0.6400,-1.168864,0.724569,1.579753,1.191981,1.232275,0
0,0.3600,-1.097288,1.269803,0.757846,1.025830,1.232275,0
0,0.2800,0.477386,1.088058,2.211990,0.714330,0.510063,0
0,0.6300,0.047929,-0.729386,0.631399,1.631396,1.232275,0
0,0.5200,0.978418,1.815036,-0.190509,1.676607,1.232275,0
0,1.0000,-1.097288,-0.002408,-0.000838,0.350298,0.510063,0
0,0.3100,-0.309951,0.179336,-0.380180,0.822804,0.510063,0
0,0.1100,-0.309951,0.361081,0.757846,1.631396,1.232275,0
0,0.9300,-1.168864,-0.547641,-0.633074,-0.221409,-0.212150,0
0,0.3600,-0.882560,0.361081,3.286792,-1.592578,-1.656575,0
0,0.2500,0.191081,-1.274619,-0.633074,-1.394832,-1.656575,0
0,0.2100,-0.954136,1.996780,-0.190509,0.008358,-0.212150,0
0,0.4600,-1.598321,0.906314,2.211990,-0.346272,-0.212150,0
0,1.0000,-0.095223,1.269803,-0.633074,0.251882,0.510063,0
0,1.0000,-0.739408,2.178524,0.125610,-1.711335,-1.656575,0
0,0.0200,0.334233,-1.092874,-0.633074,-0.331137,-0.212150,0
0,0.3500,-0.810984,0.542825,-0.190509,-1.185197,-1.656575,0
0,0.3900,-1.598321,-0.184152,2.528108,2.243436,1.954488,0
0,1.0000,-1.168864,-0.547641,1.579753,-1.518197,-1.656575,0
0,0.0800,-0.166799,-0.911130,-0.569850,-0.160302,-0.212150,0
0,1.0000,-1.097288,-0.911130,1.579753,0.685303,0.510063,0
0,1.0000,-0.810984,1.269803,-0.633074,1.271577,1.232275,1
0,0.9800,0.047929,0.179336,-0.633074,1.271577,1.232275,0
0,0.8100,1.908907,0.906314,1.137188,0.064431,-0.212150,0
0,0.1400,1.479451,-0.911130,-0.633074,0.623677,0.510063,0
0,0.1700,1.049994,1.451547,-0.633074,-0.151357,-0.212150,0
0,0.5000,-0.023647,1.088058,-0.633074,-1.541854,-1.656575,0
0,0.6300,-0.667832,2.542013,-0.190509,0.062061,-0.212150,0
0,0.5600,1.121570,0.906314,1.263635,0.369307,0.510063,0
0,0.5300,0.334233,5.995156,-0.633074,0.851324,0.510063,0
0,0.0600,0.405810,1.088058,-0.633074,0.529862,0.510063,0
0,0.3900,-1.813049,-1.274619,-0.633074,-0.041184,-0.212150,0
0,0.8200,1.622603,-1.274619,-0.633074,0.634321,0.510063,0
1,0.6500,-1.813049,1.633291,2.907450,-0.331137,-0.212150,0
0,0.1800,1.264722,0.542825,-0.633074,-0.786229,-0.934363,0
0,0.6000,-0.739408,1.633291,-0.633074,-0.171238,-0.212150,0
0,0.2800,-1.312016,-0.729386,0.125610,-0.949171,-0.934363,0
0,0.1200,-0.524680,0.179336,-0.633074,-0.768967,-0.934363,0
0,0.2900,0.047929,-0.365897,-0.633074,-0.918310,-0.934363,0
0,0.2500,0.405810,-0.002408,-0.633074,-0.394443,-0.212150,0
0,0.2300,0.191081,0.542825,1.326859,-1.054205,-0.934363,0
0,0.2400,0.405810,1.269803,-0.633074,-0.174933,-0.212150,0
0,0.6000,-0.882560,0.542825,2.211990,-0.896285,-0.934363,0
0,0.2100,-1.741473,1.269803,3.286792,-0.014463,-0.212150,0
0,0.0700,0.906842,0.906314,2.528108,-0.910866,-0.934363,0
0,0.6400,1.121570,-0.911130,-0.380180,0.965423,1.232275,0
0,0.7900,0.262657,-1.274619,-0.633074,0.965423,1.232275,0
0,0.0300,-0.882560,-0.729386,-0.633074,-0.910866,-0.934363,0
0,0.8700,-0.023647,-0.184152,-0.633074,1.243944,1.232275,0
0,0.7100,0.620538,-0.911130,-0.633074,0.480271,0.510063,0
0,0.7500,-1.025712,1.633291,0.188833,-0.661656,-0.212150,0
1,0.4700,-0.309951,0.542825,4.108699,0.517386,0.510063,0
0,0.3200,-0.739408,1.996780,-0.633074,-0.736037,-0.212150,0
0,0.0600,0.620538,0.361081,2.211990,-1.007898,-0.934363,0
0,0.9100,-1.312016,-0.365897,0.504951,-0.690173,-0.212150,0
0,0.6900,-1.383592,-0.547641,1.010741,-0.973550,-0.934363,0
0,0.3200,-1.455169,1.269803,1.895872,0.000415,-0.212150,0
0,0.1500,-0.023647,0.906314,2.528108,0.000415,-0.212150,0
0,0.0500,1.193146,-1.274619,-0.633074,-1.035196,-0.934363,1
0,0.3300,-1.813049,0.542825,2.211990,0.227204,0.510063,0
0,0.0500,-0.095223,-1.274619,-0.633074,-0.531001,-0.212150,0
0,0.5300,-0.810984,-1.274619,-0.633074,-0.182403,-0.212150,0
0,0.5800,-1.025712,2.178524,2.528108,0.318983,0.510063,0
0,0.5600,-1.312016,0.906314,1.579753,-0.990447,-0.934363,0
0,0.6100,0.692114,1.088058,-0.633074,-0.639006,-0.212150,0
0,0.4900,-1.884625,-0.184152,2.211990,0.239261,0.510063,0
0,0.2300,0.405810,0.179336,0.315280,1.222234,1.232275,0
0,0.3000,-1.025712,0.542825,1.263635,1.504547,1.232275,0
0,0.5500,-1.240440,-0.184152,0.252057,0.480271,0.510063,0
0,0.0400,-1.168864,0.724569,0.504951,-1.745682,-1.656575,0
0,0.1500,1.264722,-1.274619,-0.633074,-0.868268,-0.934363,0
0,0.2400,0.548962,-0.547641,-0.633074,0.627386,0.510063,1
0,0.5000,-0.882560,-0.547641,-0.633074,0.627386,0.510063,0
0,0.4300,-1.956201,1.451547,2.211990,-1.452948,-1.656575,0
0,0.0900,0.548962,-1.274619,-0.633074,-0.502798,-0.212150,0
0,0.0700,-0.453103,-0.184152,-0.633074,-0.630209,-0.212150,0
0,0.0200,0.262657,1.088058,2.211990,0.307872,0.510063,0
0,0.5200,0.477386,0.724569,-0.633074,-0.889141,-0.934363,0
0,0.3600,-1.813049,-0.729386,3.666133,-0.331137,-0.212150,0
0,0.3200,-0.238375,-0.365897,-0.190509,-0.331137,-0.212150,0
0,0.7500,1.551027,1.269803,-0.633074,-1.821840,-1.656575,0
0,0.3900,0.262657,1.088058,-0.633074,-0.804070,-0.934363,0
0,0.1200,0.835266,1.269803,-0.633074,-1.432863,-1.656575,0
0,0.2300,-0.667832,-1.092874,-0.633074,-0.302101,-0.212150,0
0,0.1900,-1.383592,0.724569,2.528108,-0.207430,-0.212150,0
0,0.5300,0.191081,-1.274619,0.252057,-0.949171,-0.934363,0
0,0.5500,1.908907,1.088058,2.211990,0.955098,1.232275,0
0,0.4300,2.553092,-1.274619,-0.633074,0.090960,-0.212150,0
0,0.3800,0.763690,0.724569,-0.064061,-0.617280,-0.212150,0
0,0.1000,1.980483,0.906314,2.085542,0.090960,-0.212150,0
0,0.0200,0.835266,-1.274619,-0.633074,-0.254813,-0.212150,0
0,1.0000,-0.524680,-0.184152,-0.633074,0.517386,0.510063,0
0,1.0000,-0.309951,0.906314,-0.633074,-1.104929,-0.934363,0
0,1.0000,1.049994,0.361081,-0.633074,-0.160302,-0.212150,0
0,1.0000,1.908907,-0.547641,-0.633074,-2.151292,-1.656575,0
0,1.0000,1.837331,-0.365897,-0.633074,-0.237849,-0.212150,0
0,0.8400,2.839396,1.088058,-0.633074,-0.031183,-0.212150,0
0,1.0000,0.262657,1.088058,-0.633074,-1.432863,-1.656575,0
0,1.0000,1.622603,-0.002408,-0.633074,-0.184287,-0.212150,0
0,0.2100,0.692114,0.361081,-0.633074,0.057287,-0.212150,0
0,1.0000,1.622603,0.724569,-0.633074,0.090960,-0.212150,0
0,0.4600,2.123635,1.269803,-0.633074,0.578384,0.510063,0
0,0.2300,0.405810,-0.002408,1.010741,1.625512,1.232275,0
0,1.0000,0.334233,1.633291,-0.633074,-0.710071,-0.212150,0
0,1.0000,0.477386,0.542825,-0.633074,-1.864439,-1.656575,0
0,1.0000,0.620538,0.906314,-0.633074,-0.359221,-0.212150,0
0,0.1200,0.477386,-0.547641,-0.633074,-0.690173,-0.212150,0
1,1.0000,0.906842,0.906314,-0.633074,-0.700029,-0.212150,0
0,0.9100,-0.238375,-0.729386,-0.633074,-0.063270,-0.212150,0
0,0.5400,0.047929,1.451547,-0.633074,-0.070841,-0.212150,0
0,0.2000,0.835266,-0.911130,-0.633074,1.209046,1.232275,0
0,1.0000,3.125701,2.542013,-0.633074,-1.745682,-1.656575,0
0,0.8500,2.052059,0.542825,-0.633074,-0.910866,-0.934363,0
0,0.0200,1.336299,0.179336,0.568175,-1.821840,-1.656575,0
0,1.0000,1.407875,-0.365897,-0.633074,-2.080227,-1.656575,0
0,1.0000,2.481516,-0.184152,-0.633074,-0.690173,-0.212150,0
0,1.0000,1.765755,-0.365897,-0.633074,-0.417337,-0.212150,0
0,0.4400,0.334233,0.542825,-0.633074,1.138492,1.232275,1
0,1.0000,-0.238375,-0.729386,-0.633074,-0.798056,-0.934363,0
0,1.0000,0.763690,0.361081,-0.633074,-0.292764,-0.212150,0
0,0.3200,0.692114,1.269803,-0.633074,0.332732,0.510063,0
0,0.3100,-0.524680,-0.002408,-0.633074,0.480271,0.510063,0
1,1.0000,1.908907,-0.184152,-0.633074,-1.104929,-0.934363,0
0,0.5800,1.551027,-0.184152,-0.633074,-1.541854,-1.656575,0
0,1.0000,0.334233,-0.365897,-0.633074,-0.848182,-0.934363,0
0,1.0000,2.338364,1.451547,-0.633074,0.522411,0.510063,0
0,0.4900,0.620538,1.269803,-0.633074,-0.973550,-0.934363,0
0,1.0000,0.906842,-0.002408,-0.633074,0.090960,-0.212150,0
0,0.2100,0.119505,0.361081,-0.633074,-0.331137,-0.212150,0
0,0.4700,-0.596256,1.269803,0.947517,-0.502798,-0.212150,0
0,0.6100,-0.095223,-0.547641,-0.633074,0.417113,0.510063,1
0,1.0000,1.551027,0.361081,-0.633074,-1.648651,-1.656575,0
0,0.2400,1.837331,-1.092874,-0.127285,-2.080227,-1.656575,0
0,1.0000,0.119505,-0.365897,-0.633074,0.334159,0.510063,0
0,0.1800,-0.309951,-0.911130,-0.633074,-0.690173,-0.212150,0
0,1.0000,-0.453103,-0.184152,-0.633074,-0.861488,-0.934363,0
0,1.0000,1.336299,-0.911130,-0.633074,-1.073918,-0.934363,0
0,0.9300,1.908907,-0.002408,-0.633074,0.842900,0.510063,0
0,0.0600,1.908907,-0.002408,-0.633074,0.842900,0.510063,0
0,1.0000,0.047929,-0.911130,-0.633074,-1.210544,-1.656575,0
0,1.0000,2.481516,-0.729386,-0.633074,-1.265177,-1.656575,0
0,1.0000,0.405810,1.088058,-0.633074,0.000415,-0.212150,0
0,1.0000,-0.524680,1.088058,-0.633074,-0.502798,-0.212150,0
0,0.5400,-0.882560,0.724569,-0.633074,0.008358,-0.212150,0
0,1.0000,2.338364,-0.911130,-0.633074,0.634321,0.510063,0
0,0.5800,0.262657,-0.729386,-0.633074,0.000415,-0.212150,0
0,0.0800,0.405810,0.179336,-0.633074,1.243944,1.232275,0
0,1.0000,1.049994,0.724569,-0.633074,0.018768,-0.212150,0
0,1.0000,1.837331,0.906314,-0.633074,-0.949171,-0.934363,0
1,0.5300,-1.598321,-0.547641,-0.633074,-0.174933,-0.212150,0
0,1.0000,0.763690,0.361081,-0.633074,0.008358,-0.212150,0
0,0.2900,-0.381527,-0.365897,-0.633074,-1.592578,-1.656575,0
0,1.0000,0.620538,1.996780,-0.633074,-0.804070,-0.934363,0
0,0.4100,-0.453103,0.361081,-0.190509,0.109752,-0.212150,0
0,0.4800,-0.023647,1.088058,-0.633074,0.582867,0.510063,0
0,1.0000,0.334233,-0.365897,-0.633074,0.334159,0.510063,0
0,1.0000,-0.739408,-0.547641,-0.380180,1.025830,1.232275,0
0,0.7700,0.692114,0.179336,-0.633074,0.634321,0.510063,0
0,1.0000,-0.023647,0.179336,-0.633074,0.634727,0.510063,1
0,1.0000,0.262657,0.542825,-0.633074,-1.619876,-1.656575,0
0,0.6700,-0.023647,-0.729386,-0.633074,-0.828828,-0.934363,0
0,0.3700,-0.667832,-0.002408,-0.633074,0.041472,-0.212150,0
1,0.8600,2.481516,1.269803,-0.633074,-0.523809,-0.212150,0
0,1.0000,1.121570,1.451547,-0.633074,-0.868268,-0.934363,0
0,1.0000,-0.667832,0.906314,-0.633074,-1.679070,-1.656575,0
0,1.0000,2.409940,-0.547641,-0.633074,0.000415,-0.212150,0
0,0.0400,-0.667832,-0.184152,0.504951,-0.489238,-0.212150,0
0,1.0000,0.548962,-0.547641,-0.633074,-1.025940,-0.934363,0
0,0.3800,-0.739408,1.451547,-0.000838,-0.643459,-0.212150,0
0,0.5000,1.765755,0.724569,-0.633074,-1.342443,-1.656575,0
0,0.6600,0.405810,-0.002408,-0.253732,-1.172962,-1.656575,0
0,0.5800,-0.453103,-0.365897,-0.569850,-0.568495,-0.212150,0
0,1.0000,1.407875,0.542825,-0.633074,-0.263502,-0.212150,0
0,0.8200,-1.526745,0.724569,0.757846,-0.184287,-0.212150,0
0,1.0000,0.262657,0.906314,-0.633074,-1.566612,-1.656575,0
0,0.9000,0.047929,0.724569,-0.633074,0.827900,0.510063,0
0,1.0000,0.692114,4.359457,-0.633074,0.992776,1.232275,0
0,0.5400,-0.166799,1.269803,-0.633074,-0.495975,-0.212150,0
0,1.0000,-0.381527,2.542013,-0.633074,-1.782400,-1.656575,0
0,1.0000,0.548962,1.451547,0.504951,-1.864439,-1.656575,0
0,0.7400,0.191081,1.633291,-0.633074,-1.711335,-1.656575,0
0,0.8800,0.620538,1.633291,-0.633074,0.634321,0.510063,0
0,0.8200,0.119505,1.269803,-0.633074,-2.017543,-1.656575,0
0,1.0000,-0.810984,-0.547641,1.895872,-0.730741,-0.212150,0
0,1.0000,-0.882560,-0.184152,-0.380180,1.390138,1.232275,0
0,1.0000,-0.095223,1.269803,-0.633074,-0.941286,-0.934363,0
0,0.1400,-0.954136,-0.184152,-0.000838,-0.469525,-0.212150,0
0,1.0000,2.624668,-0.184152,-0.633074,0.958635,1.232275,0
0,0.1700,-0.667832,-0.002408,-0.633074,0.000415,-0.212150,0
0,1.0000,1.837331,0.724569,-0.633074,-0.417337,-0.212150,0
0,1.0000,1.121570,1.996780,-0.633074,-1.210544,-1.656575,0
0,1.0000,0.763690,-0.002408,-0.633074,-0.502798,-0.212150,0
0,0.8300,-1.097288,0.542825,1.263635,0.017478,-0.212150,0
0,0.4100,-1.025712,0.906314,-0.633074,0.522411,0.510063,0
0,1.0000,-0.954136,-0.365897,-0.380180,-0.361849,-0.212150,0
0,0.2300,-1.168864,-0.184152,0.757846,1.136602,1.232275,0
0,1.0000,0.477386,0.179336,-0.633074,-1.473821,-1.656575,0
0,1.0000,-0.954136,-0.729386,0.252057,0.042706,-0.212150,0
0,1.0000,1.479451,-0.547641,1.895872,0.971050,1.232275,0
0,0.0400,0.763690,-1.274619,-0.633074,-2.080227,-1.656575,0
0,1.0000,0.692114,0.361081,-0.633074,0.384429,0.510063,0
0,0.2400,-0.095223,1.088058,-0.633074,-1.745682,-1.656575,0
0,0.0400,-0.453103,0.179336,-0.633074,0.109752,-0.212150,0
0,1.0000,-1.025712,1.088058,0.252057,1.077788,1.232275,0
0,0.2200,0.835266,0.542825,-0.633074,-0.725498,-0.212150,0
0,1.0000,0.692114,-0.365897,-0.633074,-1.007898,-0.934363,0
0,0.2700,-0.095223,1.088058,-0.633074,-0.176791,-0.212150,0
0,0.7200,-0.095223,1.088058,-0.633074,-0.176791,-0.212150,0
0,1.0000,-1.240440,0.361081,0.757846,0.090960,-0.212150,0
0,0.1600,-1.240440,0.542825,0.252057,-0.188075,-0.212150,0
0,1.0000,1.264722,-0.365897,-0.633074,0.622435,0.510063,0
0,0.6000,0.692114,0.906314,-0.633074,0.851324,0.510063,0
0,1.0000,0.477386,-0.729386,-0.633074,0.334159,0.510063,0
0,1.0000,-0.667832,0.724569,-0.633074,-0.564625,-0.212150,0
0,0.8300,-0.667832,2.542013,-0.633074,-1.394832,-1.656575,0
0,1.0000,0.548962,1.451547,-0.633074,-1.250984,-1.656575,0
0,1.0000,2.052059,-0.365897,-0.633074,-0.700029,-0.212150,0
0,0.7500,-1.025712,0.361081,-0.000838,-0.841652,-0.934363,0
0,0.3100,-1.025712,-0.002408,0.252057,-0.918310,-0.934363,0
0,1.0000,0.334233,0.361081,-0.633074,-1.279759,-1.656575,0
1,1.0000,-0.381527,-0.547641,-0.127285,-0.064776,-0.212150,0
0,0.0600,0.692114,-0.365897,-0.633074,0.077284,-0.212150,0
0,1.0000,0.047929,0.724569,-0.633074,-0.757762,-0.934363,0
0,1.0000,-0.810984,-0.911130,-0.633074,-0.351414,-0.212150,0
0,0.0300,0.548962,-0.002408,1.453306,0.634727,0.510063,0
0,1.0000,-0.954136,0.906314,-0.633074,-0.469525,-0.212150,0
0,1.0000,0.763690,1.633291,-0.633074,-1.161002,-1.656575,0
0,1.0000,-0.095223,-0.911130,-0.633074,-0.768967,-0.934363,0
0,0.3200,-1.025712,0.361081,1.010741,-1.910746,-1.656575,0
0,1.0000,0.906842,1.633291,-0.253732,1.391703,1.232275,0
0,0.8100,-0.238375,-0.184152,-0.000838,1.077788,1.232275,0
0,0.0300,1.121570,0.542825,-0.633074,-0.861488,-0.934363,0
0,0.2800,-0.739408,1.269803,-0.633074,-1.394832,-1.656575,0
0,0.2600,0.191081,0.361081,-0.633074,-1.648651,-1.656575,0
0,0.1800,-0.596256,-0.547641,0.504951,-1.185197,-1.656575,0
0,0.3200,-1.956201,0.542825,2.528108,0.627386,0.510063,0
0,0.1600,0.620538,-1.092874,-0.633074,-1.104929,-0.934363,0
0,0.1500,-0.453103,0.724569,-0.380180,-0.463113,-0.212150,0
0,0.0900,0.477386,-0.365897,-0.633074,-1.063971,-0.934363,0
0,0.1800,-0.023647,-0.002408,-0.633074,-0.254813,-0.212150,0
0,0.9500,-0.095223,0.724569,-0.633074,0.640768,0.510063,0
0,1.0000,1.479451,0.179336,-0.633074,0.246870,0.510063,0
0,0.0300,-1.168864,1.088058,0.504951,-1.007898,-0.934363,0
0,1.0000,-0.453103,1.269803,-0.633074,0.045164,-0.212150,0
0,0.2100,-0.309951,1.269803,0.504951,1.631396,1.232275,0
0,0.9000,1.264722,0.906314,-0.633074,-0.828828,-0.934363,0
0,0.4600,0.692114,1.815036,-0.633074,0.008358,-0.212150,0
0,0.2500,-0.309951,1.451547,-0.633074,1.208081,1.232275,0
0,1.0000,1.980483,2.178524,-0.633074,-1.265177,-1.656575,0
0,1.0000,0.548962,0.542825,-0.633074,0.522411,0.510063,0
0,0.1000,0.906842,1.088058,-0.569850,-0.417337,-0.212150,0
0,1.0000,-0.524680,0.724569,-0.190509,-1.376790,-1.656575,0
0,0.6300,-0.882560,-0.002408,-0.000838,1.019971,1.232275,0
0,0.2100,-1.168864,-0.365897,-0.380180,-0.174933,-0.212150,0
0,0.6000,-0.524680,-0.365897,-0.633074,0.661194,0.510063,0
0,0.0300,-0.524680,0.724569,-0.633074,-0.057291,-0.212150,0
0,0.1500,0.047929,1.088058,-0.633074,-1.376790,-1.656575,0
0,0.7800,-0.596256,-0.547641,-0.569850,0.627386,0.510063,0
0,0.4900,0.262657,1.269803,-0.633074,-0.848182,-0.934363,0
0,0.1400,0.978418,-0.547641,-0.633074,0.662733,0.510063,0
0,0.2900,0.548962,0.361081,-0.633074,-0.450516,-0.212150,0
0,0.3400,-0.381527,-0.365897,-0.633074,-1.185197,-1.656575,0
0,1.0000,1.264722,-0.911130,-0.633074,-0.549418,-0.212150,0
0,1.0000,0.835266,0.906314,-0.633074,-1.495547,-1.656575,0
0,1.0000,2.338364,1.088058,-0.633074,-1.541854,-1.656575,0
0,0.6100,0.477386,-0.002408,-0.633074,1.249586,1.232275,0
0,1.0000,2.553092,-0.729386,-0.633074,1.135655,1.232275,0
1,1.0000,0.906842,-0.184152,-0.633074,-0.184287,-0.212150,0
1,1.0000,0.692114,-0.729386,-0.633074,-0.007649,-0.212150,0
0,0.5600,0.477386,-0.547641,-0.633074,-1.342443,-1.656575,0
0,1.0000,1.049994,-0.911130,-0.633074,1.149536,1.232275,0
0,0.2100,0.191081,0.906314,1.895872,-1.172962,-1.656575,0
0,1.0000,0.906842,0.361081,-0.633074,-0.182403,-0.212150,0
0,0.9000,1.694179,0.361081,-0.633074,-0.383355,-0.212150,0
0,0.5000,0.548962,-0.365897,-0.633074,0.334159,0.510063,0
0,0.3200,0.262657,-0.729386,-0.633074,0.265835,0.510063,0
0,0.4900,0.477386,-0.729386,-0.633074,1.676607,1.232275,0
0,0.1300,-1.168864,0.724569,0.504951,-1.745682,-1.656575,0
0,1.0000,-0.166799,1.269803,-0.633074,-0.690173,-0.212150,0
0,0.4100,0.620538,-0.184152,1.579753,0.781720,0.510063,0
0,1.0000,-1.598321,1.996780,2.211990,-1.782400,-1.656575,0
0,1.0000,0.191081,-1.092874,-0.633074,-1.394832,-1.656575,0
0,0.7500,0.191081,0.906314,-0.633074,-1.541854,-1.656575,0
0,0.7500,-0.596256,-1.092874,-0.633074,-0.572394,-0.212150,0
0,0.3300,-0.309951,-0.184152,0.378504,-0.137351,-0.212150,0
0,0.1600,-1.025712,-0.002408,0.188833,-2.017543,-1.656575,0
0,0.2400,0.191081,0.179336,-0.633074,1.625512,1.232275,0
0,0.2400,-1.312016,-0.184152,1.010741,-1.126655,-1.656575,0
0,0.2400,-0.381527,-0.911130,-0.633074,-0.538291,-0.212150,0
0,0.2400,-0.166799,-0.547641,-0.633074,1.127535,1.232275,0
0,0.2400,-0.023647,-1.092874,-0.633074,-0.250521,-0.212150,0
0,0.2400,-0.453103,1.269803,-0.633074,-2.151292,-1.656575,0
0,0.2400,0.191081,0.361081,1.263635,-0.918310,-0.934363,0
0,0.2400,0.334233,-0.547641,1.326859,0.056087,-0.212150,0
0,0.2400,0.477386,-0.911130,-0.633074,-0.057291,-0.212150,0
0,0.2400,0.906842,0.361081,0.441728,0.639565,0.510063,0
0,0.2400,1.908907,1.633291,-0.633074,-1.007898,-0.934363,0
1,0.2400,0.191081,-0.911130,-0.380180,0.992776,1.232275,0
0,0.2400,-0.095223,2.542013,-0.127285,-1.172962,-1.656575,0
0,0.2400,0.477386,0.179336,-0.633074,1.127535,1.232275,0
0,0.2400,0.548962,1.088058,-0.633074,-0.647950,-0.212150,0
0,0.2400,0.548962,-0.911130,0.441728,1.127535,1.232275,0
0,0.2400,-0.095223,0.724569,-0.633074,-0.209404,-0.212150,1
0,0.2400,0.906842,-0.911130,-0.633074,1.625512,1.232275,0
0,0.2400,-0.381527,0.179336,0.252057,-1.250984,-1.656575,0
0,0.2400,-0.166799,1.451547,-0.633074,1.271577,1.232275,0
0,0.2400,0.835266,-0.002408,-0.633074,0.318983,0.510063,0
0,0.2400,0.548962,1.996780,-0.633074,0.183661,0.510063,0
0,0.2400,-0.381527,-0.729386,-0.633074,0.639565,0.510063,0
0,0.2400,0.262657,-0.002408,-0.633074,-0.973550,-0.934363,0
0,0.2400,1.121570,0.361081,-0.380180,1.209046,1.232275,0
0,0.2400,0.477386,1.088058,1.010741,0.639565,0.510063,0
0,0.2400,-1.168864,1.815036,-0.000838,2.243436,1.954488,0
0,0.2400,-0.453103,0.724569,1.010741,1.955738,1.954488,0
0,0.2400,0.477386,1.451547,-0.316956,1.186839,1.232275,0
0,0.2400,0.047929,-0.002408,-0.633074,-0.189979,-0.212150,0
0,0.2400,-0.882560,0.724569,-0.380180,1.207806,1.232275,0
0,0.2400,2.409940,1.996780,-0.633074,1.242394,1.232275,0
0,0.2400,-0.023647,0.724569,-0.633074,1.127535,1.232275,0
0,0.2400,0.692114,2.542013,-0.633074,-0.657048,-0.212150,0
0,0.2400,1.193146,0.179336,-0.633074,2.243436,1.954488,0
0,0.2400,-1.813049,1.269803,2.211990,0.623677,0.510063,0
0,0.2400,-0.023647,0.179336,-0.633074,1.631396,1.232275,0
0,0.2400,0.477386,-1.092874,-0.633074,-0.014463,-0.212150,0
0,0.2400,-0.453103,-0.547641,1.010741,0.453628,0.510063,0
0,0.2400,0.477386,-0.365897,-0.633074,-0.063270,-0.212150,0
0,0.0800,1.193146,1.269803,-0.633074,1.209046,1.232275,0
0,0.0800,-0.739408,-0.729386,-0.190509,1.676607,1.232275,0
0,0.0800,0.047929,0.724569,-0.380180,1.625512,1.232275,0
0,0.0800,-0.238375,-0.729386,-0.633074,0.351678,0.510063,0
0,0.0800,-0.882560,-0.911130,1.263635,0.639565,0.510063,0
0,0.0800,-0.453103,0.179336,-0.633074,0.354429,0.510063,0
0,0.0800,-1.097288,-1.092874,2.211990,0.776471,0.510063,0
0,0.0800,1.193146,-0.911130,-0.316956,0.522411,0.510063,0
0,0.0800,0.620538,-0.911130,-0.633074,0.016185,-0.212150,0
0,0.0800,0.262657,-0.729386,-0.633074,0.434505,0.510063,0
0,0.0800,-0.309951,1.451547,0.631399,1.625512,1.232275,0
0,0.0800,-0.739408,0.542825,0.757846,1.209046,1.232275,0
0,0.0800,0.119505,0.724569,-0.633074,-0.209404,-0.212150,0
0,0.0800,-0.739408,-0.729386,-0.569850,0.442701,0.510063,0
0,0.0800,-0.023647,-0.911130,-0.633074,-0.259140,-0.212150,0
0,0.0800,-0.667832,-0.547641,-0.380180,-0.028360,-0.212150,0
0,0.0800,0.906842,0.906314,1.579753,-1.452948,-1.656575,0
0,0.0800,0.978418,-0.547641,-0.633074,-0.024152,-0.212150,0
0,0.0800,-1.741473,-0.184152,2.211990,-0.417337,-0.212150,0
0,0.0800,-0.166799,1.269803,-0.190509,0.137267,0.510063,0
0,0.0800,0.405810,-0.911130,-0.633074,1.456715,1.232275,0
0,0.0800,-0.524680,0.724569,0.757846,0.253543,0.510063,0
0,0.0800,-1.097288,1.088058,1.010741,0.660808,0.510063,0
0,0.0800,-0.667832,-0.002408,4.108699,0.386370,0.510063,0
0,0.0800,0.405810,-0.729386,-0.380180,-0.021366,-0.212150,0
0,0.0800,-1.168864,0.542825,1.010741,1.271577,1.232275,0
0,0.0800,-1.813049,1.996780,2.211990,0.413442,0.510063,0
0,0.0800,-0.954136,1.451547,0.757846,-0.034021,-0.212150,0
0,0.0800,-0.596256,1.269803,-0.000838,0.279430,0.510063,0
0,0.0800,-1.669897,0.361081,2.211990,0.188366,0.510063,0
0,0.0800,-0.381527,0.361081,-0.633074,1.209046,1.232275,0
0,0.0800,-1.097288,1.088058,0.504951,-0.193808,-0.212150,0
0,0.0800,-1.813049,2.178524,2.528108,1.518274,1.232275,0
0,0.0800,-0.023647,-0.184152,0.504951,0.599136,0.510063,0
0,0.0800,-0.309951,-0.365897,-0.633074,-0.144308,-0.212150,0
0,0.0800,-0.453103,-0.184152,1.010741,0.639565,0.510063,0
0,0.0800,-0.381527,0.361081,-0.569850,-0.822529,-0.934363,0
0,0.0800,-1.168864,-1.092874,1.263635,-0.798056,-0.934363,0
0,0.0800,-0.309951,1.088058,-0.633074,-0.075435,-0.212150,0
0,0.0800,-1.168864,1.088058,1.895872,1.057134,1.232275,0
0,0.0800,-0.882560,1.088058,-0.190509,-0.321281,-0.212150,0
0,0.0800,-0.524680,-0.547641,-0.064061,-0.267901,-0.212150,0
0,0.0800,-0.954136,-1.092874,0.504951,-0.680497,-0.212150,0
0,0.0800,0.334233,1.633291,-0.633074,0.383131,0.510063,0
0,0.0800,-0.381527,-1.092874,-0.190509,-0.957174,-0.934363,0
0,0.0800,0.047929,1.451547,-0.633074,-0.757762,-0.934363,0
0,0.0800,1.049994,-0.365897,-0.253732,-1.084056,-0.934363,0
0,0.0800,-0.596256,0.542825,-0.000838,-0.549418,-0.212150,0
0,0.2400,1.694179,-1.092874,-0.633074,-0.338651,-0.212150,0
0,0.2400,0.262657,1.451547,-0.633074,-0.188075,-0.212150,0
0,0.2400,-1.455169,-0.547641,0.504951,0.018768,-0.212150,0
0,0.2400,0.835266,-0.365897,-0.633074,-0.848182,-0.934363,0
0,0.2400,-0.166799,-0.002408,0.568175,0.143420,0.510063,0
0,0.2400,-0.166799,-0.002408,-0.633074,-1.237160,-1.656575,1
0,0.2400,0.119505,1.269803,-0.633074,1.234973,1.232275,0
0,0.2400,1.908907,1.996780,-0.633074,-0.361849,-0.212150,0
0,0.2400,-1.240440,-0.002408,-0.000838,-0.438210,-0.212150,0
0,0.1600,-0.524680,-0.911130,-0.633074,1.127535,1.232275,0
0,0.1600,1.049994,0.179336,-0.633074,-0.643459,-0.212150,0
0,0.1600,-0.166799,1.269803,-0.633074,-1.910746,-1.656575,0
0,0.1600,0.906842,0.906314,1.073964,-0.058779,-0.212150,0
0,0.1600,0.334233,1.633291,-0.000838,-0.957174,-0.934363,0
0,0.1600,-0.667832,1.088058,-0.127285,-1.619876,-1.656575,0
0,0.1600,0.477386,2.178524,0.504951,-0.588282,-0.212150,0
0,0.1600,-0.739408,0.542825,-0.633074,-0.957174,-0.934363,0
0,0.1600,0.906842,1.451547,-0.633074,-0.364491,-0.212150,0
0,0.1600,-0.381527,-0.365897,-0.633074,1.491267,1.232275,0
0,0.2400,-0.667832,0.724569,-0.569850,0.453628,0.510063,0
0,0.2100,0.477386,-1.274619,-0.633074,0.796269,0.510063,0
0,0.0700,-0.954136,2.178524,0.757846,-1.432863,-1.656575,0
0,0.0700,0.620538,-0.184152,-0.569850,-0.450516,-0.212150,0
0,0.0700,-0.453103,-0.365897,-0.633074,-0.538291,-0.212150,0
0,0.0700,-1.025712,0.906314,1.263635,-1.054205,-0.934363,0
0,0.0700,1.264722,1.088058,-0.633074,0.639565,0.510063,0
0,0.0700,-0.810984,-0.547641,0.252057,-0.209404,-0.212150,0
0,0.0700,-0.238375,-0.911130,-0.633074,0.281794,0.510063,0
0,0.0700,0.405810,1.269803,-0.633074,0.347526,0.510063,0
0,0.0700,0.620538,-1.092874,-0.633074,1.127535,1.232275,0
0,0.0700,0.548962,0.542825,-0.633074,1.243944,1.232275,0
0,0.0700,1.407875,-0.002408,0.188833,1.243944,1.232275,1
0,0.0700,0.835266,-0.184152,1.579753,1.456715,1.232275,0
0,0.0700,0.262657,-0.911130,-0.633074,1.124961,1.232275,0
0,0.0700,0.119505,-0.911130,-0.633074,1.124961,1.232275,0
0,0.0700,-0.810984,-0.547641,1.010741,0.976619,1.232275,0
0,0.0700,0.620538,0.179336,2.907450,-0.128781,-0.212150,0
0,0.0700,0.835266,-0.184152,-0.633074,1.234973,1.232275,0
0,0.0700,-0.524680,1.269803,-0.633074,0.440372,0.510063,0
0,0.0700,0.047929,1.451547,-0.633074,0.379218,0.510063,0
0,0.0700,0.978418,-0.547641,-0.633074,-0.024152,-0.212150,0
0,0.0700,-0.739408,0.542825,0.504951,-0.584265,-0.212150,0
0,0.0700,-0.453103,-0.365897,-0.633074,0.354429,0.510063,0
0,0.0700,-1.168864,-0.729386,1.579753,0.631884,0.510063,0
0,0.0700,-1.312016,-0.729386,0.757846,-0.209404,-0.212150,0
0,0.0700,0.620538,-0.729386,-0.633074,-0.417337,-0.212150,0
0,0.0700,-0.453103,-0.911130,1.263635,0.149502,0.510063,0
0,0.0700,0.763690,-0.365897,-0.127285,-0.113694,-0.212150,0
0,0.0700,-0.524680,1.996780,-0.633074,-0.408636,-0.212150,0
0,0.0700,-0.667832,-0.365897,-0.633074,0.669605,0.510063,0
0,0.0700,-1.240440,1.269803,0.757846,-0.482586,-0.212150,0
0,0.0700,-0.810984,-0.911130,-0.000838,-0.417337,-0.212150,0
0,0.0700,-0.309951,-0.184152,-0.633074,0.639565,0.510063,0
0,0.0700,0.334233,-0.911130,-0.633074,0.639565,0.510063,0
0,0.0700,-1.240440,1.451547,0.504951,1.548287,1.232275,0
0,0.0700,0.763690,-0.911130,-0.633074,0.531339,0.510063,0
0,0.0700,-0.882560,-0.729386,0.504951,1.127535,1.232275,0
0,0.0700,-1.097288,-0.729386,1.263635,0.600433,0.510063,0
0,0.0700,0.334233,-0.002408,0.694622,-0.019978,-0.212150,0
0,0.0700,0.620538,0.179336,0.188833,1.625512,1.232275,0
0,0.0700,-1.813049,1.815036,2.528108,0.281794,0.510063,0
0,0.0700,-1.455169,1.633291,2.211990,1.625512,1.232275,0
0,0.0700,-1.097288,-0.547641,0.504951,1.625512,1.232275,0
0,0.0700,-1.312016,0.542825,0.504951,-0.453637,-0.212150,0
0,0.0700,-0.309951,-0.002408,0.757846,1.739628,1.954488,0
0,0.0700,-1.312016,1.633291,2.528108,0.639565,0.510063,0
0,0.0700,-1.312016,-0.184152,1.263635,0.270673,0.510063,0
0,0.0700,-0.667832,0.361081,-0.633074,-0.752247,-0.934363,0
0,0.0700,-0.667832,1.451547,-0.633074,1.127535,1.232275,0
0,0.0700,-0.954136,0.542825,0.757846,-0.318846,-0.212150,0
0,0.0700,-0.023647,1.269803,-0.633074,0.303362,0.510063,0
0,0.0700,1.121570,0.542825,1.579753,0.150509,0.510063,0
0,0.0700,-0.596256,0.542825,-0.000838,-0.549418,-0.212150,0
0,0.0700,-0.381527,0.542825,0.188833,0.512822,0.510063,0
0,0.1600,0.763690,-0.365897,-0.633074,1.222234,1.232275,0
0,0.1600,-0.238375,1.088058,-0.633074,0.397871,0.510063,0
0,0.1500,-0.238375,0.724569,-0.633074,0.386370,0.510063,0
0,0.2200,-0.453103,-0.365897,-0.569850,1.625512,1.232275,0
0,0.2400,-0.596256,-0.547641,0.757846,0.464334,0.510063,0
0,0.0800,-0.524680,1.088058,-0.633074,1.145363,1.232275,0
0,0.0800,0.548962,0.542825,-0.633074,-2.818011,-1.656575,0
0,0.0800,-0.524680,1.633291,-0.190509,0.976619,1.232275,0
0,0.0800,1.049994,-1.274619,-0.633074,-1.394832,-1.656575,0
0,0.0800,0.548962,-0.911130,0.125610,0.239261,0.510063,0
0,0.0800,1.407875,1.088058,-0.633074,0.056087,-0.212150,0
0,0.0800,1.336299,-0.729386,-0.633074,0.464334,0.510063,0
0,0.0800,0.191081,1.451547,-0.190509,-0.957174,-0.934363,0
0,0.0800,-0.238375,-1.092874,-0.633074,0.600433,0.510063,0
0,0.0800,-1.097288,0.724569,1.263635,1.242394,1.232275,0
0,0.1600,-1.097288,0.724569,0.757846,0.619942,0.510063,0
0,0.1200,-0.309951,1.451547,0.252057,0.639565,0.510063,0
0,0.1600,-0.381527,0.906314,0.757846,1.392776,1.232275,0
0,0.1100,-0.453103,2.360269,0.378504,-0.630209,-0.212150,0
0,0.1000,0.692114,-1.274619,-0.633074,1.271577,1.232275,0
0,0.1600,-0.810984,1.451547,-0.633074,0.468225,0.510063,0
0,0.0900,-0.596256,0.906314,1.579753,0.639565,0.510063,0
0,0.0800,0.548962,-0.547641,-0.633074,-0.848182,-0.934363,0
0,0.0800,-0.596256,0.179336,-0.569850,0.906830,1.232275,0
0,0.0800,-0.381527,0.724569,-0.633074,0.522411,0.510063,0
0,0.0800,-1.168864,0.906314,1.579753,-0.209404,-0.212150,0
0,0.0800,-0.023647,-0.547641,-0.633074,-1.172962,-1.656575,0
0,0.0800,0.477386,1.451547,-0.633074,0.482971,0.510063,0
0,0.0800,-0.739408,2.723758,0.125610,1.127535,1.232275,0
0,0.0800,-0.739408,-0.729386,-0.633074,-0.592329,-0.212150,1
0,0.0800,-0.739408,1.269803,0.441728,-1.197720,-1.656575,0
0,0.0800,-0.596256,0.542825,-0.633074,0.593914,0.510063,0
0,0.0800,-0.453103,-0.911130,-0.316956,-0.822529,-0.934363,0
0,0.0800,0.191081,-1.092874,-0.633074,0.669605,0.510063,0
0,0.0800,0.548962,-0.184152,-0.633074,-0.063270,-0.212150,0
0,0.0800,0.262657,-0.365897,-0.633074,1.124961,1.232275,0
0,0.0800,0.262657,1.269803,-0.633074,-1.821840,-1.656575,0
0,0.0800,-0.882560,1.451547,-0.190509,-0.600517,-0.212150,0
0,0.0800,-0.166799,0.361081,-0.633074,0.256849,0.510063,0
0,0.0800,-1.168864,-0.547641,0.504951,-0.338651,-0.212150,0
0,0.0800,-0.882560,0.361081,1.010741,1.209046,1.232275,0
0,0.0800,-0.524680,1.088058,0.757846,0.639565,0.510063,0
0,0.0800,0.906842,0.361081,-0.633074,-0.209404,-0.212150,0
0,0.0800,-0.381527,1.088058,-0.633074,1.124961,1.232275,0
0,0.0800,-0.166799,-0.729386,-0.633074,0.727760,0.510063,0
0,0.0800,-0.095223,-0.365897,-0.000838,1.191981,1.232275,0
0,0.0800,0.477386,0.179336,-0.633074,-1.648651,-1.656575,0
0,0.0800,1.765755,-1.092874,-0.633074,1.242394,1.232275,0
0,0.0800,-0.524680,0.542825,0.504951,0.639565,0.510063,0
0,0.0800,-1.312016,0.542825,0.821070,0.825924,0.510063,0
0,0.0800,-0.453103,-0.365897,-0.633074,-0.715164,-0.212150,0
0,0.0800,-1.168864,-0.547641,-0.000838,0.435683,0.510063,0
0,0.0800,-0.596256,0.906314,1.010741,1.127535,1.232275,0
0,0.0800,-1.383592,-0.002408,1.579753,0.021339,-0.212150,0
0,0.0800,-0.238375,-0.184152,-0.633074,1.025830,1.232275,0
0,0.0800,1.551027,2.178524,-0.633074,0.016185,-0.212150,0
0,0.0800,0.262657,1.451547,-0.633074,-0.647950,-0.212150,0
0,0.0800,-1.168864,-0.184152,1.263635,0.860147,1.232275,0
0,0.0800,1.980483,-1.092874,-0.633074,0.639565,0.510063,0
0,0.0800,-1.240440,1.451547,0.504951,1.020952,1.232275,0
0,0.0800,1.694179,1.633291,-0.633074,1.271577,1.232275,0
0,0.0800,-0.596256,0.542825,-0.190509,-1.137859,-1.656575,0
0,0.0800,-0.667832,-0.002408,1.579753,1.242394,1.232275,0
0,0.0800,-1.240440,-1.092874,0.504951,0.540603,0.510063,0
0,0.0800,-0.095223,-1.092874,-0.190509,-0.957174,-0.934363,0
0,0.0800,-0.453103,-0.547641,-0.190509,1.271577,1.232275,0
0,0.0800,-0.954136,-0.729386,1.895872,0.115155,-0.212150,0
0,0.0800,-1.312016,0.361081,0.504951,0.215758,0.510063,0
0,0.0800,-0.954136,1.996780,1.579753,0.771482,0.510063,0
0,0.0800,-1.168864,-0.729386,1.010741,1.544343,1.232275,0
0,0.0800,-0.238375,0.724569,-0.633074,-0.835201,-0.934363,0
0,0.0800,0.191081,-0.365897,2.528108,-0.209404,-0.212150,0
0,0.0800,-1.312016,1.633291,2.528108,0.639565,0.510063,0
0,0.0800,-0.667832,-0.002408,-0.000838,1.223576,1.232275,0
0,0.0800,-0.810984,-1.092874,-0.633074,-0.752247,-0.934363,0
0,0.0800,0.191081,-1.092874,-0.633074,0.128952,0.510063,0
0,0.0800,-1.025712,1.451547,2.528108,-0.741386,-0.934363,0
0,0.0800,-1.240440,1.088058,0.504951,1.234973,1.232275,0
0,0.0800,0.620538,-0.184152,-0.633074,0.073809,-0.212150,0
0,0.0700,-1.168864,-0.184152,0.504951,0.192101,0.510063,0
0,0.0700,-0.238375,0.179336,-0.633074,1.186839,1.232275,0
0,0.1200,0.477386,-1.274619,-0.633074,-1.016843,-0.934363,0
1,0.0500,-0.739408,1.088058,0.504951,1.209046,1.232275,0
0,0.1600,-1.168864,-1.274619,-0.000838,-1.044616,-0.934363,0
0,0.1500,0.191081,1.451547,-0.316956,1.127535,1.232275,0
0,0.0500,0.692114,0.179336,-0.633074,-1.592578,-1.656575,0
0,0.0300,-1.813049,-0.547641,2.211990,0.188366,0.510063,0
0,0.0300,0.047929,-0.547641,-0.633074,-1.115681,-1.656575,0
0,0.0800,-0.453103,-0.547641,-0.633074,0.176044,0.510063,0
0,0.2400,-1.097288,0.724569,0.757846,1.500184,1.232275,0
0,0.2000,-1.025712,0.906314,-0.190509,1.392776,1.232275,0
0,0.0400,-0.453103,0.179336,1.263635,-0.875135,-0.934363,0
0,0.7100,-0.453103,-0.547641,-0.633074,2.243436,1.954488,0
0,0.1200,0.191081,-0.547641,-0.633074,1.503994,1.232275,0
0,0.1200,0.334233,0.542825,-0.633074,1.078141,1.232275,0
0,0.1300,-0.381527,-0.911130,0.504951,-0.209404,-0.212150,0
0,0.2000,-0.238375,-0.365897,-0.633074,-0.432162,-0.212150,0
0,0.2000,1.622603,0.361081,-0.633074,0.004401,-0.212150,0
0,0.2800,0.978418,-0.547641,-0.633074,-0.657048,-0.212150,0
0,0.7100,0.906842,-1.092874,-0.633074,1.271577,1.232275,0
0,0.2800,-0.166799,-0.911130,-0.569850,-0.097417,-0.212150,0
0,0.2800,0.477386,-0.547641,0.125610,-0.239940,-0.212150,0
2,0.7100,-0.309951,0.179336,0.757846,0.386370,0.510063,0
0,0.2800,0.334233,-0.547641,-0.633074,0.118371,-0.212150,0
0,0.5400,0.906842,-1.092874,-0.633074,0.344041,0.510063,0
0,0.5400,0.047929,-0.547641,-0.633074,-0.295083,-0.212150,0
0,0.4500,-0.238375,-0.547641,-0.569850,1.384525,1.232275,0
0,0.4500,0.047929,0.542825,-0.633074,-1.821840,-1.656575,0
0,0.4500,0.119505,-0.547641,-0.633074,-0.768967,-0.934363,0
0,0.2600,-0.095223,-0.547641,-0.633074,-0.918310,-0.934363,0
0,0.4600,0.620538,-0.547641,-0.633074,0.127903,0.510063,0
0,0.4600,-0.667832,-0.365897,-0.633074,0.851863,0.510063,0
0,0.4600,-0.667832,-0.002408,-0.633074,0.686407,0.510063,0
0,0.4600,-0.667832,-1.274619,-0.633074,1.704728,1.232275,0
0,0.5300,1.121570,-0.547641,-0.633074,0.789953,0.510063,0
0,0.6200,-1.312016,-0.547641,1.263635,-0.903526,-0.934363,0
0,0.6200,0.835266,-0.547641,-0.633074,-0.386106,-0.212150,0
0,0.0900,2.195212,-1.274619,0.821070,0.676764,0.510063,0
0,0.3700,0.191081,-0.547641,-0.633074,-1.518197,-1.656575,0
0,0.6200,0.763690,-0.547641,-0.633074,-0.990447,-0.934363,0
0,0.7000,-0.238375,-0.547641,-0.633074,1.597600,1.232275,0
0,0.2900,-0.023647,-0.002408,-0.633074,-0.903526,-0.934363,0
0,0.7000,1.049994,-1.092874,-0.633074,1.676607,1.232275,0
0,0.2700,-0.739408,-0.547641,-0.190509,-0.502798,-0.212150,0
0,0.7800,-0.095223,-0.547641,-0.633074,0.256024,0.510063,0
0,0.7000,-1.168864,-0.002408,0.188833,0.976619,1.232275,0
0,0.2100,2.409940,-0.547641,-0.633074,1.517503,1.232275,0
0,0.1600,-0.453103,-0.002408,-0.633074,0.027713,-0.212150,0
0,0.2100,1.336299,-0.911130,-0.506627,1.844125,1.954488,0
0,0.8700,-1.097288,0.179336,-0.316956,-0.625864,-0.212150,0
0,0.1200,1.264722,-0.547641,-0.633074,0.595224,0.510063,0
0,0.6000,-1.312016,-0.547641,1.263635,-0.435178,-0.212150,0
0,0.6200,0.835266,-1.274619,-0.633074,-0.774659,-0.934363,0
0,0.5300,-0.309951,-1.092874,-0.633074,0.807218,0.510063,0
0,0.0300,1.980483,1.451547,-0.633074,-1.376790,-1.656575,0
0,0.1200,0.047929,-0.547641,-0.633074,1.127535,1.232275,0
0,0.8700,0.191081,-0.547641,-0.633074,0.137267,0.510063,0
0,0.1200,-0.596256,-0.365897,-0.633074,1.344017,1.232275,0
0,0.9000,0.620538,-1.092874,-0.633074,1.189130,1.232275,0
0,0.9500,-0.810984,-0.547641,-0.190509,1.092042,1.232275,0
0,0.0400,1.049994,-0.365897,-0.633074,0.676764,0.510063,0
0,0.0400,2.481516,-0.547641,-0.633074,-0.244148,-0.212150,0
0,0.9500,1.765755,0.179336,-0.633074,-0.359221,-0.212150,0
0,0.0300,1.479451,-0.547641,-0.633074,-0.835201,-0.934363,0
0,0.9600,2.338364,-0.729386,0.125610,1.009660,1.232275,0
0,0.2800,0.047929,-0.729386,-0.633074,-0.356606,-0.212150,0
0,0.0300,-0.596256,-0.002408,-0.633074,-1.711335,-1.656575,0
0,0.7800,0.835266,-1.274619,-0.633074,1.057134,1.232275,0
0,0.1200,-0.882560,-0.729386,-0.190509,0.280219,0.510063,0
0,0.1200,0.334233,-0.729386,-0.633074,0.318983,0.510063,0
0,0.8700,0.906842,-0.729386,-0.633074,-0.774659,-0.934363,0
0,0.1300,-1.025712,-1.274619,-0.569850,1.319981,1.232275,0
1,0.7100,-0.166799,0.542825,-0.000838,0.307872,0.510063,0
0,0.0900,0.405810,-0.911130,-0.633074,0.791765,0.510063,0
0,0.2000,1.479451,-0.729386,-0.633074,1.191981,1.232275,0
0,0.2000,-1.097288,-0.729386,0.757846,0.185548,0.510063,0
0,0.3000,0.477386,-0.547641,-0.633074,-1.094390,-0.934363,0
1,0.7500,0.477386,-0.729386,-0.633074,-1.054205,-0.934363,0
0,0.2800,0.119505,-0.184152,-0.569850,-0.087885,-0.212150,0
0,0.7900,-0.882560,0.542825,0.252057,1.105756,1.232275,0
0,0.7100,0.548962,-0.729386,-0.569850,1.484337,1.232275,0
0,0.2800,0.047929,-0.729386,-0.000838,0.927554,1.232275,0
0,0.2800,0.047929,-0.729386,-0.633074,1.319981,1.232275,0
0,0.7100,-0.524680,-0.729386,1.579753,1.502092,1.232275,0
0,0.7100,-0.453103,-0.729386,-0.633074,-1.326066,-1.656575,0
0,0.1200,0.047929,-0.729386,-0.633074,0.108665,-0.212150,0
0,0.2000,-0.882560,-0.729386,-0.190509,0.704119,0.510063,0
0,0.3600,-0.095223,-0.729386,-0.633074,0.846177,0.510063,0
0,0.4500,-0.739408,0.542825,1.579753,-1.745682,-1.656575,0
0,0.6300,1.049994,-0.729386,-0.506627,-1.821840,-1.656575,0
0,0.5400,-0.095223,-0.729386,-0.633074,1.357101,1.232275,0
0,0.4500,1.049994,-0.729386,-0.633074,-1.265177,-1.656575,0
0,0.0700,-0.596256,-1.092874,-0.190509,0.850785,0.510063,0
0,0.1800,0.978418,-0.729386,-0.633074,2.243436,1.954488,0
0,0.4500,-1.312016,0.179336,1.895872,1.124961,1.232275,0
0,0.4500,-0.524680,-0.729386,-0.380180,-0.080070,-0.212150,0
0,0.4500,1.551027,-0.911130,-0.633074,-0.199603,-0.212150,0
0,0.5400,-0.453103,-0.729386,-0.633074,-0.149586,-0.212150,0
0,0.4500,0.620538,-0.729386,-0.316956,1.191981,1.232275,0
0,0.5300,-0.166799,-0.547641,-0.633074,-0.896285,-0.934363,0
0,0.4600,0.906842,-0.729386,-0.633074,1.437261,1.232275,0
0,0.4600,0.763690,-0.729386,-0.633074,1.625512,1.232275,0
0,0.2500,0.405810,-1.274619,0.315280,0.995045,1.232275,0
0,0.6200,0.119505,0.179336,-0.633074,-0.621555,-0.212150,0
0,0.3700,0.692114,-0.729386,-0.633074,1.223576,1.232275,0
0,0.7000,2.195212,-1.092874,-0.633074,-0.304461,-0.212150,0
0,0.7000,0.763690,-1.092874,-0.380180,1.092042,1.232275,0
0,0.7000,0.763690,-0.729386,-0.633074,0.240111,0.510063,0
0,0.2200,-1.455169,-1.274619,1.895872,-0.055806,-0.212150,0
0,0.2100,-1.455169,-0.547641,1.579753,1.465289,1.232275,0
0,0.0500,-0.667832,-0.184152,0.252057,-0.364491,-0.212150,0
0,0.2000,1.407875,-0.729386,-0.380180,1.493289,1.232275,0
0,0.1200,-1.741473,0.542825,1.579753,0.277056,0.510063,0
0,0.8700,0.405810,-0.729386,-0.633074,-1.432863,-1.656575,0
0,0.0200,0.477386,-0.729386,-0.633074,2.150387,1.954488,0
0,0.0400,-1.168864,-0.002408,1.579753,-1.745682,-1.656575,0
0,0.0400,-0.810984,0.179336,0.694622,-0.889141,-0.934363,0
0,0.0400,1.407875,-0.729386,-0.633074,-1.541854,-1.656575,0
0,0.9500,-1.455169,-0.729386,2.528108,-1.782400,-1.656575,0
0,0.9500,-0.166799,-0.911130,-0.633074,-1.432863,-1.656575,0
0,0.5700,0.405810,-0.184152,-0.633074,-0.981932,-0.934363,0
0,0.9500,2.052059,-0.729386,0.441728,-2.151292,-1.656575,0
0,0.0300,-1.455169,0.361081,1.010741,0.687509,0.510063,0
0,0.6900,0.906842,-0.729386,-0.633074,-1.413508,-1.656575,0
0,0.0300,2.553092,-0.729386,-0.633074,1.024469,1.232275,0
0,0.0300,2.123635,-0.729386,-0.633074,-0.125391,-0.212150,0
0,0.9600,-1.025712,-0.547641,-0.000838,1.124961,1.232275,0
0,0.9600,-1.240440,-0.911130,0.757846,-0.414421,-0.212150,0
0,0.8700,0.119505,-0.911130,-0.569850,0.714330,0.510063,0
0,0.1100,2.624668,-0.911130,-0.633074,1.150766,1.232275,0
0,0.3000,-0.810984,-0.547641,-0.000838,-0.780413,-0.934363,0
0,0.8700,1.622603,-0.911130,-0.633074,-1.294751,-1.656575,0
0,0.1700,-0.453103,-1.274619,1.579753,0.127903,0.510063,0
0,0.1700,0.262657,-1.092874,-0.633074,0.872467,1.232275,0
0,0.7700,-0.238375,-0.911130,0.125610,-0.209404,-0.212150,0
0,0.0300,-1.097288,-0.911130,0.441728,0.623677,0.510063,0
0,0.2000,-1.383592,-0.911130,1.895872,-0.151357,-0.212150,0
0,0.2000,1.407875,0.542825,-0.633074,-1.432863,-1.656575,0
0,0.0300,0.047929,-0.911130,-0.633074,-1.326066,-1.656575,0
0,0.0300,-0.954136,-0.184152,-0.380180,1.180050,1.232275,0
0,0.7900,-1.025712,-0.547641,-0.569850,0.104294,-0.212150,0
1,0.2000,-0.739408,-0.002408,-0.633074,-1.250984,-1.656575,0
0,0.2000,-0.095223,-0.911130,-0.633074,1.135339,1.232275,0
0,0.2800,-0.596256,-0.729386,-0.569850,-1.566612,-1.656575,0
0,0.2800,0.477386,-0.911130,-0.443403,0.661194,0.510063,0
0,0.2800,-0.453103,-0.911130,-0.633074,1.207668,1.232275,0
0,0.1800,-0.166799,-0.911130,-0.190509,0.546851,0.510063,0
0,0.2800,-0.739408,-0.911130,0.757846,1.162914,1.232275,0
0,0.1600,-0.238375,-0.547641,1.959095,1.172289,1.232275,0
0,0.2800,-0.739408,-0.184152,0.252057,0.319716,0.510063,0
0,0.6300,0.620538,-0.547641,-0.633074,0.579733,0.510063,0
0,0.4700,-1.168864,0.179336,0.757846,1.090668,1.232275,0
0,0.0500,-0.238375,-1.274619,-0.633074,-0.657048,-0.212150,0
0,0.6300,-0.453103,-1.092874,-0.633074,-0.115349,-0.212150,0
0,0.3600,-0.166799,-0.911130,-0.633074,0.600433,0.510063,0
0,0.4500,0.262657,0.361081,-0.633074,1.204622,1.232275,1
0,0.2800,-0.023647,-0.911130,0.504951,0.260134,0.510063,0
0,0.0300,0.692114,-1.274619,-0.633074,2.243436,1.954488,0
0,0.2400,0.405810,-0.729386,-0.633074,-0.057291,-0.212150,0
0,0.4500,1.407875,-0.911130,-0.633074,-0.792110,-0.934363,0
0,0.5400,-0.095223,-0.911130,-0.633074,-0.541974,-0.212150,0
0,0.3000,-0.453103,-1.092874,-0.633074,1.035835,1.232275,0
0,0.4200,0.119505,-0.547641,-0.633074,-0.990447,-0.934363,0
0,0.5400,-0.667832,-0.911130,-0.253732,-0.246264,-0.212150,0
0,0.5400,-0.524680,-0.911130,2.211990,2.243436,1.954488,0
0,0.5400,-1.312016,-1.274619,1.579753,0.281794,0.510063,0
0,0.0700,-1.312016,-0.911130,0.252057,0.256024,0.510063,0
0,0.6400,0.548962,-1.092874,-0.633074,0.700909,0.510063,0
0,0.3600,1.407875,-1.092874,1.579753,-1.172962,-1.656575,0
0,0.1500,-0.667832,-0.547641,2.211990,1.136602,1.232275,0
0,0.3800,-0.524680,-1.092874,0.125610,-1.679070,-1.656575,0
0,0.6100,0.906842,-1.092874,-0.633074,0.406647,0.510063,0
0,0.0700,-0.524680,-1.092874,-0.633074,-1.566612,-1.656575,0
0,0.3900,0.262657,-1.092874,-0.633074,0.254371,0.510063,0
0,0.5900,1.193146,-1.092874,-0.633074,-1.279759,-1.656575,0
0,0.5900,-0.739408,-1.092874,0.378504,0.623677,0.510063,0
0,0.5900,1.479451,-1.092874,-0.633074,1.319981,1.232275,0
0,0.0200,-0.954136,-1.092874,1.010741,1.982404,1.954488,0
0,0.1000,-1.168864,-1.274619,0.504951,-1.007898,-0.934363,0
0,0.4200,-0.739408,-1.092874,-0.569850,-0.274567,-0.212150,0
0,0.4200,0.835266,-1.092874,1.769424,-1.210544,-1.656575,0
0,0.5500,1.551027,-1.092874,-0.633074,-0.081624,-0.212150,0
0,0.5500,0.906842,-1.092874,-0.633074,0.182715,0.510063,0
0,0.4500,-1.312016,-1.092874,1.895872,-0.217378,-0.212150,0
0,0.5200,-1.025712,0.542825,0.757846,-0.029769,-0.212150,0
0,0.4500,1.193146,-1.092874,0.504951,-2.449119,-1.656575,0
0,0.4600,-0.023647,-1.092874,0.504951,1.180050,1.232275,0
0,0.5100,-0.524680,-0.911130,-0.633074,-1.592578,-1.656575,0
0,0.4800,0.763690,-1.092874,-0.316956,1.131371,1.232275,0
0,0.5000,0.763690,-0.911130,-0.633074,-0.499376,-0.212150,0
0,0.5000,0.835266,-0.002408,-0.190509,1.183960,1.232275,0
0,0.4800,-1.025712,0.361081,0.441728,0.386370,0.510063,0
0,0.4400,1.479451,-1.092874,-0.633074,0.800142,0.510063,0
0,0.4700,-0.309951,-1.092874,-0.633074,-0.999101,-0.934363,0
0,0.5300,-0.739408,0.361081,-0.633074,1.311306,1.232275,0
0,0.1700,-1.455169,-1.092874,1.579753,-0.213376,-0.212150,0
0,0.0300,-0.023647,-1.274619,-0.633074,1.739628,1.954488,0
0,0.1900,1.980483,-1.092874,-0.633074,1.653706,1.232275,0
0,0.5700,2.123635,-1.092874,-0.633074,0.846177,0.510063,0
0,0.5600,0.477386,-1.092874,-0.633074,0.290371,0.510063,0
0,0.4200,-0.381527,-1.092874,-0.633074,-0.295083,-0.212150,0
0,0.5700,-1.025712,-0.184152,0.252057,-0.217378,-0.212150,0
0,0.1500,-0.954136,-1.092874,1.010741,0.955319,1.232275,0
0,0.1400,-1.598321,-0.365897,2.528108,0.311602,0.510063,0
0,0.5900,-1.025712,-0.911130,-0.380180,-0.450516,-0.212150,0
0,0.5800,-1.025712,-1.092874,1.010741,2.243436,1.954488,0
0,0.4700,0.692114,-1.092874,-0.633074,1.110747,1.232275,0
0,0.4000,0.405810,-1.092874,1.263635,0.318983,0.510063,0
0,0.6000,-0.882560,0.542825,1.579753,-0.417337,-0.212150,0
0,0.3800,0.692114,-0.729386,-0.633074,0.741855,0.510063,0
0,0.6100,0.692114,-1.092874,1.579753,-1.197720,-1.656575,0
0,0.3600,-0.596256,-1.092874,1.010741,1.686634,1.232275,0
0,0.3600,-0.810984,-0.547641,0.188833,1.127535,1.232275,0
0,0.4600,-0.453103,-1.092874,-0.633074,0.573408,0.510063,0
0,0.0200,0.692114,-1.092874,-0.633074,-1.359339,-1.656575,0
0,0.2400,-0.524680,-0.547641,-0.633074,0.623677,0.510063,0
0,0.7100,-0.238375,-1.092874,-0.633074,-0.127083,-0.212150,0
0,0.7400,-1.312016,-1.092874,1.895872,0.624503,0.510063,0
0,0.0400,-0.667832,-0.365897,0.188833,-0.848182,-0.934363,0
0,0.2500,-0.238375,-1.274619,-0.633074,-0.100633,-0.212150,0
0,0.2500,1.121570,-1.092874,-0.633074,-0.326186,-0.212150,0
1,0.7700,-1.312016,0.542825,1.579753,-1.237160,-1.656575,0
0,0.0800,-0.095223,0.542825,-0.633074,-1.961470,-1.656575,0
0,0.2000,0.191081,-1.092874,-0.633074,0.386370,0.510063,0
0,0.1700,-0.882560,-0.729386,0.252057,0.704119,0.510063,0
0,0.4800,-1.526745,-1.092874,1.010741,-0.213376,-0.212150,0
0,0.8300,-0.309951,-1.092874,0.252057,-0.007649,-0.212150,0
0,0.8300,0.334233,0.179336,-0.633074,-0.841652,-0.934363,0
0,0.4800,-0.954136,-0.365897,-0.190509,1.077436,1.232275,0
0,0.7900,-1.312016,-0.911130,2.211990,0.115155,-0.212150,0
0,0.1200,0.191081,-1.092874,0.504951,1.385810,1.232275,0
0,0.1200,-0.095223,-1.092874,-0.633074,0.759764,0.510063,0
0,0.1200,0.620538,-0.911130,-0.633074,0.211290,0.510063,0
0,0.8800,1.193146,-1.092874,-0.633074,-0.014463,-0.212150,0
0,0.2100,0.692114,-0.911130,-0.633074,-1.073918,-0.934363,0
0,0.1100,0.191081,-0.911130,-0.633074,-1.310178,-1.656575,0
0,0.1000,0.906842,-1.092874,-0.633074,2.243436,1.954488,0
0,0.3100,0.405810,-1.092874,-0.633074,-1.432863,-1.656575,0
0,0.9000,1.121570,-1.092874,-0.316956,0.585984,0.510063,0
0,0.9200,-0.309951,-0.729386,-0.633074,0.947501,1.232275,0
0,0.2700,-0.453103,0.179336,-0.380180,-1.394832,-1.656575,0
0,0.0700,-0.095223,-0.729386,-0.633074,-1.185197,-1.656575,0
0,0.0600,-1.240440,-1.092874,0.757846,-1.452948,-1.656575,0
0,0.0200,-1.097288,-1.092874,-0.190509,1.208081,1.232275,0
0,0.0500,-0.095223,-1.092874,1.010741,1.271577,1.232275,0
0,0.0400,0.692114,-1.092874,-0.633074,1.539038,1.232275,0
0,0.0400,0.477386,0.361081,-0.633074,-0.634589,-0.212150,0
0,0.0400,0.620538,-1.092874,-0.633074,-1.619876,-1.656575,0
0,0.0500,-0.453103,-1.092874,1.579753,0.687509,0.510063,0
0,0.0300,2.123635,-1.274619,-0.633074,0.090960,-0.212150,0
0,0.1000,-0.023647,-0.911130,1.579753,1.138335,1.232275,0
0,0.0900,2.338364,-1.274619,-0.633074,-1.104929,-1.656575,0
0,0.3900,0.047929,-1.274619,1.263635,1.145363,1.232275,0
0,0.7500,0.191081,-0.729386,0.441728,1.265793,1.232275,0
0,0.8700,1.622603,-1.274619,-0.633074,0.283364,0.510063,0
0,0.8600,0.763690,-0.547641,-0.633074,1.124961,1.232275,0
0,0.0400,-0.882560,-1.092874,0.504951,0.846177,0.510063,0
0,0.3000,-0.739408,-1.274619,1.263635,1.566739,1.232275,0
0,0.2800,-1.383592,-1.092874,1.010741,-0.572394,-0.212150,0
0,0.1200,-0.739408,-1.274619,-0.000838,1.390138,1.232275,0
0,0.0400,0.906842,-1.274619,-0.633074,1.431945,1.232275,0
0,0.2700,0.047929,-1.274619,-0.633074,1.597600,1.232275,0
0,0.7900,-0.882560,-0.365897,2.528108,0.595224,0.510063,0
0,0.7800,1.407875,-1.274619,-0.633074,-0.752247,-0.934363,0
0,0.0300,0.763690,-0.911130,-0.633074,2.243436,1.954488,0
0,0.0600,-1.455169,-1.274619,1.579753,0.081882,-0.212150,0
1,0.7700,-0.238375,-1.092874,-0.633074,0.420758,0.510063,0
0,0.0300,-1.097288,-1.092874,1.895872,2.243436,1.954488,0
0,0.4200,-0.453103,-1.274619,-0.633074,-0.861488,-0.934363,0
0,0.6500,0.548962,-1.274619,-0.633074,-0.004947,-0.212150,0
0,0.0700,0.906842,-1.274619,-0.253732,0.597401,0.510063,0
0,0.7100,-0.739408,-1.092874,-0.569850,1.191981,1.232275,0
0,0.0500,1.765755,-1.274619,-0.633074,0.953320,1.232275,0
0,0.5900,1.980483,-1.274619,-0.633074,0.669605,0.510063,0
0,0.6800,-0.453103,-1.274619,0.821070,-0.715164,-0.212150,0
0,0.0800,-1.383592,0.542825,0.504951,0.686407,0.510063,0
0,0.5600,-1.526745,-1.274619,1.895872,-0.531001,-0.212150,0
0,0.6400,0.477386,-1.274619,-0.633074,0.492580,0.510063,0
0,0.1900,-0.596256,-1.092874,-0.190509,0.423174,0.510063,0
0,0.1200,1.908907,-1.274619,-0.633074,0.158498,0.510063,0
0,0.5400,-0.739408,0.361081,2.211990,1.715254,1.954488,0
0,0.5400,-0.023647,-1.274619,-0.633074,-0.343719,-0.212150,0
0,0.5000,-0.524680,-1.274619,-0.000838,-0.715164,-0.212150,0
0,0.5200,-1.025712,-1.274619,-0.380180,0.128952,0.510063,0
0,0.2600,0.334233,-1.274619,-0.633074,-0.854794,-0.934363,0
0,0.1100,-0.453103,-1.274619,-0.633074,2.243436,1.954488,0
2,0.4700,0.620538,-1.274619,-0.633074,-0.608833,-0.212150,0
0,0.0600,-1.168864,-0.729386,0.757846,1.954992,1.954488,0
0,0.0900,-1.097288,-1.092874,1.010741,-1.566612,-1.656575,0
0,0.5200,-1.097288,-1.274619,0.757846,1.272800,1.232275,0
0,0.1800,0.620538,-0.911130,-0.633074,-0.057291,-0.212150,0
0,0.3900,0.191081,-1.274619,-0.633074,-0.081624,-0.212150,0
0,0.4800,-0.023647,-1.274619,-0.633074,-0.351414,-0.212150,0
0,0.3800,-0.524680,-1.274619,-0.000838,0.567007,0.510063,0
0,0.0500,-0.166799,-1.274619,1.010741,2.243436,1.954488,0
0,0.0300,0.191081,-1.274619,-0.633074,2.243436,1.954488,0
0,0.4400,0.763690,-0.184152,-0.633074,-0.560782,-0.212150,0
0,0.3400,0.047929,-1.274619,0.504951,0.285710,0.510063,0
0,0.0900,2.195212,-1.274619,-0.633074,-0.576322,-0.212150,0
0,0.0300,2.481516,-1.274619,-0.633074,1.124961,1.232275,0
0,0.3500,-0.524680,-1.274619,-0.633074,-0.568495,-0.212150,0
0,0.0800,-0.238375,-0.547641,-0.633074,-0.804070,-0.934363,0
0,0.3100,1.908907,-1.274619,-0.633074,-0.957174,-0.934363,0
0,0.3700,-0.524680,1.451547,2.528108,-0.229566,-0.212150,0
0,0.0300,1.551027,-1.274619,1.895872,-1.518197,-1.656575,0
0,0.2700,0.548962,-1.274619,-0.633074,0.467116,0.510063,0
0,0.3500,-1.312016,1.451547,0.252057,-0.560782,-0.212150,0
0,0.3200,-0.166799,-0.911130,3.286792,0.386370,0.510063,0
0,0.1500,-1.097288,-1.274619,0.757846,0.398503,0.510063,0
0,0.2900,-0.166799,-1.274619,-0.633074,1.382939,1.232275,0
0,0.0600,-1.813049,-1.274619,2.528108,1.723067,1.954488,0
0,0.0400,-0.095223,-1.274619,-0.633074,1.686634,1.232275,0
0,0.0400,0.119505,-1.274619,-0.633074,1.123670,1.232275,0
0,0.2300,-0.524680,-0.911130,-0.633074,0.386370,0.510063,0
0,0.2300,1.765755,-1.274619,-0.633074,0.315305,0.510063,0
0,0.0500,1.551027,-1.274619,-0.633074,-0.018594,-0.212150,0
0,0.0700,-0.882560,-1.274619,-0.633074,0.637151,0.510063,0
0,0.1800,-1.025712,-0.184152,1.579753,-0.426183,-0.212150,0
0,0.1100,0.477386,-1.274619,1.263635,2.243436,1.954488,0
0,0.0500,1.622603,-1.274619,-0.633074,1.191981,1.232275,0
0,0.0600,0.477386,-1.274619,-0.633074,0.261769,0.510063,0
0,0.0800,0.262657,-1.274619,-0.633074,0.617019,0.510063,0
0,0.1500,0.906842,-1.274619,-0.633074,-1.782400,-1.656575,0
0,0.0200,1.049994,-1.274619,-0.633074,-0.276808,-0.212150,0
0,0.1000,-1.455169,-0.911130,1.895872,-1.473821,-1.656575,0
0,0.0400,-0.596256,-1.274619,2.211990,-0.492596,-0.212150,0
0,0.1000,-1.025712,1.451547,1.010741,-2.151292,-1.656575,0
0,0.0700,-1.741473,-0.365897,2.528108,-1.310178,-1.656575,0
0,0.0700,-0.810984,-1.274619,-0.569850,-0.064776,-0.212150,0
0,0.0600,1.121570,-1.274619,-0.633074,1.384525,1.232275,0
0,0.0600,0.620538,-1.274619,-0.633074,0.226332,0.510063,0
0,0.0500,-1.097288,-0.911130,1.263635,1.135339,1.232275,0
0,0.0200,1.479451,-0.002408,1.010741,-0.031183,-0.212150,0
0,0.0200,0.047929,0.542825,1.769424,1.127535,1.232275,0
0,0.5300,-1.383592,0.179336,0.504951,0.109752,-0.212150,0
0,0.2200,-0.095223,0.361081,1.579753,1.686634,1.232275,0
0,0.4800,1.407875,-0.729386,-0.633074,-0.032600,-0.212150,0
0,0.2800,-1.455169,-0.911130,3.286792,-0.147821,-0.212150,0
0,0.4600,0.620538,-0.911130,-0.633074,-1.342443,-1.656575,0
0,0.2600,1.193146,-0.911130,-0.064061,-0.227515,-0.212150,0
0,0.5300,-1.240440,-0.365897,3.666133,1.127535,1.232275,0
0,0.4600,0.620538,-0.911130,1.895872,1.676607,1.232275,0
0,0.4600,0.620538,-0.911130,-0.633074,1.544343,1.232275,0
0,0.0200,-0.524680,-1.274619,-0.633074,-1.961470,-1.656575,0
0,0.5300,0.047929,-0.911130,-0.190509,0.073809,-0.212150,0
0,0.1600,0.835266,-0.911130,-0.633074,-0.634589,-0.212150,0
0,0.6200,-0.739408,-0.911130,-0.253732,1.344017,1.232275,0
0,0.6200,-0.739408,-0.911130,1.895872,0.221071,0.510063,0
0,0.3700,0.334233,-0.911130,-0.633074,-1.432863,-1.656575,0
0,0.3700,0.548962,-0.547641,0.757846,1.124961,1.232275,0
0,0.6200,1.121570,-0.911130,-0.633074,-0.941286,-0.934363,0
0,0.2900,-0.596256,-0.547641,0.504951,1.653706,1.232275,0
0,0.2900,1.264722,-0.911130,0.125610,-0.386106,-0.212150,0
0,0.7000,0.405810,-0.911130,-0.633074,0.595224,0.510063,0
0,0.2900,0.047929,-0.002408,-0.633074,0.318983,0.510063,0
0,0.1000,0.119505,-1.274619,-0.633074,2.243436,1.954488,0
0,0.7000,0.405810,-0.911130,-0.633074,-0.798056,-0.934363,0
0,0.2600,-1.598321,-0.547641,2.211990,-0.400075,-0.212150,0
0,0.7800,-0.596256,-0.365897,0.568175,1.124961,1.232275,0
0,0.7600,-0.453103,-0.911130,-0.633074,-0.741386,-0.934363,0
0,0.2100,1.479451,-0.911130,-0.633074,2.150387,1.954488,0
0,0.0300,-1.455169,-0.729386,1.010741,-0.695078,-0.212150,0
0,0.7800,-1.383592,-0.911130,0.757846,0.111920,-0.212150,0
0,0.1000,-1.383592,-0.729386,1.579753,-0.715164,-0.212150,0
0,0.7300,-1.097288,-1.092874,1.895872,1.071052,1.232275,0
0,0.2100,-0.882560,1.451547,-0.633074,-0.822529,-0.934363,0
0,0.7800,1.049994,-0.184152,-0.633074,0.492580,0.510063,0
0,0.3000,-0.524680,-0.911130,-0.190509,0.921445,1.232275,0
0,0.1200,1.336299,-0.911130,2.211990,-1.711335,-1.656575,0
1,0.5100,-1.168864,0.542825,1.579753,0.792368,0.510063,0
0,0.8700,0.405810,-0.911130,-0.633074,0.155516,0.510063,0
0,0.2800,-1.526745,-0.729386,1.263635,0.186489,0.510063,0
0,0.9400,0.835266,-0.911130,-0.633074,1.676607,1.232275,0
0,0.9500,-0.381527,-0.911130,-0.443403,1.844125,1.954488,0
0,0.9500,0.047929,-0.365897,-0.633074,-0.670993,-0.212150,0
0,0.0400,0.763690,-0.911130,-0.633074,0.693708,0.510063,0
0,0.9500,1.407875,-0.547641,-0.633074,1.544343,1.232275,0
0,0.0200,-1.168864,-0.911130,1.010741,0.692982,0.510063,0
0,0.5500,-1.025712,-0.911130,0.504951,-0.700029,-0.212150,0
0,0.9500,-0.596256,-0.184152,-0.633074,-0.299751,-0.212150,0
0,0.9500,0.835266,-1.092874,-0.633074,1.319981,1.232275,0
0,0.1300,0.477386,-0.911130,0.125610,1.518351,1.232275,0
0,0.7800,-0.166799,-0.911130,-0.633074,-0.841652,-0.934363,0
0,0.9500,-0.810984,-0.911130,-0.633074,-0.081624,-0.212150,0
0,0.8000,-0.023647,-0.911130,-0.633074,0.339828,0.510063,0
0,0.9600,-1.025712,-0.911130,1.010741,1.676607,1.232275,0
0,0.1500,0.405810,-0.547641,-0.633074,-1.473821,-1.656575,0
0,0.0300,0.835266,-0.729386,-0.633074,2.243436,1.954488,0
0,0.2000,-1.240440,-1.092874,0.504951,-0.531001,-0.212150,0
0,0.0300,-0.954136,-0.729386,1.579753,-0.949171,-0.934363,0
0,0.9600,0.620538,-1.092874,-0.633074,-0.394443,-0.212150,0
0,0.0300,-0.309951,-1.092874,-0.000838,1.230364,1.232275,0
0,0.0300,-0.882560,-0.911130,-0.633074,0.149502,0.510063,0
0,0.0300,1.264722,0.361081,-0.633074,-1.126655,-1.656575,0
0,0.8700,-1.312016,-1.092874,1.579753,2.243436,1.954488,0
0,0.1200,-0.381527,-1.092874,-0.633074,-1.025940,-0.934363,0
0,0.1200,0.692114,-1.092874,-0.633074,1.384525,1.232275,0
0,0.1200,0.119505,-1.092874,-0.633074,-1.149305,-1.656575,0
0,0.1200,-0.166799,-0.365897,-0.000838,1.219946,1.232275,0
0,0.2200,-1.025712,-1.092874,0.125610,1.110747,1.232275,0
0,0.1000,-1.383592,-0.002408,2.528108,0.594351,0.510063,0
0,0.1200,-0.238375,-1.092874,-0.253732,0.281794,0.510063,0
0,0.0600,-1.025712,0.179336,1.010741,-0.538291,-0.212150,0
0,0.4100,-0.596256,-1.274619,0.125610,-0.810152,-0.934363,0
0,0.2000,1.980483,-1.092874,-0.633074,1.175231,1.232275,0
0,0.1200,0.047929,0.361081,-0.633074,-0.798056,-0.934363,0
0,0.2000,-1.455169,0.542825,1.010741,-0.941286,-0.934363,0
0,0.2000,0.477386,-1.092874,-0.633074,0.582421,0.510063,0
0,0.2000,0.620538,-0.911130,-0.633074,0.442701,0.510063,0
0,0.2800,-0.238375,1.451547,-0.633074,-0.489238,-0.212150,0
0,0.2000,-0.309951,-1.092874,1.010741,1.238631,1.232275,0
0,0.2000,-0.238375,-1.092874,-0.190509,-0.854794,-0.934363,0
0,0.7000,-0.810984,-1.092874,-0.380180,-0.019978,-0.212150,0
0,0.2000,0.191081,-1.092874,-0.633074,0.852132,0.510063,0
0,0.2000,0.763690,-1.092874,-0.633074,0.492580,0.510063,0
0,0.2000,1.336299,-0.911130,-0.633074,0.256024,0.510063,0
0,0.1200,-1.240440,-1.092874,0.252057,0.678259,0.510063,0
0,0.2400,0.906842,-1.092874,-0.633074,1.303524,1.232275,0
0,0.2800,-0.810984,-1.092874,-0.633074,2.243436,1.954488,0
0,0.7100,0.119505,-0.547641,-0.190509,0.168317,0.510063,0
0,0.7100,1.121570,-1.092874,-0.633074,1.427763,1.232275,0
0,0.0700,-0.954136,-1.092874,1.263635,-0.441260,-0.212150,0
0,0.2800,-0.095223,-0.729386,-0.633074,-0.835201,-0.934363,0
0,0.7100,1.336299,-0.911130,-0.633074,1.319981,1.232275,0
0,0.2800,-0.381527,-1.092874,-0.633074,0.638359,0.510063,0
0,0.1100,0.047929,-1.274619,0.252057,1.319981,1.232275,0
0,0.3000,-0.381527,-1.092874,-0.633074,-0.804070,-0.934363,0
0,0.3600,-1.312016,-0.184152,1.895872,-0.780413,-0.934363,0
0,0.3600,-1.312016,0.542825,1.579753,0.221071,0.510063,0
0,1.0000,1.551027,0.542825,-0.633074,-0.007649,-0.212150,0
0,1.0000,2.624668,0.906314,-0.633074,-0.184287,-0.212150,0
0,1.0000,1.193146,-0.184152,-0.633074,1.243944,1.232275,0
0,1.0000,0.548962,0.724569,-0.633074,-1.413508,-1.656575,0
0,1.0000,0.620538,1.088058,-0.633074,1.138492,1.232275,0
0,1.0000,2.982548,1.269803,-0.633074,-1.342443,-1.656575,0
0,1.0000,3.268853,0.179336,-0.633074,-1.782400,-1.656575,0
0,0.2400,0.763690,0.361081,-0.633074,-0.564625,-0.212150,0
0,0.2000,1.479451,-0.002408,-0.633074,0.329867,0.510063,0
0,1.0000,1.479451,1.633291,-0.633074,-1.432863,-1.656575,0
0,0.4000,0.334233,2.178524,-0.633074,0.077284,-0.212150,0
0,1.0000,2.123635,0.179336,-0.633074,-0.786229,-0.934363,0
0,1.0000,0.835266,-0.365897,-0.633074,0.246870,0.510063,0
0,0.5800,0.978418,-0.002408,-0.633074,-0.031183,-0.212150,0
0,1.0000,2.696244,0.724569,-0.633074,-1.541854,-1.656575,0
0,0.5000,3.125701,0.724569,-0.633074,-0.435178,-0.212150,0
0,1.0000,1.694179,1.815036,-0.633074,0.113000,-0.212150,0
1,1.0000,-0.309951,1.815036,-0.633074,-0.643459,-0.212150,0
0,1.0000,1.121570,-0.729386,-0.633074,0.871689,1.232275,0
0,1.0000,0.548962,0.179336,-0.633074,-0.752247,-0.934363,0
0,1.0000,0.835266,-0.002408,-0.633074,-1.104929,-0.934363,0
0,1.0000,1.479451,-0.002408,-0.633074,-1.452948,-1.656575,0
0,0.8600,0.262657,-0.002408,0.315280,-1.518197,-1.656575,0
0,0.2400,-0.309951,0.906314,-0.316956,-0.798056,-0.934363,0
0,0.0300,1.551027,0.179336,-0.633074,-2.233331,-1.656575,0
0,1.0000,-0.524680,0.906314,-0.633074,-0.160302,-0.212150,0
0,0.9500,-0.238375,-0.547641,-0.633074,-0.572394,-0.212150,0
0,1.0000,1.049994,-0.729386,-0.633074,0.334159,0.510063,0
1,0.5000,0.548962,-0.365897,-0.633074,0.602589,0.510063,0
0,1.0000,-0.453103,-0.547641,-0.633074,-0.225472,-0.212150,0
0,1.0000,-0.524680,2.178524,-0.633074,-0.527393,-0.212150,0
0,1.0000,-0.166799,-0.184152,-0.633074,-0.848182,-0.934363,0
0,0.4300,1.049994,1.269803,-0.633074,-0.647950,-0.212150,0
0,0.0200,-0.524680,1.451547,-0.633074,-1.394832,-1.656575,0
0,1.0000,-0.954136,0.361081,-0.633074,-0.391649,-0.212150,0
0,1.0000,-0.166799,0.361081,-0.633074,-0.643459,-0.212150,0
0,0.3600,0.620538,-0.002408,0.125610,-0.810152,-0.934363,0
0,1.0000,-0.023647,0.724569,-0.633074,1.242394,1.232275,0
0,0.3900,0.620538,1.269803,-0.633074,-0.600517,-0.212150,0
0,1.0000,-0.453103,0.542825,-0.633074,-0.957174,-0.934363,0
0,1.0000,-1.455169,1.815036,0.504951,-0.957174,-0.934363,0
0,0.1000,-1.813049,1.269803,2.211990,-0.981932,-0.934363,0
0,0.6000,-0.596256,0.542825,-0.633074,-0.957174,-0.934363,1
0,1.0000,1.336299,0.542825,-0.633074,-0.523809,-0.212150,0
0,1.0000,1.049994,2.178524,-0.633074,-0.377897,-0.212150,0
1,1.0000,-0.309951,0.361081,0.125610,-1.821840,-1.656575,0
0,1.0000,0.262657,0.724569,-0.633074,0.000415,-0.212150,0
0,0.5000,-0.095223,-0.002408,-0.380180,1.179468,1.232275,0
0,1.0000,-0.954136,1.269803,-0.000838,1.113884,1.232275,0
0,1.0000,0.906842,-0.002408,-0.633074,0.739864,0.510063,0
0,1.0000,1.622603,1.996780,-0.633074,0.204970,0.510063,0
0,0.2600,0.835266,1.633291,-0.633074,0.667324,0.510063,0
0,1.0000,-0.381527,0.361081,-0.633074,-0.896285,-0.934363,0
0,1.0000,-0.453103,2.542013,-0.633074,-1.073918,-0.934363,0
0,1.0000,0.262657,1.269803,-0.633074,0.077284,-0.212150,0
0,0.0900,0.334233,-0.184152,-0.190509,-0.652480,-0.212150,0
0,1.0000,-0.309951,1.633291,-0.633074,-1.294751,-1.656575,0
0,0.7200,-0.238375,1.451547,-0.633074,0.640768,0.510063,0
0,1.0000,1.264722,0.724569,-0.633074,0.640768,0.510063,0
0,0.2800,0.763690,1.088058,-0.633074,0.153519,0.510063,0
0,0.3300,0.763690,1.633291,-0.633074,0.008358,-0.212150,0
0,1.0000,0.763690,1.815036,-0.633074,-1.821840,-1.656575,0
0,1.0000,1.121570,1.996780,-0.633074,-0.613040,-0.212150,0
0,1.0000,-0.596256,1.269803,-0.633074,-1.394832,-1.656575,0
0,1.0000,-0.954136,1.633291,-0.380180,-1.648651,-1.656575,0
0,1.0000,2.266788,-0.002408,-0.633074,-1.104929,-0.934363,0
0,0.5600,1.121570,-0.184152,-0.633074,-0.786229,-0.934363,0
0,1.0000,0.191081,0.724569,-0.633074,-0.244148,-0.212150,0
0,0.4100,0.620538,1.633291,-0.000838,-0.786229,-0.934363,0
0,1.0000,2.052059,0.361081,-0.633074,-0.244148,-0.212150,0
0,0.0300,-1.025712,1.451547,-0.380180,1.625512,1.232275,0
0,1.0000,1.837331,1.815036,-0.190509,-0.617280,-0.212150,0
0,0.2500,0.620538,0.724569,-0.633074,-1.821840,-1.656575,0
0,0.5000,-0.667832,-0.002408,-0.633074,-0.417337,-0.212150,0
0,1.0000,0.047929,-0.365897,-0.569850,-0.746789,-0.934363,0
0,1.0000,-0.882560,0.542825,-0.633074,-0.338651,-0.212150,0
0,0.4900,-1.240440,-0.002408,1.263635,-0.450516,-0.212150,0
0,1.0000,-0.810984,0.179336,-0.633074,2.243436,1.954488,0
0,1.0000,0.262657,-0.184152,-0.633074,-0.429164,-0.212150,0
0,1.0000,0.620538,-0.547641,-0.633074,0.544936,0.510063,0
0,1.0000,1.908907,-0.184152,-0.633074,1.319981,1.232275,0
0,1.0000,-0.667832,-0.729386,-0.633074,-0.625864,-0.212150,0
1,1.0000,3.268853,0.906314,-0.633074,1.024469,1.232275,0
0,1.0000,0.763690,0.724569,-0.633074,1.127535,1.232275,0
0,1.0000,2.195212,-0.184152,-0.633074,-0.031183,-0.212150,0
0,0.9800,0.262657,0.361081,-0.633074,1.127535,1.232275,0
0,1.0000,-0.882560,-0.729386,-0.633074,-0.469525,-0.212150,0
0,0.7500,-0.882560,-0.184152,-0.633074,0.638359,0.510063,0
0,1.0000,-0.954136,0.361081,-0.633074,0.751048,0.510063,0
0,0.5900,-1.455169,1.633291,0.504951,0.239261,0.510063,0
0,1.0000,0.906842,-0.547641,-0.633074,1.222234,1.232275,0
0,1.0000,0.978418,0.361081,-0.633074,-0.450516,-0.212150,0
0,1.0000,1.479451,0.724569,-0.633074,-0.265697,-0.212150,0
0,1.0000,2.481516,0.542825,-0.316956,-0.417337,-0.212150,0
0,0.8200,-0.524680,-0.184152,0.252057,-0.167567,-0.212150,0
0,0.2100,1.479451,-0.911130,-0.633074,0.285710,0.510063,0
0,1.0000,0.763690,2.360269,-0.633074,-0.479290,-0.212150,0
0,1.0000,0.692114,1.815036,-0.633074,0.749091,0.510063,0
0,1.0000,-0.453103,0.542825,-0.633074,-1.197720,-1.656575,0
0,1.0000,-0.882560,1.088058,-0.633074,-1.073918,-0.934363,0
0,0.2000,-0.739408,-0.547641,-0.633074,-0.661656,-0.212150,0
0,1.0000,1.264722,-0.184152,-0.633074,1.319981,1.232275,0
0,1.0000,0.334233,1.451547,-0.633074,-1.394832,-1.656575,0
0,1.0000,0.191081,-0.729386,-0.633074,-0.279058,-0.212150,0
0,1.0000,-1.240440,-0.547641,-0.000838,0.600433,0.510063,0
0,0.9500,0.477386,-0.547641,-0.633074,-1.063971,-0.934363,0
0,1.0000,-1.240440,1.451547,-0.190509,0.725033,0.510063,0
0,1.0000,-0.596256,1.451547,-0.064061,-1.541854,-1.656575,0
0,1.0000,2.338364,0.542825,-0.633074,0.359208,0.510063,0
0,0.3100,-0.524680,1.451547,-0.633074,1.108423,1.232275,0
0,1.0000,-1.312016,-0.184152,-0.190509,1.271577,1.232275,0
0,0.6100,3.054124,0.542825,-0.633074,-0.149586,-0.212150,0
0,1.0000,1.908907,1.088058,-0.633074,-1.711335,-1.656575,0
0,1.0000,0.119505,1.088058,-0.633074,0.229810,0.510063,0
0,0.4300,0.334233,1.451547,-0.127285,-1.210544,-1.656575,0
0,1.0000,0.119505,-0.184152,-0.633074,1.145363,1.232275,0
0,0.0700,1.049994,0.724569,-0.633074,1.183960,1.232275,0
0,1.0000,0.262657,1.996780,-0.633074,-1.094390,-0.934363,0
0,1.0000,0.119505,0.542825,-0.633074,-1.094390,-0.934363,0
0,1.0000,0.405810,0.724569,-0.633074,-1.094390,-0.934363,0
0,1.0000,1.336299,0.361081,-0.633074,0.096556,-0.212150,0
0,1.0000,0.548962,2.542013,-0.633074,-0.142560,-0.212150,0
0,1.0000,-0.524680,1.451547,-0.633074,1.209046,1.232275,0
0,0.4900,0.262657,4.177712,-0.633074,0.065612,-0.212150,0
0,1.0000,-0.453103,-0.547641,-0.633074,-0.333630,-0.212150,0
0,0.0300,-0.739408,-0.547641,-0.633074,-0.482586,-0.212150,0
0,1.0000,1.407875,0.179336,-0.316956,0.284147,0.510063,0
0,0.2300,-1.741473,0.906314,1.895872,-0.414421,-0.212150,0
0,1.0000,-0.309951,0.542825,-0.633074,-1.864439,-1.656575,0
0,0.0900,0.620538,-0.547641,-0.633074,-0.336134,-0.212150,0
0,1.0000,-0.309951,-0.184152,-0.316956,1.664403,1.232275,0
0,1.0000,1.694179,-0.184152,-0.064061,-0.447413,-0.212150,0
0,0.1800,-1.383592,-0.002408,4.108699,0.634321,0.510063,0
0,1.0000,0.334233,0.179336,-0.633074,0.671499,0.510063,0
0,0.5100,0.906842,1.451547,-0.633074,-0.160302,-0.212150,0
0,1.0000,0.405810,1.451547,-0.633074,-0.903526,-0.934363,0
0,1.0000,-0.524680,0.542825,1.137188,-1.359339,-1.656575,0
0,0.0700,1.837331,1.451547,-0.633074,-0.965299,-0.934363,0
0,1.0000,0.047929,1.451547,-0.633074,1.625512,1.232275,0
0,1.0000,1.694179,0.542825,-0.633074,1.625512,1.232275,0
0,1.0000,0.191081,-0.547641,-0.633074,1.186839,1.232275,0
0,0.4800,-1.025712,-0.547641,0.694622,0.043936,-0.212150,0
0,0.6100,-0.023647,1.451547,0.757846,1.053274,1.232275,0
0,1.0000,1.121570,2.360269,-0.633074,-1.376790,-1.656575,0
0,0.2400,-0.596256,1.451547,-0.380180,0.685303,0.510063,0
0,1.0000,2.123635,-0.365897,-0.506627,1.271577,1.232275,0
0,0.3300,-1.598321,0.542825,1.579753,-0.705026,-0.212150,0
0,1.0000,0.119505,-0.365897,-0.633074,-0.965299,-0.934363,0
0,0.2600,0.620538,0.906314,-0.633074,-0.405767,-0.212150,0
0,1.0000,-1.025712,1.269803,-0.380180,-1.185197,-1.656575,0
0,1.0000,-0.095223,1.088058,-0.633074,-0.502798,-0.212150,0
0,0.7100,0.262657,-0.365897,0.757846,-0.828828,-0.934363,0
0,0.4000,0.835266,0.361081,0.378504,1.191981,1.232275,0
0,1.0000,0.548962,1.269803,-0.633074,-0.661656,-0.212150,0
0,0.6500,-1.168864,-0.365897,1.895872,0.316043,0.510063,0
0,0.3400,1.980483,0.724569,-0.633074,-0.763335,-0.934363,0
0,1.0000,0.191081,0.179336,-0.633074,1.704186,1.232275,0
0,0.8000,0.405810,1.815036,-0.633074,-0.331137,-0.212150,0
0,0.3400,-1.312016,-0.911130,1.895872,-0.882092,-0.934363,0
0,0.4800,0.405810,-0.184152,-0.633074,0.788134,0.510063,0
0,0.7100,-0.524680,0.724569,-0.633074,-1.452948,-1.656575,0
0,1.0000,1.622603,-0.002408,-0.633074,-1.237160,-1.656575,0
0,1.0000,-0.166799,0.542825,-0.633074,-0.973550,-0.934363,0
0,0.9600,-0.238375,0.179336,-0.633074,-0.768967,-0.934363,0
0,1.0000,0.262657,0.542825,-0.633074,1.625512,1.232275,0
0,0.2400,-0.166799,1.633291,-0.633074,0.545894,0.510063,0
0,0.2900,-0.166799,1.633291,-0.633074,0.545894,0.510063,0
0,1.0000,3.197277,-0.184152,-0.633074,-2.017543,-1.656575,0
0,0.5700,1.837331,0.542825,-0.633074,0.999145,1.232275,0
0,0.1400,-0.309951,-0.547641,-0.633074,-0.816305,-0.934363,0
0,1.0000,0.620538,-0.365897,-0.633074,-1.864439,-1.656575,0
0,1.0000,-0.524680,0.361081,-0.633074,-1.394832,-1.656575,0
0,1.0000,1.908907,1.269803,-0.633074,-1.432863,-1.656575,0
0,0.6900,2.266788,1.996780,-0.633074,-1.619876,-1.656575,0
0,1.0000,0.620538,-0.365897,-0.633074,1.465289,1.232275,0
0,0.3600,-1.025712,1.088058,-0.190509,0.004401,-0.212150,0
0,0.8700,-0.453103,-0.729386,-0.569850,-0.151357,-0.212150,0
0,0.6600,2.624668,1.088058,-0.633074,-0.174933,-0.212150,0
0,0.0600,0.191081,-0.729386,-0.633074,0.194885,0.510063,0
0,1.0000,0.119505,1.088058,-0.633074,-1.745682,-1.656575,0
0,0.6900,-1.168864,1.269803,-0.000838,-1.137859,-1.656575,0
0,1.0000,0.835266,-0.184152,-0.633074,-0.107123,-0.212150,0
0,1.0000,-0.453103,0.179336,-0.633074,0.128952,0.510063,0
0,0.2300,1.049994,-0.184152,-0.633074,-1.821840,-1.656575,0
0,0.4500,0.477386,-0.184152,-0.633074,-0.482586,-0.212150,0
0,0.1500,1.121570,-0.911130,-0.633074,-1.864439,-1.656575,0
0,0.9600,0.548962,-1.092874,-0.633074,-0.882092,-0.934363,0
1,0.0500,-0.882560,0.542825,1.263635,2.167187,1.954488,0
0,1.0000,2.195212,-1.092874,-0.633074,0.000415,-0.212150,0
0,1.0000,0.692114,-0.365897,-0.633074,0.390872,0.510063,0
0,0.5600,-1.383592,0.179336,2.211990,-0.848182,-0.934363,0
0,0.7700,-1.956201,0.361081,2.211990,-1.326066,-1.656575,0
0,1.0000,-0.166799,-0.547641,-0.633074,-1.044616,-0.934363,0
0,1.0000,1.694179,-0.002408,-0.633074,-0.299751,-0.212150,0
0,0.7800,-0.739408,1.451547,0.757846,-0.299751,-0.212150,0
0,0.6600,-0.739408,0.724569,-0.633074,-0.685313,-0.212150,0
0,1.0000,-0.309951,1.269803,-0.633074,-1.782400,-1.656575,0
0,1.0000,-0.453103,1.269803,-0.633074,1.127535,1.232275,0
0,0.3700,0.906842,-0.729386,-0.633074,1.127535,1.232275,0
0,1.0000,-0.596256,1.451547,-0.633074,-2.330362,-1.656575,0
0,0.9100,0.906842,1.451547,-0.633074,0.271475,0.510063,0
1,0.3100,1.908907,-0.184152,0.504951,1.625512,1.232275,0
0,1.0000,-0.882560,-0.547641,-0.633074,1.671320,1.232275,0
0,0.7900,0.477386,-0.911130,-0.633074,1.087217,1.232275,0
0,0.3800,0.835266,0.724569,-0.633074,-1.495547,-1.656575,0
0,0.5700,0.334233,-0.184152,-0.443403,-0.086313,-0.212150,0
0,0.0800,0.477386,1.451547,-0.633074,-0.584265,-0.212150,0
0,0.7500,1.407875,-0.547641,-0.633074,-0.584265,-0.212150,0
0,0.1200,-0.596256,-1.274619,1.263635,-0.154917,-0.212150,0
0,0.9900,-0.095223,-0.184152,-0.443403,0.424979,0.510063,0
0,0.0800,-1.383592,1.269803,1.579753,0.182715,0.510063,0
0,1.0000,-0.309951,0.361081,-0.633074,-1.711335,-1.656575,0
0,0.2300,-0.954136,1.996780,1.895872,-1.016843,-0.934363,0
0,1.0000,1.336299,1.088058,-0.633074,-0.918310,-0.934363,0
0,0.3300,-0.238375,1.269803,-0.633074,1.191981,1.232275,0
0,0.3300,0.262657,1.088058,-0.633074,1.191981,1.232275,0
0,1.0000,0.047929,-0.184152,-0.633074,1.191981,1.232275,0
0,0.1100,-0.954136,-0.729386,0.504951,-1.149305,-1.656575,0
0,0.5400,-0.166799,0.361081,-0.633074,-1.376790,-1.656575,0
0,0.5000,1.908907,-0.547641,-0.633074,0.246870,0.510063,0
0,1.0000,0.119505,-0.365897,-0.633074,0.201325,0.510063,0
0,1.0000,-1.383592,0.542825,2.211990,0.239261,0.510063,0
0,1.0000,2.624668,4.541201,-0.633074,0.329867,0.510063,0
0,1.0000,0.477386,5.995156,-0.633074,-1.035196,-0.934363,0
0,1.0000,0.334233,1.269803,-0.633074,-0.331137,-0.212150,0
0,0.0400,0.119505,-0.184152,0.504951,-0.154917,-0.212150,0
0,0.6600,-0.453103,-0.365897,-0.633074,-0.861488,-0.934363,0
0,0.5200,-0.954136,0.179336,-0.633074,0.256024,0.510063,0
0,1.0000,-0.309951,-0.002408,-0.000838,0.386370,0.510063,0
0,1.0000,-0.882560,-0.547641,-0.190509,0.450774,0.510063,0
0,0.6600,0.692114,1.269803,-0.316956,-2.017543,-1.656575,0
0,0.1500,0.906842,1.269803,-0.633074,-0.710071,-0.212150,0
0,1.0000,-0.166799,-0.547641,-0.633074,-0.730741,-0.212150,0
0,1.0000,-0.453103,-0.547641,-0.000838,0.661194,0.510063,0
0,1.0000,-0.309951,-0.729386,-0.633074,-0.261317,-0.212150,0
0,0.1100,0.047929,-1.092874,-0.633074,1.625512,1.232275,0
0,1.0000,0.405810,-0.547641,-0.633074,0.598703,0.510063,0
0,0.9000,1.049994,-0.547641,-0.633074,-1.104929,-0.934363,0
0,0.2400,-0.381527,-0.729386,-0.633074,-1.265177,-1.656575,0
0,0.4100,-1.383592,0.906314,1.263635,0.334159,0.510063,0
0,0.2500,-0.381527,0.724569,-0.633074,0.490459,0.510063,0
0,0.6200,-1.598321,-0.184152,1.579753,-0.333630,-0.212150,0
0,0.2700,0.334233,-0.184152,-0.633074,0.517386,0.510063,0
0,0.7500,-1.526745,-0.729386,1.263635,0.517386,0.510063,0
0,1.0000,1.908907,1.269803,-0.633074,-1.172962,-1.656575,0
0,1.0000,0.262657,2.905502,-0.633074,-1.172962,-1.656575,0
0,1.0000,0.548962,2.542013,-0.633074,-1.359339,-1.656575,0
0,0.1300,0.763690,1.633291,1.263635,0.594788,0.510063,0
0,1.0000,-0.810984,0.724569,0.252057,0.714330,0.510063,0
0,1.0000,0.620538,-0.547641,-0.633074,0.749091,0.510063,0
0,1.0000,-0.524680,0.724569,-0.633074,1.191981,1.232275,0
0,0.0800,-0.667832,-0.547641,-0.633074,1.020952,1.232275,0
0,0.3900,-0.095223,0.906314,-0.633074,-1.910746,-1.656575,0
0,0.0700,0.477386,-0.365897,2.211990,-0.933517,-0.934363,0
0,0.2100,-1.168864,-0.184152,-0.190509,-0.647950,-0.212150,0
0,1.0000,0.191081,0.724569,-0.633074,-0.752247,-0.934363,0
0,1.0000,-0.023647,1.633291,-0.000838,0.671499,0.510063,0
0,1.0000,0.262657,1.451547,3.666133,0.671499,0.510063,0
0,1.0000,1.121570,1.815036,-0.569850,-1.073918,-0.934363,0
0,1.0000,1.479451,0.179336,-0.633074,-0.549418,-0.212150,0
0,0.4200,-0.095223,1.451547,-0.633074,-0.690173,-0.212150,0
0,1.0000,2.409940,-0.729386,-0.633074,-0.041184,-0.212150,0
0,0.1100,0.191081,-0.184152,-0.633074,-0.343719,-0.212150,0
0,0.7200,0.047929,-0.729386,-0.633074,1.127535,1.232275,0
0,1.0000,0.477386,3.268991,-0.633074,0.154518,0.510063,0
0,1.0000,0.477386,1.088058,-0.633074,-1.035196,-0.934363,0
0,1.0000,-0.596256,-0.729386,1.895872,-0.417337,-0.212150,0
0,0.8200,-1.312016,1.088058,1.263635,0.517386,0.510063,0
0,1.0000,-0.095223,-0.184152,-0.633074,0.669605,0.510063,0
0,0.7500,-0.023647,-0.184152,-0.633074,-0.328656,-0.212150,0
0,0.0200,-0.524680,-0.365897,-0.633074,-0.021366,-0.212150,0
0,1.0000,1.479451,1.815036,-0.633074,-0.014463,-0.212150,0
0,1.0000,0.835266,-0.911130,-0.633074,-0.768967,-0.934363,0
0,1.0000,-0.524680,2.360269,-0.633074,-0.685313,-0.212150,0
0,1.0000,0.047929,1.633291,-0.380180,1.391703,1.232275,0
0,1.0000,0.405810,1.269803,-0.633074,-0.553179,-0.212150,0
0,1.0000,1.049994,1.088058,-0.633074,1.183960,1.232275,0
0,1.0000,1.837331,-0.729386,-0.633074,0.211290,0.510063,0
1,1.0000,0.548962,-0.184152,-0.633074,-0.000921,-0.212150,0
0,1.0000,-0.810984,0.361081,-0.380180,0.222831,0.510063,0
0,1.0000,-0.954136,1.815036,-0.380180,-1.864439,-1.656575,0
0,1.0000,0.692114,-0.729386,-0.633074,-0.568495,-0.212150,0
0,1.0000,0.692114,-0.729386,-0.633074,-0.903526,-0.934363,0
1,0.4400,-0.095223,-1.274619,-0.633074,1.676607,1.232275,0
0,1.0000,2.338364,1.815036,-0.633074,-1.073918,-0.934363,0
0,1.0000,-0.739408,0.179336,0.252057,-0.388870,-0.212150,0
0,0.7800,-0.095223,1.088058,-0.633074,0.899985,1.232275,0
0,1.0000,-0.238375,1.996780,-0.633074,0.180817,0.510063,0
0,0.2100,-0.810984,0.179336,0.504951,-0.746789,-0.934363,0
0,1.0000,-0.954136,-0.365897,1.895872,2.243436,1.954488,0
0,1.0000,-0.810984,0.179336,0.252057,-0.309213,-0.212150,0
0,1.0000,-0.882560,2.542013,-0.569850,1.209046,1.232275,0
0,0.9100,-0.238375,1.633291,-0.380180,-1.473821,-1.656575,0
0,1.0000,0.978418,-0.911130,-0.633074,-0.492596,-0.212150,0
0,0.0600,1.622603,-1.274619,-0.633074,0.582867,0.510063,1
0,0.7400,-0.381527,-0.911130,-0.569850,1.138492,1.232275,0
0,0.2500,-0.453103,-0.547641,-0.633074,-0.768967,-0.934363,1
1,0.7600,0.334233,-0.911130,-0.633074,0.171228,0.510063,0
0,0.5600,0.620538,0.724569,-0.633074,-0.695078,-0.212150,0
0,0.5500,-0.596256,3.087246,2.211990,1.191981,1.232275,0
0,0.5800,1.622603,0.542825,-0.633074,1.024469,1.232275,0
0,1.0000,0.119505,2.178524,-0.633074,1.179468,1.232275,0
0,1.0000,-0.381527,1.451547,-0.633074,0.822804,0.510063,0
0,0.8100,-0.166799,2.542013,-0.000838,1.676607,1.232275,0
0,0.1800,0.548962,2.178524,-0.633074,-1.495547,-1.656575,0
0,0.3300,0.477386,-0.729386,-0.633074,0.182715,0.510063,0
0,0.6900,1.121570,-0.911130,-0.633074,-1.432863,-1.656575,0
0,1.0000,1.622603,1.996780,0.568175,-0.311605,-0.212150,0
0,0.0400,0.763690,-1.274619,-0.506627,-0.828828,-0.934363,0
0,1.0000,0.835266,1.451547,-0.633074,-0.311605,-0.212150,0
0,0.9000,-1.669897,-0.365897,2.211990,-1.679070,-1.656575,0
0,1.0000,0.906842,-0.002408,-0.633074,-0.592329,-0.212150,0
0,0.2500,-1.598321,-0.002408,2.211990,0.921445,1.232275,0
0,1.0000,2.195212,-0.729386,-0.633074,-1.035196,-0.934363,0
1,0.3800,0.548962,1.451547,-0.633074,-1.035196,-0.934363,0
1,1.0000,-0.667832,-0.002408,-0.569850,0.639565,0.510063,0
0,1.0000,0.477386,-0.002408,-0.633074,-1.376790,-1.656575,0
0,1.0000,-1.097288,-0.911130,-0.380180,0.065612,-0.212150,0
0,1.0000,0.477386,-0.547641,-0.633074,-1.294751,-1.656575,0
0,1.0000,0.334233,-0.911130,-0.633074,-0.553179,-0.212150,0
0,0.3100,-0.238375,-0.184152,0.504951,1.242394,1.232275,0
0,0.4100,1.407875,-0.911130,-0.633074,-0.804070,-0.934363,0
0,0.3700,-1.097288,-0.002408,-0.190509,0.921445,1.232275,1
0,1.0000,0.906842,-0.729386,-0.633074,0.634321,0.510063,0
0,1.0000,-0.381527,-0.547641,-0.633074,0.000415,-0.212150,0
1,0.0500,0.262657,0.179336,0.125610,-1.745682,-1.656575,0
0,0.0600,0.119505,-1.274619,-0.253732,-0.560782,-0.212150,0
0,0.8000,-0.810984,1.088058,0.188833,-0.835201,-0.934363,0
0,1.0000,0.405810,-0.184152,-0.633074,-0.331137,-0.212150,0
0,0.5400,-0.023647,-0.365897,-0.633074,0.773046,0.510063,0
0,1.0000,-0.596256,-0.365897,-0.633074,-1.104929,-1.656575,0
0,0.8800,-0.238375,-1.092874,-0.633074,-0.351414,-0.212150,0
0,0.4000,-0.810984,-1.092874,-0.000838,-0.746789,-0.934363,0
0,0.0500,-0.810984,-1.092874,-0.190509,-0.746789,-0.934363,0
0,1.0000,0.262657,-0.002408,-0.633074,-0.828828,-0.934363,0
0,0.0600,1.765755,0.906314,-0.633074,-0.690173,-0.212150,0
0,1.0000,-1.455169,0.724569,1.579753,-0.835201,-0.934363,0
0,1.0000,-0.810984,-0.729386,-0.190509,0.129998,0.510063,0
0,0.0200,-0.596256,0.724569,-0.633074,-0.225472,-0.212150,0
0,0.5600,1.121570,-1.274619,-0.633074,-0.523809,-0.212150,0
0,0.5800,0.047929,0.906314,-0.633074,1.016819,1.232275,0
0,1.0000,0.692114,1.269803,-0.633074,-0.949171,-0.934363,0
0,0.7400,-0.524680,4.722946,-0.633074,-1.279759,-1.656575,1
0,0.8700,-0.309951,1.451547,-0.569850,-1.432863,-1.656575,0
0,1.0000,-1.097288,-0.365897,-0.000838,-1.007898,-0.934363,0
0,0.4100,-0.882560,-0.184152,0.188833,1.092042,1.232275,0
0,1.0000,-0.309951,-0.911130,-0.633074,-1.035196,-0.934363,0
0,1.0000,-0.882560,1.633291,1.895872,-0.861488,-0.934363,0
2,1.0000,-0.739408,0.361081,4.551264,1.025830,1.232275,0
0,1.0000,0.477386,1.451547,-0.633074,0.354429,0.510063,0
0,0.3500,0.119505,1.269803,-0.633074,-0.630209,-0.212150,0
0,0.5700,-1.168864,0.361081,1.895872,0.807511,0.510063,0
0,1.0000,-0.166799,-0.547641,-0.633074,-1.172962,-1.656575,0
0,0.0600,-0.238375,1.996780,-0.633074,-0.299751,-0.212150,0
0,0.7700,-1.240440,0.724569,0.504951,-0.285867,-0.212150,0
0,0.8600,1.479451,0.906314,-0.127285,-0.299751,-0.212150,0
0,0.4300,-1.884625,0.179336,-0.633074,-0.383355,-0.212150,0
0,0.9000,0.047929,2.360269,-0.000838,-0.545683,-0.212150,0
0,0.2400,-0.882560,0.179336,1.895872,-0.572394,-0.212150,0
0,1.0000,1.980483,0.179336,-0.633074,-0.388870,-0.212150,0
0,0.8700,-1.526745,-0.002408,1.010741,0.370639,0.510063,0
0,0.2500,-0.453103,1.269803,-0.633074,-0.388870,-0.212150,0
0,1.0000,-0.882560,0.361081,1.579753,1.319981,1.232275,0
0,0.1000,2.481516,-1.274619,-0.633074,1.319981,1.232275,0
0,0.3300,0.477386,0.361081,-0.633074,0.043936,-0.212150,0
0,1.0000,-0.309951,0.179336,-0.380180,2.243436,1.954488,0
0,0.8200,-0.453103,-0.002408,0.757846,-0.167567,-0.212150,0
0,0.1000,-1.598321,-0.184152,0.947517,1.503994,1.232275,0
0,1.0000,-1.383592,1.451547,0.757846,-0.176791,-0.212150,0
0,1.0000,1.049994,-0.911130,-0.633074,-1.210544,-1.656575,0
0,0.1200,-1.598321,1.996780,1.895872,0.671499,0.510063,0
0,0.3300,0.334233,0.906314,2.211990,-0.154917,-0.212150,0
0,0.3100,-1.240440,1.451547,2.528108,-0.466309,-0.212150,0
0,0.8300,-0.381527,0.361081,-0.633074,-1.376790,-1.656575,0
0,0.6200,0.835266,1.815036,-0.633074,-1.161002,-1.656575,0
0,0.5400,-0.238375,2.178524,-0.380180,0.544936,0.510063,0
0,1.0000,2.266788,0.542825,-0.633074,0.113000,-0.212150,0
0,0.2000,-0.381527,-0.911130,-0.569850,0.522411,0.510063,0
0,1.0000,0.620538,-0.911130,-0.633074,0.099886,-0.212150,0
0,0.1700,-0.596256,0.724569,-0.633074,-0.113694,-0.212150,0
0,1.0000,0.835266,-0.911130,-0.633074,-0.195733,-0.212150,0
0,0.6500,-1.383592,0.179336,1.895872,-1.619876,-1.656575,0
0,0.9100,-0.596256,0.179336,-0.000838,-0.383355,-0.212150,0
0,0.0200,0.835266,-0.911130,-0.633074,0.345438,0.510063,0
0,1.0000,-1.598321,0.542825,1.895872,0.671499,0.510063,0
0,0.5000,-0.453103,-0.365897,-0.633074,-0.861488,-0.934363,0
0,0.0400,-1.526745,-0.729386,0.757846,0.531339,0.510063,0
0,0.1200,-1.526745,-0.729386,0.757846,0.531339,0.510063,0
0,1.0000,-1.097288,0.906314,-0.569850,-0.710071,-0.212150,0
0,1.0000,0.835266,0.724569,-0.633074,-0.710071,-0.212150,0
0,1.0000,1.121570,-1.092874,-0.633074,-0.710071,-0.212150,0
0,1.0000,-0.095223,-0.002408,-0.569850,-1.007898,-0.934363,0
0,0.1200,-0.381527,1.996780,1.895872,0.381830,0.510063,0
0,1.0000,0.047929,0.724569,-0.316956,0.381830,0.510063,0
0,1.0000,1.049994,-0.911130,-0.633074,0.090960,-0.212150,0
0,0.5000,1.622603,-1.274619,-0.633074,0.090960,-0.212150,0
0,0.2200,-0.882560,-0.365897,-0.569850,0.590844,0.510063,0
0,0.2100,0.334233,-0.911130,-0.633074,0.554911,0.510063,0
0,0.0600,-1.741473,0.724569,2.211990,0.517386,0.510063,0
0,0.9700,0.835266,-0.911130,-0.633074,1.230364,1.232275,0
0,0.2600,0.262657,-0.911130,-0.633074,1.138492,1.232275,0
0,0.3400,-0.095223,-0.911130,-0.633074,1.138492,1.232275,0
0,0.2400,-0.023647,-0.184152,-0.633074,-0.596407,-0.212150,0
1,0.8300,0.405810,1.269803,-0.633074,0.329867,0.510063,0
0,0.1600,0.047929,0.724569,2.338437,-0.029769,-0.212150,0
0,1.0000,-1.813049,-0.002408,1.895872,0.639565,0.510063,0
0,1.0000,2.123635,-1.092874,-0.633074,-1.126655,-1.656575,0
0,1.0000,-0.238375,1.815036,-0.633074,-1.172962,-1.656575,0
0,1.0000,-0.023647,-0.911130,-0.633074,-0.265697,-0.212150,0
0,1.0000,-0.882560,1.815036,0.757846,-0.417337,-0.212150,0
0,0.5000,0.405810,0.179336,-0.633074,0.158498,0.510063,0
0,1.0000,0.906842,-0.911130,-0.633074,-1.342443,-1.656575,0
0,0.4500,-0.166799,-1.092874,-0.633074,0.685303,0.510063,0
0,0.2500,-1.383592,1.633291,1.895872,0.329867,0.510063,0
0,0.4100,-1.240440,1.633291,-0.253732,-1.172962,-1.656575,0
0,1.0000,-0.810984,0.906314,-0.633074,-1.172962,-1.656575,0
0,0.0400,-0.524680,-0.547641,-0.633074,-0.910866,-0.934363,0
0,1.0000,-0.238375,-0.184152,-0.633074,-0.675724,-0.212150,0
0,0.0500,-0.954136,-0.729386,-0.190509,-0.549418,-0.212150,0
0,1.0000,1.908907,0.179336,-0.633074,1.271577,1.232275,0
0,0.3400,1.336299,-0.365897,-0.633074,-1.115681,-1.656575,0
0,0.8700,0.548962,-0.911130,-0.633074,-0.925859,-0.934363,0
0,1.0000,0.477386,0.542825,-0.633074,-0.780413,-0.934363,0
0,0.4900,-0.739408,2.723758,2.528108,-1.126655,-1.656575,0
0,0.5600,-0.309951,-0.365897,-0.633074,1.625512,1.232275,0
0,0.2500,0.692114,2.178524,-0.633074,-0.000921,-0.212150,0
0,0.2500,-0.238375,-0.547641,-0.633074,-0.576322,-0.212150,0
0,0.0900,0.262657,0.361081,-0.633074,0.739864,0.510063,0
0,1.0000,-0.954136,1.815036,-0.569850,0.226332,0.510063,0
0,0.0400,-0.095223,1.451547,-0.633074,0.388948,0.510063,0
0,1.0000,-0.453103,-0.911130,-0.633074,0.423174,0.510063,0
0,0.0400,0.047929,-0.729386,-0.633074,0.669605,0.510063,0
0,0.5300,0.835266,0.179336,-0.633074,1.077788,1.232275,0
0,0.6000,2.123635,-0.911130,-0.000838,-1.094390,-0.934363,0
0,0.7400,0.047929,-0.911130,-0.633074,-0.910866,-0.934363,0
0,1.0000,-0.810984,-0.002408,1.895872,0.634321,0.510063,0
0,0.0300,-1.669897,1.088058,2.211990,-1.149305,-1.656575,0
0,0.9100,1.264722,0.361081,-0.633074,1.209046,1.232275,0
0,1.0000,0.119505,1.088058,-0.633074,-0.592329,-0.212150,0
0,0.1600,1.694179,-0.911130,-0.633074,-0.523809,-0.212150,0
0,1.0000,0.334233,-1.092874,-0.633074,-1.910746,-1.656575,1
0,0.1400,-0.739408,-0.911130,-0.000838,-1.310178,-1.656575,0
0,0.3700,-1.669897,1.815036,2.211990,0.406647,0.510063,0
0,0.3700,1.193146,-0.184152,-0.633074,-1.376790,-1.656575,0
0,0.5900,0.334233,1.451547,-0.633074,-0.485902,-0.212150,0
0,1.0000,1.694179,1.633291,0.252057,-0.584265,-0.212150,0
0,0.5200,0.906842,0.179336,-0.633074,-0.265697,-0.212150,0
0,0.0700,1.121570,-0.002408,-0.633074,-1.518197,-1.656575,0
0,0.9100,-0.739408,0.906314,0.757846,-1.035196,-0.934363,0
0,1.0000,-0.524680,-1.092874,0.504951,2.243436,1.954488,0
0,0.4100,0.763690,-0.547641,-0.633074,0.182715,0.510063,0
0,1.0000,-0.810984,1.088058,-0.380180,-0.584265,-0.212150,0
0,1.0000,-0.954136,0.542825,0.252057,0.246870,0.510063,0
0,1.0000,-0.453103,1.451547,-0.569850,0.394701,0.510063,0
0,0.9700,-0.810984,-0.002408,2.211990,1.238631,1.232275,0
1,0.1800,-0.453103,-0.729386,-0.633074,-0.882092,-0.934363,0
0,1.0000,-0.095223,2.360269,-0.633074,-1.394832,-1.656575,0
0,0.1300,-0.381527,0.179336,-0.190509,0.725033,0.510063,0
0,0.3700,0.405810,-0.365897,-0.633074,1.391703,1.232275,0
0,1.0000,-1.383592,-0.365897,1.579753,1.676607,1.232275,0
0,0.4900,0.692114,-0.002408,-0.633074,-0.957174,-0.934363,0
0,0.0700,-0.238375,2.542013,-0.443403,0.332732,0.510063,0
0,0.0900,0.835266,-0.729386,1.073964,1.631396,1.232275,0
0,1.0000,-1.884625,1.815036,2.211990,-1.237160,-1.656575,0
0,1.0000,-1.813049,0.542825,1.895872,-0.941286,-0.934363,0
0,0.3700,-0.739408,-0.184152,1.895872,0.894047,1.232275,0
0,0.7000,-1.312016,0.542825,1.895872,-0.267901,-0.212150,0
0,0.7200,0.262657,1.451547,1.895872,-0.007649,-0.212150,0
0,0.0600,0.262657,1.451547,-0.633074,1.222234,1.232275,0
0,0.3400,1.049994,1.451547,2.211990,0.000415,-0.212150,0
0,0.1300,-1.383592,0.724569,2.211990,0.517386,0.510063,0
0,1.0000,-0.524680,-0.729386,-0.127285,-1.210544,-1.656575,0
0,0.3700,1.908907,-0.911130,-0.633074,-0.225472,-0.212150,0
0,1.0000,1.551027,-0.365897,-0.633074,-1.961470,-1.656575,0
0,0.7800,-0.739408,0.542825,1.263635,0.008358,-0.212150,0
0,0.9900,-0.882560,-0.365897,-0.633074,1.191981,1.232275,0
0,1.0000,-0.238375,1.451547,-0.633074,0.423174,0.510063,0
0,0.0700,-1.813049,0.724569,2.211990,0.749091,0.510063,0
0,0.1000,-1.097288,1.451547,2.528108,1.162313,1.232275,0
0,0.8000,-1.741473,1.815036,2.211990,-1.185197,-1.656575,0
0,0.4600,-0.453103,-0.002408,2.528108,1.025830,1.232275,0
0,0.5000,0.835266,1.269803,-0.633074,1.631396,1.232275,0
0,0.7500,0.405810,0.179336,-0.127285,-0.302101,-0.212150,0
0,0.5300,-0.524680,-1.092874,-0.064061,-0.690173,-0.212150,0
0,0.0400,0.548962,1.451547,-0.633074,-0.388870,-0.212150,0
0,0.3100,2.123635,-1.092874,-0.633074,-1.394832,-1.656575,0
0,0.5900,0.262657,1.088058,-0.633074,-1.961470,-1.656575,0
0,0.4200,-1.240440,1.815036,2.211990,0.065612,-0.212150,0
0,0.7900,-1.741473,1.269803,2.211990,-0.925859,-0.934363,0
0,0.0900,-0.238375,0.179336,1.579753,0.773046,0.510063,0
1,0.4500,-1.455169,1.088058,0.757846,0.773046,0.510063,0
0,0.4900,-0.596256,-0.002408,0.188833,-1.185197,-1.656575,0
0,1.0000,-1.097288,0.724569,-0.000838,-1.054205,-0.934363,0
0,1.0000,1.264722,0.179336,-0.633074,-0.925859,-0.934363,0
0,1.0000,-0.309951,2.178524,-0.380180,-0.841652,-0.934363,0
0,0.2500,-0.238375,-0.547641,-0.633074,1.127535,1.232275,0
0,0.1900,-1.455169,-0.729386,1.895872,-0.861488,-0.934363,0
0,0.1300,-0.739408,3.268991,-0.190509,0.458162,0.510063,1
0,1.0000,0.906842,-0.729386,-0.633074,-0.417337,-0.212150,0
0,0.1500,-1.240440,0.361081,1.263635,-0.608833,-0.212150,0
0,0.0900,-0.381527,-0.184152,-0.633074,1.271577,1.232275,0
0,1.0000,-1.025712,-1.092874,-0.633074,-0.400075,-0.212150,0
0,1.0000,0.692114,-1.092874,-0.443403,0.322636,0.510063,0
0,1.0000,-0.309951,1.269803,-0.633074,0.678259,0.510063,0
0,0.1400,1.193146,-1.274619,-0.633074,-0.513200,-0.212150,0
0,0.1300,-0.453103,-1.092874,0.315280,-1.310178,-1.656575,0
0,0.7000,0.763690,1.815036,-0.633074,0.359208,0.510063,0
0,0.0500,-1.741473,0.906314,2.211990,-0.178655,-0.212150,0
0,1.0000,-0.095223,-1.092874,-0.633074,0.035262,-0.212150,0
0,1.0000,-1.097288,0.361081,-0.380180,0.639565,0.510063,0
0,0.8700,0.334233,1.269803,-0.633074,0.244345,0.510063,0
0,1.0000,1.264722,-0.547641,-0.633074,-1.265177,-1.656575,0
0,0.0400,-0.667832,0.542825,0.062386,-1.495547,-1.656575,0
0,0.3000,1.336299,2.905502,-0.633074,-0.786229,-0.934363,0
0,0.0600,-1.598321,-0.547641,1.895872,1.183960,1.232275,0
0,1.0000,-1.312016,-1.092874,-0.000838,1.145363,1.232275,0
0,0.7200,0.763690,-1.092874,1.895872,1.183960,1.232275,0
0,1.0000,-1.383592,0.906314,2.211990,-0.841652,-0.934363,0
0,0.4200,-0.238375,-1.274619,-0.633074,-1.619876,-1.656575,0
0,0.2800,-0.166799,-1.274619,2.528108,2.243436,1.954488,0
0,1.0000,-1.383592,-0.002408,0.252057,-1.473821,-1.656575,0
0,0.2900,-0.166799,-1.274619,2.211990,0.344740,0.510063,0
0,1.0000,-0.882560,-0.547641,-0.633074,-0.695078,-0.212150,0
0,0.5700,0.047929,0.361081,-0.633074,-0.690173,-0.212150,0
1,0.5000,-1.097288,-0.002408,1.263635,-0.055806,-0.212150,0
0,0.1400,1.264722,0.724569,0.188833,-0.675724,-0.212150,0
0,0.3500,-1.669897,1.269803,2.528108,0.334159,0.510063,0
0,0.0400,-1.956201,0.179336,2.528108,-1.495547,-1.656575,0
0,0.0300,-1.598321,1.269803,2.211990,-0.229566,-0.212150,0
0,1.0000,0.763690,0.906314,1.263635,0.406647,0.510063,0
0,0.0600,-0.810984,2.178524,2.528108,-1.044616,-0.934363,1
0,0.0400,-1.813049,1.996780,2.528108,0.406647,0.510063,0
0,0.6800,-1.097288,0.724569,-0.443403,0.703407,0.510063,0
0,0.2700,-0.023647,-1.092874,-0.633074,0.839051,0.510063,0
1,0.6700,-1.669897,-0.184152,2.528108,-1.359339,-1.656575,0
0,0.0600,-0.739408,-1.274619,-0.633074,0.186489,0.510063,0
0,0.0200,-0.954136,-0.547641,-0.190509,-0.509710,-0.212150,0
0,0.0700,-0.596256,-0.184152,-0.190509,-0.854794,-0.934363,0
0,0.1700,-1.168864,0.361081,2.528108,0.517386,0.510063,0
0,1.0000,-0.309951,0.179336,1.010741,0.517386,0.510063,0
0,0.2000,2.767820,0.724569,-0.633074,-1.149305,-1.656575,0
0,1.0000,1.336299,1.451547,-0.633074,-0.154917,-0.212150,0
0,1.0000,0.620538,0.724569,-0.633074,-0.244148,-0.212150,0
0,0.8700,-0.238375,2.723758,-0.633074,0.000415,-0.212150,0
0,0.6300,0.047929,0.179336,-0.633074,0.423174,0.510063,0
0,1.0000,0.191081,-0.184152,0.188833,-0.489238,-0.212150,0
0,0.8600,-1.312016,-0.365897,0.504951,0.247708,0.510063,0
0,0.0800,-0.023647,-0.365897,-0.633074,-0.889141,-0.934363,0
0,0.4200,1.049994,1.451547,-0.380180,-1.161002,-1.656575,0
0,0.3300,2.195212,1.451547,-0.633074,-1.172962,-1.656575,0
0,1.0000,-0.453103,-1.092874,-0.633074,-0.375188,-0.212150,0
0,0.9300,-0.954136,1.633291,1.263635,-1.237160,-1.656575,0
0,0.2100,-0.524680,1.815036,-0.569850,-0.786229,-0.934363,0
0,0.4800,1.264722,0.542825,-0.633074,-0.244148,-0.212150,0
0,0.1200,0.119505,0.542825,0.252057,-0.584265,-0.212150,0
0,0.1500,0.477386,1.088058,-0.633074,-0.786229,-0.934363,0
0,1.0000,0.405810,-0.911130,-0.000838,0.634321,0.510063,0
0,0.4300,0.620538,1.815036,-0.633074,-0.295083,-0.212150,0
0,0.0900,-0.095223,-1.274619,-0.633074,-0.584265,-0.212150,0
0,0.3300,-0.882560,1.633291,-0.633074,0.544457,0.510063,0
1,0.3800,-0.023647,1.088058,2.211990,-1.745682,-1.656575,0
0,1.0000,0.405810,0.906314,1.010741,1.242394,1.232275,0
0,0.2000,-0.023647,1.996780,2.528108,1.242394,1.232275,0
1,1.0000,0.835266,-1.092874,-0.633074,-0.725498,-0.212150,0
1,1.0000,-0.309951,-0.729386,0.188833,-0.780413,-0.934363,0
0,0.7400,-1.455169,2.178524,2.211990,-1.495547,-1.656575,0
0,0.8400,-0.166799,-1.274619,-0.633074,1.484337,1.232275,0
0,0.6900,-0.954136,0.542825,-0.633074,-1.961470,-1.656575,0
0,0.4700,0.119505,2.360269,-0.633074,-1.394832,-1.656575,0
0,0.3100,-1.741473,-0.365897,2.211990,-1.745682,-1.656575,0
0,1.0000,0.047929,-0.365897,-0.633074,1.271577,1.232275,0
1,0.8500,0.620538,-1.092874,-0.633074,0.018768,-0.212150,1
0,0.4000,0.477386,-1.274619,-0.633074,-0.239940,-0.212150,0
0,0.8300,0.763690,-1.092874,-0.633074,-0.146061,-0.212150,0
0,0.5900,0.548962,-0.911130,-0.633074,-0.041184,-0.212150,0
0,0.2600,-0.238375,-0.911130,-0.633074,-0.444327,-0.212150,0
0,0.1600,-0.238375,-1.092874,-0.633074,0.517386,0.510063,0
0,1.0000,1.049994,0.906314,-0.633074,-0.137351,-0.212150,0
0,1.0000,-0.882560,0.724569,-0.633074,-0.804070,-0.934363,0
0,1.0000,-0.524680,2.360269,-0.633074,-0.560782,-0.212150,0
0,0.4600,-1.097288,-0.184152,1.579753,-0.841652,-0.934363,0
1,0.6300,0.978418,0.906314,-0.633074,-0.990447,-0.934363,0
0,0.0500,0.978418,1.088058,0.125610,-0.990447,-0.934363,0
0,0.0300,-0.023647,-0.729386,-0.633074,-0.364491,-0.212150,0
0,0.1300,1.694179,1.996780,-0.190509,-0.417337,-0.212150,0
0,0.8900,0.262657,1.996780,-0.633074,-0.417337,-0.212150,0
0,0.4300,-0.882560,1.996780,-0.190509,1.183960,1.232275,0
0,0.5400,-1.383592,0.724569,1.263635,0.517386,0.510063,0
0,0.4400,-0.023647,1.088058,0.757846,1.631396,1.232275,0
0,0.0300,-0.667832,-0.729386,-0.633074,-0.828828,-0.934363,0
0,0.0900,-0.166799,1.996780,1.895872,0.406647,0.510063,0
0,0.0300,0.191081,0.361081,1.895872,-1.016843,-0.934363,0
0,0.5100,0.763690,-0.911130,-0.633074,0.590844,0.510063,0
0,0.5600,1.121570,-0.729386,-0.633074,1.625512,1.232275,1
0,0.5500,-1.741473,0.906314,2.528108,0.248546,0.510063,0
0,0.0300,-1.598321,1.633291,2.528108,0.692982,0.510063,0
0,0.8400,-0.381527,-1.092874,-0.633074,-1.115681,-1.656575,0
0,0.2400,0.405810,-1.274619,-0.253732,-1.007898,-0.934363,0
0,0.2000,-0.095223,0.906314,-0.633074,-0.786229,-0.934363,0
0,0.9600,-1.312016,0.179336,2.211990,-0.786229,-0.934363,0
0,0.3800,-0.596256,0.542825,-0.633074,-1.495547,-1.656575,0
0,0.4800,-1.168864,1.269803,2.528108,-1.210544,-1.656575,0
0,0.4100,0.262657,-1.274619,-0.633074,-1.342443,-1.656575,0
0,0.3100,-1.097288,-0.729386,-0.000838,0.634321,0.510063,0
0,0.7500,-0.453103,-0.365897,-0.633074,-0.502798,-0.212150,0
0,0.5200,-1.168864,1.996780,1.895872,0.634321,0.510063,0
0,0.2500,0.763690,0.179336,-0.633074,0.634321,0.510063,0
0,0.5000,-1.455169,-0.547641,0.252057,0.634321,0.510063,0
0,1.0000,0.477386,1.088058,-0.633074,-1.172962,-1.656575,0
0,0.9100,-0.166799,-0.547641,-0.633074,0.339123,0.510063,0
0,1.0000,2.338364,0.724569,-0.633074,1.676607,1.232275,0
0,0.2500,0.763690,0.361081,-0.633074,-1.104929,-0.934363,0
0,1.0000,0.334233,-0.365897,-0.633074,-0.621555,-0.212150,0
0,1.0000,1.622603,-0.184152,-0.633074,-1.432863,-1.656575,0
0,1.0000,1.121570,-0.365897,-0.633074,-0.326186,-0.212150,0
0,1.0000,1.336299,0.724569,-0.633074,-0.270114,-0.212150,0
0,1.0000,2.123635,0.906314,-0.633074,-1.115681,-1.656575,0
0,1.0000,1.264722,1.996780,-0.633074,-0.523809,-0.212150,0
0,0.0300,-0.453103,-0.184152,-0.633074,-1.104929,-0.934363,0
0,1.0000,-0.453103,1.269803,-0.633074,0.403529,0.510063,0
0,0.0700,1.121570,-0.547641,-0.633074,0.906587,1.232275,0
0,1.0000,1.765755,0.179336,-0.633074,-1.326066,-1.656575,0
0,0.6400,-0.739408,-0.911130,-0.633074,-1.452948,-1.656575,0
0,1.0000,2.195212,0.179336,-0.633074,-0.816305,-0.934363,0
0,1.0000,2.696244,-0.184152,-0.633074,0.634321,0.510063,0
0,1.0000,1.980483,1.269803,-0.633074,0.329867,0.510063,0
0,0.7800,0.835266,0.724569,-0.633074,0.853477,0.510063,0
0,1.0000,-0.309951,-0.365897,-0.633074,-1.910746,-1.656575,0
0,0.4600,0.763690,1.269803,-0.633074,0.634321,0.510063,0
0,0.5000,0.620538,-0.547641,-0.633074,-1.172962,-1.656575,0
0,1.0000,1.121570,-0.184152,-0.633074,-0.182403,-0.212150,0
0,1.0000,0.763690,0.179336,-0.633074,0.090960,-0.212150,0
0,1.0000,-0.524680,1.451547,-0.633074,-1.185197,-1.656575,0
0,0.6600,-1.312016,0.724569,1.579753,-0.295083,-0.212150,0
0,1.0000,0.620538,-0.365897,-0.633074,-0.225472,-0.212150,0
0,1.0000,3.125701,0.361081,-0.633074,0.741855,0.510063,0
0,0.4900,-0.309951,1.088058,-0.633074,-1.104929,-0.934363,0
0,0.6200,-0.238375,0.179336,-0.506627,-0.489238,-0.212150,0
0,1.0000,-0.095223,-0.547641,-0.633074,-1.115681,-1.656575,0
0,1.0000,2.123635,0.906314,-0.633074,-1.359339,-1.656575,0
0,1.0000,2.052059,-0.547641,-0.633074,2.243436,1.954488,0
0,0.4300,-0.309951,2.723758,-0.633074,-0.063270,-0.212150,0
0,1.0000,1.264722,1.269803,-0.633074,-1.376790,-1.656575,0
0,0.4200,-0.524680,-0.002408,-0.633074,0.403529,0.510063,0
0,1.0000,2.195212,1.451547,-0.633074,0.194885,0.510063,0
0,1.0000,1.908907,-0.729386,-0.633074,-1.294751,-1.656575,0
0,1.0000,-0.238375,1.088058,-0.633074,-0.949171,-0.934363,0
0,0.1400,0.047929,1.088058,-0.633074,-0.835201,-0.934363,0
0,0.8800,-0.882560,0.179336,-0.633074,-0.757762,-0.934363,0
0,1.0000,-0.166799,-0.365897,-0.633074,1.238631,1.232275,0
0,1.0000,1.765755,-0.729386,-0.633074,-0.933517,-0.934363,0
0,0.5000,1.264722,0.179336,-0.633074,-0.763335,-0.934363,1
0,1.0000,0.978418,1.996780,-0.633074,-0.918310,-0.934363,0
0,1.0000,1.622603,1.088058,-0.633074,-1.910746,-1.656575,0
0,1.0000,2.052059,-0.184152,-0.633074,-1.711335,-1.656575,0
0,0.2200,-0.095223,0.179336,-0.633074,1.243944,1.232275,0
1,1.0000,0.620538,-0.184152,-0.633074,-0.592329,-0.212150,0
0,0.1600,0.906842,0.542825,-0.633074,0.090960,-0.212150,0
0,0.6500,-0.954136,-0.729386,-0.633074,-0.666304,-0.212150,0
0,1.0000,0.835266,0.179336,-0.633074,-0.295083,-0.212150,0
0,1.0000,-0.453103,1.451547,-0.633074,-1.821840,-1.656575,0
0,1.0000,1.479451,0.724569,-0.633074,0.329867,0.510063,0
0,0.2500,0.477386,-0.002408,-0.633074,-1.961470,-1.656575,0
0,1.0000,0.620538,-0.729386,-0.633074,-0.720306,-0.212150,0
0,1.0000,0.047929,0.542825,-0.633074,1.676607,1.232275,0
0,1.0000,-0.596256,0.724569,-0.633074,-2.602223,-1.656575,0
0,1.0000,2.052059,-0.729386,-0.633074,-1.326066,-1.656575,0
0,0.2400,0.191081,1.088058,-0.506627,-0.417337,-0.212150,0
0,1.0000,-1.025712,-0.365897,-0.633074,-1.223686,-1.656575,0
0,0.4000,-1.025712,1.451547,1.579753,-1.185197,-1.656575,0
0,0.0700,0.334233,1.088058,-0.633074,-0.882092,-0.934363,0
0,1.0000,-0.023647,1.088058,-0.190509,-0.768967,-0.934363,0
0,1.0000,-1.025712,-0.365897,-0.000838,-1.326066,-1.656575,0
0,1.0000,-0.882560,0.179336,-0.380180,-0.828828,-0.934363,0
0,1.0000,1.908907,1.451547,-0.633074,-0.768967,-0.934363,0
0,0.1800,0.334233,-0.002408,-0.633074,-0.438210,-0.212150,0
0,0.2400,0.477386,0.179336,-0.633074,-1.782400,-1.656575,0
0,1.0000,-0.023647,0.906314,0.315280,-1.619876,-1.656575,0
0,0.2500,0.692114,0.906314,-0.633074,0.008358,-0.212150,0
0,0.5800,-1.025712,0.724569,1.263635,0.017478,-0.212150,0
0,0.7400,-0.023647,0.724569,-0.633074,1.209046,1.232275,0
0,1.0000,-0.023647,1.996780,-0.633074,-1.294751,-1.656575,0
0,1.0000,0.047929,2.905502,-0.633074,0.008358,-0.212150,0
0,1.0000,0.620538,1.633291,-0.633074,0.390872,0.510063,0
0,0.1600,-0.524680,0.179336,-0.633074,-0.828828,-0.934363,0
0,0.9100,-1.025712,1.451547,-0.190509,-1.104929,-0.934363,0
0,1.0000,-0.023647,1.269803,-0.633074,-1.432863,-1.656575,0
0,0.2400,0.906842,-0.002408,0.504951,-0.270114,-0.212150,0
0,1.0000,0.978418,0.906314,-0.633074,-1.035196,-0.934363,0
0,1.0000,1.908907,1.088058,-0.633074,-1.782400,-1.656575,0
0,0.0300,0.477386,-1.092874,-0.633074,-0.151357,-0.212150,0
0,1.0000,0.692114,-0.365897,-0.633074,0.149502,0.510063,0
0,0.1600,-0.381527,0.542825,0.188833,-0.182403,-0.212150,0
0,1.0000,0.906842,-0.184152,-0.633074,0.334159,0.510063,0
0,1.0000,0.191081,0.906314,-0.633074,-1.149305,-1.656575,0
0,0.3400,-0.667832,1.451547,-0.569850,0.482971,0.510063,0
0,1.0000,-0.095223,-0.729386,-0.633074,-0.469525,-0.212150,0
0,1.0000,-0.381527,1.269803,-0.064061,-1.679070,-1.656575,0
0,1.0000,1.980483,0.724569,-0.633074,-1.294751,-1.656575,0
0,0.4900,-0.309951,1.633291,-0.633074,-1.035196,-0.934363,0
0,0.5100,0.119505,2.178524,-0.633074,-1.161002,-1.656575,0
0,1.0000,-0.524680,0.361081,-0.190509,1.408905,1.232275,0
0,0.2900,1.193146,2.905502,-0.190509,0.369307,0.510063,0
0,0.2500,-0.095223,-0.184152,1.263635,0.869869,1.232275,0
0,1.0000,-0.954136,-0.184152,2.211990,0.384429,0.510063,0
0,0.6200,1.980483,-0.911130,-0.633074,-1.035196,-0.934363,0
0,0.5000,-1.097288,1.451547,-0.380180,-1.495547,-1.656575,0
0,0.0700,0.620538,-1.092874,-0.633074,1.259820,1.232275,0
0,0.1000,-0.882560,0.542825,-0.633074,0.872467,1.232275,0
0,0.0900,-0.095223,1.451547,-0.633074,0.388948,0.510063,0
0,0.1000,-0.381527,1.269803,-0.633074,-0.057291,-0.212150,0
1,0.5300,-1.025712,0.179336,1.579753,0.000415,-0.212150,0
0,0.4800,0.405810,0.724569,-0.633074,0.000415,-0.212150,0
1,0.7900,-1.741473,0.179336,2.528108,-1.084056,-0.934363,0
0,0.2800,0.477386,-0.365897,0.125610,0.090960,-0.212150,0
0,0.0900,2.052059,-0.365897,-0.633074,0.090960,-0.212150,0
0,0.0800,2.052059,-1.274619,-0.190509,0.517386,0.510063,0
0,0.4700,-0.381527,1.088058,-0.633074,-1.821840,-1.656575,0
0,0.1600,-0.453103,1.451547,-0.190509,-1.185197,-1.656575,0
0,0.4800,1.049994,2.723758,-0.380180,1.676607,1.232275,0
0,0.5900,-0.739408,0.361081,-0.633074,0.638359,0.510063,0
0,0.5600,0.620538,-0.365897,-0.633074,-2.233331,-1.656575,0
0,0.3000,0.191081,1.633291,-0.633074,-2.233331,-1.656575,0
0,0.2600,0.334233,0.542825,-0.633074,-1.104929,-0.934363,0
0,0.2800,-0.810984,1.088058,-0.633074,-1.126655,-1.656575,0
0,0.1200,-1.025712,-0.547641,2.528108,1.222234,1.232275,0
0,0.3300,-1.598321,1.269803,2.528108,-0.861488,-0.934363,0
1,0.4800,0.763690,0.542825,0.125610,-1.035196,-0.934363,0
0,0.4200,0.620538,-1.274619,-0.633074,-1.566612,-1.656575,0
0,0.1900,0.334233,-1.274619,-0.633074,-1.035196,-0.934363,0
0,0.3000,-0.238375,-0.184152,-0.000838,-0.193808,-0.212150,0
0,0.2700,-0.453103,-0.729386,-0.633074,-0.456777,-0.212150,0
0,1.0000,0.835266,-1.092874,-0.633074,-0.710071,-0.212150,0
0,0.5100,0.835266,1.088058,-0.633074,1.183960,1.232275,0
0,0.2800,-1.168864,-0.547641,-0.633074,1.183960,1.232275,0
0,0.6900,0.548962,1.633291,2.528108,-0.331137,-0.212150,0
0,0.6900,-0.667832,0.361081,1.263635,-0.889141,-0.934363,0
0,0.6300,0.906842,-0.547641,0.378504,-0.195733,-0.212150,0
1,0.4300,-1.025712,0.906314,1.579753,0.825924,0.510063,0
0,0.0400,-1.240440,1.269803,1.895872,-0.965299,-0.934363,0
0,0.1900,-1.813049,1.269803,2.528108,0.517386,0.510063,0
1,0.0900,-1.526745,0.724569,2.528108,0.517386,0.510063,0
0,0.7500,-1.025712,0.179336,0.757846,-0.990447,-0.934363,0
0,0.0500,-0.381527,-1.274619,-0.633074,-0.918310,-0.934363,0
0,0.9400,-0.810984,1.996780,2.211990,1.064951,1.232275,0
0,0.3800,-1.312016,1.815036,2.528108,0.296524,0.510063,0
0,0.1800,-1.526745,1.269803,2.528108,0.830429,0.510063,0
0,0.1200,-1.598321,1.269803,1.579753,-0.580279,-0.212150,0
0,0.5400,1.264722,-1.274619,-0.633074,-0.309213,-0.212150,0
0,0.0300,-0.023647,-1.092874,-0.633074,-1.016843,-0.934363,0
0,0.5000,0.835266,-1.274619,-0.633074,-0.367145,-0.212150,0
0,0.0500,1.336299,0.906314,-0.380180,-0.804070,-0.934363,0
0,0.0200,0.191081,-1.274619,-0.633074,-0.973550,-0.934363,0
0,0.1000,1.264722,0.179336,0.757846,1.219946,1.232275,0
0,0.4000,-1.097288,0.542825,2.528108,-0.469525,-0.212150,0
0,0.1300,-0.667832,0.361081,-0.633074,1.127535,1.232275,0
0,0.0800,0.835266,-1.092874,-0.633074,0.544457,0.510063,0
0,0.0700,0.191081,1.815036,2.528108,0.869869,1.232275,0
0,0.0800,-0.238375,0.179336,-0.633074,-0.861488,-0.934363,0
0,0.4000,-0.381527,-1.274619,-0.633074,-0.459936,-0.212150,0
0,0.0500,-1.669897,-0.184152,2.528108,-0.333630,-0.212150,0
0,0.1400,0.047929,-0.184152,-0.633074,0.000415,-0.212150,0
0,0.1100,-0.238375,1.633291,2.528108,0.000415,-0.212150,0
0,0.0800,-0.238375,0.361081,-0.633074,0.143420,0.510063,0
0,0.0200,1.193146,-1.274619,-0.633074,1.191981,1.232275,0
1,0.7200,1.193146,1.633291,0.378504,1.631396,1.232275,0
0,1.0000,-1.383592,1.269803,-0.000838,-1.035196,-0.934363,0
0,0.2500,1.193146,0.179336,-0.633074,-0.417337,-0.212150,0
0,0.0500,-0.524680,-0.729386,-0.633074,-0.063270,-0.212150,0
0,1.0000,-0.739408,1.088058,-0.633074,0.885014,1.232275,0
0,1.0000,1.980483,0.906314,1.895872,0.332732,0.510063,0
0,1.0000,0.763690,1.633291,-0.633074,-2.017543,-1.656575,0
0,0.4700,-1.383592,-0.184152,0.252057,-0.910866,-0.934363,0
0,0.8600,1.264722,0.724569,0.252057,0.307123,0.510063,0
0,1.0000,0.477386,-0.547641,-0.633074,-0.441260,-0.212150,0
0,1.0000,0.620538,0.179336,-0.633074,-0.502798,-0.212150,0
0,1.0000,1.622603,0.724569,-0.633074,-1.237160,-1.656575,0
0,1.0000,0.477386,0.179336,-0.633074,0.634321,0.510063,0
0,1.0000,1.193146,0.906314,-0.064061,1.306857,1.232275,0
0,0.2100,-0.166799,1.269803,-0.633074,0.148493,0.510063,0
0,1.0000,-1.312016,0.906314,0.757846,-1.359339,-1.656575,0
1,0.9600,-0.095223,0.361081,-0.633074,1.271577,1.232275,0
0,0.2400,0.119505,-0.184152,-0.633074,-1.376790,-1.656575,0
0,1.0000,-1.240440,1.451547,-0.633074,1.135339,1.232275,0
0,1.0000,0.978418,-0.547641,-0.633074,0.337709,0.510063,0
0,0.1500,-0.524680,1.088058,-0.633074,-0.254813,-0.212150,0
0,1.0000,0.620538,-0.729386,-0.633074,0.186489,0.510063,0
1,0.8100,0.405810,-0.002408,-0.633074,-0.774659,-0.934363,0
0,0.2300,1.908907,-0.365897,-0.506627,1.625512,1.232275,0
0,0.3800,-1.168864,-0.184152,-0.000838,-0.356606,-0.212150,0
0,1.0000,0.047929,1.996780,-0.633074,-0.472760,-0.212150,0
0,0.2200,0.477386,1.633291,-0.633074,0.517386,0.510063,0
0,0.7300,-1.312016,-0.002408,0.252057,2.243436,1.954488,1
1,1.0000,2.266788,0.179336,-0.633074,0.739864,0.510063,0
0,0.9900,0.262657,1.269803,-0.633074,0.678259,0.510063,0
0,1.0000,1.049994,-0.911130,-0.633074,-0.227515,-0.212150,0
1,1.0000,-1.526745,2.178524,2.211990,-1.782400,-1.656575,0
0,0.5200,0.548962,0.724569,1.010741,-1.197720,-1.656575,0
0,0.3900,-1.741473,0.361081,1.895872,-0.861488,-0.934363,0
0,0.9100,-0.381527,-0.911130,0.252057,0.090960,-0.212150,0
0,1.0000,-0.810984,-0.729386,1.579753,-1.518197,-1.656575,0
0,0.6700,-1.097288,1.633291,0.504951,-0.246264,-0.212150,0
0,1.0000,0.262657,-0.729386,-0.633074,2.243436,1.954488,0
0,0.1900,2.052059,1.451547,-0.633074,0.008358,-0.212150,0
0,1.0000,1.980483,-1.092874,-0.633074,-0.786229,-0.934363,0
0,0.0700,-1.383592,0.906314,1.263635,0.955098,1.232275,0
0,1.0000,-1.312016,-0.365897,0.252057,0.279430,0.510063,0
0,0.2400,0.262657,-1.274619,-0.633074,0.698759,0.510063,0
0,0.9600,2.123635,-0.365897,-0.633074,0.540603,0.510063,0
0,0.8700,0.620538,-0.365897,0.252057,1.421520,1.232275,0
0,0.0300,-0.166799,-0.002408,-0.633074,1.074608,1.232275,0
0,0.1200,0.620538,-0.729386,-0.633074,-1.137859,-1.656575,0
0,0.8700,0.047929,-0.365897,0.504951,2.243436,1.954488,0
0,0.8700,0.047929,-0.365897,-0.633074,0.797463,0.510063,0
0,0.1200,0.692114,-0.365897,-0.633074,-0.580279,-0.212150,0
0,0.8000,1.407875,-0.365897,-0.633074,-1.541854,-1.656575,0
0,0.1800,-0.596256,0.542825,1.263635,-0.411521,-0.212150,0
0,0.2600,-0.667832,-0.729386,-0.633074,1.136602,1.232275,0
0,0.6300,0.906842,-0.911130,-0.633074,0.821665,0.510063,0
0,0.3600,0.620538,-0.365897,-0.633074,0.185548,0.510063,0
0,0.4500,-0.524680,1.451547,0.188833,1.025830,1.232275,0
0,0.5400,0.119505,-0.365897,-0.633074,1.319981,1.232275,0
0,0.3300,-0.095223,-0.365897,1.010741,1.579313,1.232275,0
0,0.4600,0.262657,-0.365897,-0.633074,0.135201,0.510063,0
0,0.1600,0.477386,-0.184152,-0.633074,-0.149586,-0.212150,0
0,0.3800,0.692114,-0.365897,4.108699,-0.042628,-0.212150,0
0,0.2000,0.405810,0.542825,-0.633074,0.683459,0.510063,0
0,0.2900,-1.025712,-0.911130,-0.190509,0.742517,0.510063,0
0,0.1200,2.123635,-0.365897,-0.633074,-0.774659,-0.934363,0
0,0.8700,-0.381527,-0.365897,-0.633074,1.124961,1.232275,0
0,0.9500,1.837331,-0.365897,-0.633074,-0.810152,-0.934363,0
0,0.9500,0.405810,-0.365897,-0.633074,1.450892,1.232275,0
0,0.0400,-0.238375,-0.365897,-0.633074,-1.063971,-0.934363,0
0,0.9600,0.047929,0.179336,-0.633074,-1.137859,-1.656575,0
0,0.0300,1.908907,-0.911130,0.252057,1.243944,1.232275,0
0,0.1200,0.763690,-0.547641,-0.633074,-0.957174,-0.934363,0
0,0.1500,1.479451,-0.547641,-0.633074,-0.151357,-0.212150,0
0,0.8000,0.119505,-1.092874,-0.633074,-1.432863,-1.656575,0
0,0.8000,0.763690,-0.547641,-0.633074,1.306857,1.232275,0
0,0.8000,1.049994,-1.092874,-0.253732,2.243436,1.954488,0
0,0.8000,-1.312016,-0.547641,1.263635,-1.473821,-1.656575,0
0,0.2900,-1.168864,-0.184152,1.579753,-0.426183,-0.212150,0
0,0.2100,1.407875,-1.274619,0.252057,0.245188,0.510063,0
0,0.2800,1.837331,-0.547641,-0.633074,1.319981,1.232275,0
0,0.7100,-0.238375,0.179336,-0.253732,0.365962,0.510063,0
0,0.2800,-0.023647,-0.002408,-0.000838,-0.176791,-0.212150,0
0,0.7100,0.119505,-0.547641,-0.633074,2.243436,1.954488,0
0,0.2500,-0.453103,-0.547641,1.263635,1.502092,1.232275,0
0,0.7100,0.262657,-0.547641,-0.633074,0.240111,0.510063,0
0,0.3600,-0.810984,-0.547641,-0.190509,1.351548,1.232275,0
0,0.3600,0.620538,-0.365897,0.125610,1.077436,1.232275,0
0,0.3600,1.908907,-0.547641,-0.633074,1.500184,1.232275,0
0,0.6300,1.837331,-0.547641,-0.633074,-0.534634,-0.212150,0
0,0.4500,1.193146,-0.911130,0.504951,-0.657048,-0.212150,0
0,0.2000,0.548962,-0.184152,-0.633074,0.667324,0.510063,0
0,0.5400,0.620538,-0.365897,0.125610,0.226332,0.510063,0
0,0.4500,0.191081,-1.092874,-0.633074,0.032758,-0.212150,0
0,0.5400,-0.381527,-0.002408,-0.633074,-0.810152,-0.934363,0
0,0.5300,-0.954136,-0.547641,-0.190509,1.514565,1.232275,0
0,0.4600,0.405810,-0.547641,-0.633074,-1.495547,-1.656575,0
0,0.5300,0.763690,-0.547641,-0.633074,-0.768967,-0.934363,0
0,0.4600,0.978418,-0.547641,-0.633074,0.226332,0.510063,0
0,0.4600,0.191081,0.542825,1.010741,-0.014463,-0.212150,0
0,0.0500,-0.739408,-1.274619,1.263635,0.686407,0.510063,0
0,0.0400,-0.524680,0.542825,1.010741,0.846177,0.510063,0
0,0.5200,-0.954136,-0.547641,0.504951,-0.489238,-0.212150,0
0,0.9500,-1.312016,-0.729386,1.895872,0.016185,-0.212150,0
0,0.6100,1.765755,-1.092874,-0.633074,1.222234,1.232275,0
0,0.2900,1.049994,-0.547641,-0.316956,1.568073,1.232275,0
0,0.0900,-0.166799,-0.729386,-0.633074,-1.864439,-1.656575,0
0,0.7000,-0.453103,-0.547641,-0.633074,-0.741386,-0.934363,0
0,0.2900,2.409940,-0.547641,-0.569850,-0.630209,-0.212150,0
0,0.7000,-1.312016,0.179336,-0.190509,0.602158,0.510063,0
0,0.1200,2.839396,-0.547641,0.125610,1.271577,1.232275,0
0,0.0400,-1.312016,-0.911130,1.263635,-0.752247,-0.934363,0
0,0.0300,1.622603,-0.547641,-0.633074,0.018768,-0.212150,0
0,0.9500,0.477386,-0.002408,-0.633074,0.957753,1.232275,0
0,0.0400,1.837331,-0.729386,-0.633074,0.771796,0.510063,0
1,0.9500,-0.095223,-0.729386,-0.633074,0.136235,0.510063,0
0,0.0400,0.692114,-0.547641,-0.633074,-1.137859,-1.656575,0
0,0.0400,-1.240440,1.451547,1.579753,-0.822529,-0.934363,0
0,0.4200,1.336299,0.542825,-0.633074,-0.246264,-0.212150,0
0,0.0300,0.692114,-0.729386,-0.633074,0.307123,0.510063,0
0,0.8700,0.978418,-0.729386,-0.633074,-1.115681,-1.656575,0
0,0.8700,-1.312016,-0.729386,1.010741,-1.016843,-0.934363,0
0,0.8700,-0.023647,-0.547641,-0.633074,1.243944,1.232275,0
0,0.4000,2.696244,-1.274619,-0.633074,1.150766,1.232275,0
0,0.1200,0.978418,-0.365897,-0.633074,2.243436,1.954488,0
0,0.8600,-0.954136,0.361081,-0.569850,0.976619,1.232275,0
0,0.8700,1.837331,-0.365897,-0.633074,-0.221409,-0.212150,0
0,0.8700,1.980483,-0.002408,-0.633074,1.249586,1.232275,0
0,0.0500,0.692114,-0.729386,-0.633074,1.828194,1.954488,0
0,0.0800,-0.381527,-0.729386,1.579753,1.272800,1.232275,0
0,0.2800,1.765755,-0.729386,-0.633074,-1.073918,-0.934363,0
0,0.8000,-0.882560,-0.729386,-0.633074,0.256024,0.510063,0
0,0.1600,-0.238375,-0.547641,-0.633074,1.124961,1.232275,0
0,0.6200,1.622603,-1.274619,-0.633074,-0.910866,-0.934363,0
0,0.8000,-0.739408,-0.729386,-0.380180,0.175084,0.510063,0
0,0.2800,1.336299,-0.729386,-0.633074,0.820238,0.510063,0
0,0.7100,-0.453103,-0.729386,-0.633074,0.193031,0.510063,0
0,0.2800,0.119505,-0.729386,-0.633074,1.337893,1.232275,0
0,0.2800,1.765755,-0.729386,-0.633074,2.243436,1.954488,0
0,0.4700,0.334233,-1.274619,-0.633074,-0.120346,-0.212150,0
0,0.0600,-0.166799,-1.274619,-0.633074,1.031049,1.232275,0
0,0.1400,-1.312016,-0.365897,1.579753,1.282241,1.232275,0
0,0.2800,0.620538,-0.729386,-0.633074,1.127535,1.232275,0
0,0.3500,-1.025712,-0.002408,1.263635,-0.263502,-0.212150,0
0,0.3600,0.477386,-0.365897,-0.633074,-0.276808,-0.212150,0
0,0.6300,-0.381527,-0.547641,-0.633074,0.961054,1.232275,0
0,0.6300,0.692114,-0.911130,-0.633074,-0.495975,-0.212150,0
0,0.6300,0.835266,-0.729386,-0.633074,1.486467,1.232275,0
0,0.6300,0.191081,-0.729386,-0.633074,1.278871,1.232275,0
0,0.6300,-0.381527,-0.729386,-0.633074,1.243944,1.232275,0
0,0.2500,-0.166799,-1.274619,-0.633074,1.124961,1.232275,0
0,0.4500,0.692114,-0.547641,-0.633074,2.243436,1.954488,0
0,0.4500,0.047929,-0.547641,1.579753,-1.250984,-1.656575,0
0,0.5400,1.049994,-0.729386,-0.633074,1.518274,1.232275,0
0,0.5400,0.047929,-0.729386,-0.633074,0.035262,-0.212150,0
0,0.4500,1.193146,-0.729386,-0.633074,-0.499376,-0.212150,0
0,0.2200,0.191081,-0.729386,0.252057,1.012854,1.232275,0
0,0.4500,-0.023647,-0.729386,-0.633074,-0.541974,-0.212150,0
0,0.5400,1.049994,-0.729386,-0.633074,1.380151,1.232275,0
0,0.0800,-0.810984,-0.911130,-0.633074,0.149502,0.510063,0
0,0.0500,-1.526745,0.542825,2.211990,0.594351,0.510063,0
0,0.3500,0.191081,-0.911130,-0.633074,0.367972,0.510063,0
0,0.6300,0.262657,-0.911130,-0.633074,-0.828828,-0.934363,0
0,0.0500,-0.309951,-0.911130,-0.506627,-1.541854,-1.656575,0
0,0.4200,0.119505,-0.911130,-0.633074,0.397871,0.510063,0
0,0.5700,1.193146,-0.911130,-0.633074,0.125799,0.510063,0
0,0.5700,-1.455169,-0.911130,0.757846,1.071052,1.232275,0
0,0.4300,-0.739408,-0.911130,-0.569850,-1.619876,-1.656575,0
0,0.5500,0.119505,0.542825,-0.633074,-0.746789,-0.934363,0
0,0.5500,-0.095223,-0.911130,-0.633074,-0.276808,-0.212150,0
0,0.5500,0.191081,-0.911130,-0.633074,0.018768,-0.212150,0
0,0.4400,0.334233,-0.911130,-0.633074,-0.621555,-0.212150,0
0,0.5400,1.121570,-0.911130,-0.633074,0.423174,0.510063,0
0,0.4800,-0.166799,-0.911130,-0.633074,2.243436,1.954488,0
0,0.4900,1.264722,-0.911130,-0.633074,-1.172962,-1.656575,0
0,0.0200,0.835266,-1.274619,-0.633074,-0.499376,-0.212150,0
0,0.4900,-1.168864,-0.729386,1.895872,1.518351,1.232275,0
0,0.4900,0.191081,-0.911130,-0.633074,1.145363,1.232275,0
0,0.5000,0.692114,-0.547641,-0.633074,1.467581,1.232275,0
0,0.4900,0.548962,-0.547641,-0.633074,0.639565,0.510063,0
0,0.1100,-0.166799,-0.911130,-0.633074,-0.757762,-0.934363,0
0,0.4500,0.405810,-0.911130,-0.506627,-1.495547,-1.656575,0
0,0.5400,0.978418,-0.729386,-0.633074,0.315305,0.510063,0
0,0.5500,-0.667832,-0.911130,-0.633074,2.001593,1.954488,0
0,0.1200,-0.739408,-0.911130,-0.380180,1.676607,1.232275,0
0,0.1700,-1.097288,-0.547641,-0.380180,0.407268,0.510063,0
0,0.0500,0.548962,-1.274619,0.125610,-1.821840,-1.656575,0
0,0.5700,0.763690,-0.911130,-0.633074,0.450774,0.510063,0
0,0.5700,0.978418,-0.911130,-0.633074,1.025441,1.232275,0
0,0.0500,0.477386,-1.274619,-0.190509,0.367972,0.510063,0
0,0.5900,-1.025712,-0.911130,1.579753,-1.149305,-1.656575,0
0,0.6000,-1.240440,-0.729386,2.211990,1.077788,1.232275,0
0,0.6100,0.477386,-0.911130,-0.633074,-0.139082,-0.212150,0
0,0.3500,-0.810984,-0.365897,-0.633074,-0.918310,-0.934363,0
0,0.2400,-0.309951,1.451547,-0.633074,1.344338,1.232275,0
0,0.6500,0.477386,-0.911130,-0.633074,-0.097417,-0.212150,0
0,0.3200,0.334233,-0.911130,-0.633074,-0.246264,-0.212150,0
0,0.3200,-0.381527,-0.911130,-0.633074,-0.133906,-0.212150,0
0,0.3100,-0.023647,-1.274619,-0.316956,0.537695,0.510063,0
0,0.0500,0.405810,-1.092874,-0.633074,2.243436,1.954488,0
0,0.2800,-0.596256,-0.911130,-0.380180,0.804281,0.510063,0
0,0.1400,-1.455169,-0.547641,1.263635,0.186489,0.510063,0
0,0.7200,0.548962,-0.911130,-0.633074,0.731825,0.510063,0
0,0.3800,-0.810984,-0.911130,0.252057,-0.057291,-0.212150,0
0,0.7400,-0.023647,0.542825,-0.633074,-0.882092,-0.934363,0
0,0.7500,0.692114,-0.911130,-0.633074,1.017806,1.232275,0
0,0.7500,-0.309951,-0.911130,1.263635,-0.140818,-0.212150,0
0,0.7800,-1.097288,-0.911130,1.263635,-0.081624,-0.212150,0
0,0.1900,2.266788,-0.911130,-0.633074,2.243436,1.954488,0
0,0.1900,-0.238375,-0.911130,1.895872,0.315305,0.510063,0
0,0.9800,0.835266,-0.911130,-0.633074,0.495218,0.510063,0
0,0.2700,-0.166799,-0.365897,0.125610,-0.720306,-0.212150,0
0,0.8400,0.835266,-0.911130,-0.253732,0.909254,1.232275,0
0,0.8400,0.334233,-0.911130,-0.380180,1.124961,1.232275,0
0,0.3500,1.193146,-0.911130,-0.633074,0.280219,0.510063,0
0,0.8700,-0.023647,-0.911130,-0.633074,0.759764,0.510063,0
0,0.0600,-1.025712,-0.365897,0.757846,-1.025940,-0.934363,0
0,0.7500,-0.667832,-0.911130,-0.633074,-0.080070,-0.212150,0
0,0.0500,-0.882560,-0.911130,-0.190509,1.186839,1.232275,0
0,0.0900,1.336299,-0.911130,-0.633074,-0.081624,-0.212150,0
0,0.9000,1.049994,-0.911130,-0.633074,0.693708,0.510063,0
0,0.1200,0.835266,-0.911130,-0.633074,0.285710,0.510063,0
0,0.0200,0.906842,-1.274619,-0.633074,-0.209404,-0.212150,0
0,0.0500,-1.383592,0.542825,1.895872,-1.161002,-1.656575,0
0,0.0400,0.191081,-1.092874,-0.633074,0.334159,0.510063,0
0,0.0400,0.692114,-0.911130,-0.633074,-1.619876,-1.656575,0
0,0.9700,1.121570,-0.911130,-0.633074,0.016185,-0.212150,0
1,0.9700,0.191081,-0.365897,-0.633074,-0.118675,-0.212150,0
0,0.9900,-0.524680,-0.911130,-0.190509,-0.246264,-0.212150,0
0,0.5100,-1.097288,-0.365897,-0.190509,0.492050,0.510063,0
0,0.9500,-0.810984,-1.092874,-0.380180,-2.233331,-1.656575,0
0,0.0400,-1.312016,-0.547641,3.666133,-0.246264,-0.212150,0
0,0.9600,-0.381527,-1.092874,-0.443403,1.715254,1.954488,0
0,0.0400,-0.166799,-0.911130,-0.633074,-0.135626,-0.212150,0
0,0.0500,-0.882560,-1.092874,1.010741,-0.217378,-0.212150,0
1,0.9300,0.620538,-1.092874,-0.633074,1.222234,1.232275,0
0,0.1000,-1.383592,-0.911130,2.528108,-0.661656,-0.212150,0
0,0.8900,-0.882560,-1.092874,0.252057,0.154518,0.510063,0
0,0.8900,0.620538,-1.092874,-0.633074,-0.957174,-0.934363,0
0,0.8800,0.978418,-1.092874,-0.633074,0.593914,0.510063,0
1,0.7500,-0.095223,0.542825,-0.633074,0.639565,0.510063,0
0,0.8600,0.405810,-1.092874,-0.633074,0.661194,0.510063,0
0,0.4400,1.336299,-0.729386,-0.633074,-0.882092,-0.934363,0
0,0.5600,-1.526745,-1.092874,0.757846,-0.377897,-0.212150,0
0,0.8200,2.052059,-0.911130,-0.633074,-0.810152,-0.934363,0
0,0.1500,-0.667832,-1.092874,2.528108,2.243436,1.954488,0
0,0.1000,0.119505,-0.547641,-0.633074,0.090960,-0.212150,0
0,0.1700,0.835266,-1.092874,-0.633074,-0.482586,-0.212150,0
0,0.1700,-0.596256,0.542825,0.252057,-0.113694,-0.212150,0
0,0.8000,0.835266,-0.911130,-0.633074,1.001996,1.232275,0
0,0.8100,1.765755,-1.092874,-0.633074,-1.864439,-1.656575,0
0,0.1900,-0.166799,-0.002408,-0.633074,-0.730741,-0.212150,0
0,0.2000,0.047929,-1.092874,-0.633074,1.417813,1.232275,0
0,0.2100,0.047929,-0.911130,-0.633074,0.109752,-0.212150,0
0,0.4800,1.336299,-0.547641,-0.633074,0.575223,0.510063,0
0,0.2000,-0.095223,1.451547,-0.633074,-0.209404,-0.212150,0
0,0.7600,-0.810984,-1.092874,2.528108,0.154518,0.510063,0
0,0.3200,-0.954136,-0.911130,0.694622,-0.209404,-0.212150,0
0,0.2400,-0.882560,-0.184152,1.895872,-0.146061,-0.212150,0
0,0.7500,-1.240440,1.451547,1.895872,1.127535,1.232275,0
0,0.7300,0.763690,-0.184152,-0.633074,-0.545683,-0.212150,0
0,0.2600,-1.455169,-1.092874,1.895872,1.277057,1.232275,0
0,0.2800,-0.381527,-0.911130,-0.633074,1.465289,1.232275,0
0,0.7000,-1.383592,-0.184152,2.211990,0.238408,0.510063,0
0,0.6700,-0.810984,-1.092874,-0.380180,-0.990447,-0.934363,0
0,0.6800,2.266788,-0.002408,-0.633074,-1.711335,-1.656575,0
0,0.0600,0.477386,-1.274619,-0.633074,1.676607,1.232275,0
0,0.1000,-1.240440,-1.092874,0.504951,0.214867,0.510063,0
0,0.3100,0.906842,1.451547,-0.633074,1.225981,1.232275,0
0,0.3500,-0.524680,-1.092874,2.211990,2.243436,1.954488,0
0,0.3200,-0.810984,0.542825,2.528108,1.715254,1.954488,0
0,0.0200,0.334233,0.542825,-0.633074,0.386370,0.510063,0
0,0.3300,1.765755,-1.092874,-0.633074,-0.990447,-0.934363,0
0,0.3400,1.407875,-1.092874,-0.633074,-1.541854,-1.656575,0
0,0.3000,-0.524680,1.451547,-0.633074,-1.016843,-0.934363,0
0,0.6000,-1.240440,-0.911130,0.504951,-0.613040,-0.212150,0
0,0.0300,-0.810984,-0.547641,-0.190509,1.127535,1.232275,0
0,0.4100,-0.095223,-1.092874,-0.443403,-1.711335,-1.656575,0
0,0.4200,-1.598321,-1.092874,1.895872,1.231948,1.232275,0
0,0.1600,1.193146,-0.547641,-0.633074,1.149536,1.232275,0
0,0.5600,1.551027,-1.092874,-0.633074,2.243436,1.954488,0
0,0.3000,-0.596256,-1.092874,0.252057,0.624503,0.510063,0
0,0.1500,-1.383592,-1.092874,1.895872,1.135339,1.232275,0
0,0.5800,-0.238375,-0.184152,0.631399,-0.910866,-0.934363,0
0,0.4500,0.191081,-1.092874,-0.633074,0.073809,-0.212150,0
0,0.4600,-0.238375,-1.092874,-0.633074,0.759764,0.510063,0
0,0.0800,0.262657,-1.274619,-0.633074,1.676607,1.232275,0
0,0.4700,2.338364,-1.092874,-0.633074,-0.338651,-0.212150,0
0,0.4000,-0.166799,-0.729386,1.263635,0.386370,0.510063,0
0,0.4800,-1.168864,-1.092874,-0.000838,0.403529,0.510063,0
0,0.4700,-1.025712,-1.092874,-0.380180,-0.841652,-0.934363,0
0,0.2500,0.763690,-1.092874,-0.633074,-1.115681,-1.656575,0
0,0.5000,0.763690,-0.911130,-0.633074,-1.326066,-1.656575,0
0,0.4800,-0.524680,0.179336,-0.190509,1.568073,1.232275,0
0,0.4400,0.047929,-1.092874,-0.380180,1.165759,1.232275,0
0,0.2600,0.835266,-0.729386,-0.633074,0.240111,0.510063,0
0,0.4300,-0.667832,-1.092874,-0.633074,0.947501,1.232275,0
0,0.4000,-1.097288,-1.092874,0.757846,-0.841652,-0.934363,0
0,0.6000,-0.453103,-1.092874,-0.633074,-0.217378,-0.212150,0
0,0.3800,-1.097288,-0.911130,-0.380180,0.365962,0.510063,0
0,0.0700,-1.312016,0.542825,1.010741,-3.186903,-1.656575,0
0,0.5100,-1.168864,-0.911130,0.252057,1.625512,1.232275,0
0,0.3400,-1.097288,-0.911130,-0.000838,0.712583,0.510063,0
0,0.7400,-1.598321,-0.729386,2.907450,0.854550,0.510063,0
0,0.3000,-0.381527,-1.092874,-0.633074,1.739628,1.954488,0
0,0.4200,-0.596256,-0.729386,-0.633074,-0.259140,-0.212150,0
0,0.1200,-1.168864,-0.911130,-0.000838,1.676607,1.232275,0
0,0.7200,0.405810,-1.092874,0.252057,0.719535,0.510063,0
0,0.6800,-1.025712,-0.002408,2.528108,0.934517,1.232275,0
0,0.7200,1.479451,-1.092874,-0.633074,-0.447413,-0.212150,0
0,0.2300,2.123635,-1.092874,-0.633074,1.145363,1.232275,0
0,0.4500,-1.526745,-1.092874,1.263635,-1.115681,-1.656575,0
0,0.2200,-0.667832,-1.092874,-0.569850,1.676607,1.232275,0
0,0.2000,0.835266,-1.092874,-0.633074,0.315305,0.510063,0
0,0.2000,-0.954136,-1.092874,0.378504,-1.782400,-1.656575,0
0,0.8000,0.763690,-1.092874,-0.633074,0.521911,0.510063,0
0,0.4600,0.191081,-0.729386,-0.633074,1.150766,1.232275,0
0,0.8200,0.262657,-1.092874,0.062386,-0.882092,-0.934363,0
0,0.4100,-0.882560,1.451547,1.263635,0.442701,0.510063,0
0,0.8500,-0.954136,-1.092874,-0.190509,0.851863,0.510063,0
0,0.8600,1.837331,-1.092874,-0.633074,0.073809,-0.212150,0
0,0.1200,1.407875,-1.092874,-0.633074,0.599136,0.510063,0
0,0.4700,0.405810,1.451547,-0.633074,-0.036875,-0.212150,0
0,0.1200,1.049994,-1.092874,-0.633074,-1.035196,-0.934363,0
0,0.8900,0.119505,-0.911130,1.895872,0.639565,0.510063,0
0,0.0800,1.551027,-1.092874,-0.633074,1.209321,1.232275,0
0,0.8600,-0.954136,-1.092874,-0.190509,1.255674,1.232275,0
0,0.0700,-1.097288,-0.547641,-0.000838,1.514565,1.232275,0
0,0.7500,-0.309951,-1.092874,-0.633074,-0.019978,-0.212150,0
0,0.0600,-0.095223,-1.092874,2.528108,2.167187,1.954488,0
0,0.0900,1.479451,-1.092874,0.504951,1.010660,1.232275,0
0,0.0400,-0.166799,-1.092874,-0.633074,0.677886,0.510063,0
0,0.2800,-0.453103,-1.274619,-0.380180,-0.388870,-0.212150,0
0,0.8900,-0.596256,-1.092874,-0.000838,-0.588282,-0.212150,0
0,0.9200,-0.238375,-1.092874,-0.633074,1.103914,1.232275,0
0,0.7100,0.047929,-1.274619,-0.633074,0.177959,0.510063,0
0,1.0000,-0.810984,-0.729386,-0.569850,1.676607,1.232275,0
0,0.9100,0.835266,0.542825,-0.633074,1.191981,1.232275,0
0,0.9900,1.193146,-1.092874,-0.633074,-0.999101,-0.934363,0
0,0.0400,1.193146,-1.092874,-0.633074,-0.375188,-0.212150,0
0,0.9100,1.121570,-1.092874,-0.633074,-0.081624,-0.212150,0
0,0.5500,0.692114,0.361081,-0.633074,-1.711335,-1.656575,0
0,0.0200,-0.524680,-1.274619,-0.190509,0.115155,-0.212150,0
0,0.7500,1.049994,0.542825,-0.633074,-0.169399,-0.212150,0
0,0.0500,-0.882560,-1.274619,0.757846,1.625512,1.232275,0
0,0.4600,-1.025712,-0.729386,1.010741,1.676607,1.232275,0
0,0.4600,1.049994,-0.729386,1.263635,1.955738,1.954488,0
0,0.2800,0.119505,-0.729386,-0.633074,-1.619876,-1.656575,0
0,0.4600,0.763690,-0.729386,-0.633074,-0.274567,-0.212150,0
0,0.4600,1.193146,-0.729386,-0.633074,-1.326066,-1.656575,0
0,0.5300,0.692114,-0.729386,-0.633074,-1.342443,-1.656575,0
0,0.3800,0.262657,-0.729386,-0.633074,-0.432162,-0.212150,0
1,0.6100,0.978418,-0.729386,-0.633074,-0.130484,-0.212150,0
0,0.3800,0.620538,-0.365897,-0.633074,-1.452948,-1.656575,0
0,0.6100,-0.596256,-0.365897,-0.190509,-0.333630,-0.212150,0
0,0.3800,2.409940,-0.729386,1.579753,1.127535,1.232275,0
0,0.3800,-0.309951,-0.729386,-0.633074,-0.169399,-0.212150,0
0,0.2000,0.692114,-1.274619,-0.633074,0.073809,-0.212150,0
0,0.2900,-0.309951,-0.729386,0.188833,0.290371,0.510063,0
0,0.7000,-0.381527,-0.911130,2.528108,-0.822529,-0.934363,0
0,0.7000,0.119505,-0.729386,-0.633074,0.318983,0.510063,0
0,0.2100,-1.526745,-1.092874,1.579753,-0.400075,-0.212150,0
0,0.2100,-0.739408,0.542825,-0.316956,0.315305,0.510063,0
0,0.4700,-0.238375,-0.184152,-0.633074,0.172195,0.510063,0
0,0.2100,-0.810984,-1.274619,-0.633074,-1.518197,-1.656575,0
0,0.1200,1.336299,0.179336,-0.633074,-1.265177,-1.656575,0
0,0.8700,-0.596256,0.542825,0.504951,0.169289,0.510063,0
0,0.1200,1.551027,-0.729386,0.252057,-1.376790,-1.656575,0
0,0.1200,0.620538,-0.547641,-0.633074,0.935208,1.232275,0
0,0.1600,1.193146,-0.729386,0.694622,-0.081624,-0.212150,0
0,0.9500,-0.023647,0.542825,2.211990,1.547777,1.232275,0
0,0.3700,-0.667832,-0.729386,0.821070,0.103195,-0.212150,0
0,0.0400,-0.882560,-0.184152,-0.633074,1.124961,1.232275,0
0,0.0400,-0.095223,-0.729386,-0.633074,-2.233331,-1.656575,0
0,0.2400,2.409940,-0.729386,-0.633074,0.164411,0.510063,0
0,0.0400,0.620538,-0.729386,-0.190509,-0.316421,-0.212150,0
0,0.3500,1.908907,-1.274619,-0.633074,0.719535,0.510063,0
0,0.0500,-0.954136,0.179336,1.263635,1.145363,1.232275,0
0,0.9600,0.548962,-0.911130,-0.633074,1.421520,1.232275,0
0,0.0300,1.336299,-0.911130,-0.633074,-0.123704,-0.212150,0
0,0.0300,-0.739408,-0.911130,-0.633074,-1.172962,-1.656575,0
0,0.9600,-0.095223,-0.911130,-0.633074,0.606874,0.510063,0
0,0.1600,0.692114,-0.911130,-0.633074,-0.394443,-0.212150,0
0,0.0300,-0.238375,-0.911130,0.252057,-0.193808,-0.212150,0
0,0.1000,0.763690,-0.911130,-0.633074,-0.710071,-0.212150,0
0,0.8700,-1.168864,-0.911130,0.252057,-0.957174,-0.934363,0
0,0.1200,-1.168864,-0.911130,0.252057,1.107258,1.232275,0
0,0.0300,-0.238375,-0.911130,-0.000838,-1.161002,-1.656575,0
0,0.0500,1.193146,-1.092874,-0.633074,0.955098,1.232275,0
0,0.1200,-0.810984,-0.911130,0.504951,-1.265177,-1.656575,0
0,0.8700,-1.025712,1.451547,0.757846,0.592600,0.510063,0
0,0.0300,0.119505,-0.547641,-0.633074,-0.798056,-0.934363,0
0,0.2000,2.123635,-0.911130,-0.380180,-0.063270,-0.212150,0
0,0.2000,0.906842,-0.911130,-0.443403,-0.414421,-0.212150,0
0,0.2000,2.195212,-0.911130,0.757846,-1.679070,-1.656575,0
0,0.2000,-1.383592,-0.911130,2.211990,-1.961470,-1.656575,0
0,0.8000,1.407875,-0.184152,-0.633074,0.995045,1.232275,0
0,0.2000,-0.095223,-0.911130,-0.633074,2.243436,1.954488,0
0,0.7100,0.047929,0.179336,-0.633074,1.271577,1.232275,0
0,0.8000,0.191081,-0.911130,0.252057,0.018768,-0.212150,0
0,0.2000,1.980483,-0.911130,-0.633074,1.145363,1.232275,0
0,0.1800,-0.524680,-0.911130,-0.633074,0.037755,-0.212150,0
0,0.2800,0.334233,0.542825,-0.633074,0.277056,0.510063,0
0,0.0400,1.336299,-0.911130,-0.633074,0.028979,-0.212150,0
0,0.2800,-0.023647,-0.911130,0.504951,0.662349,0.510063,0
0,0.2800,-0.023647,-0.911130,-0.633074,-0.203502,-0.212150,0
1,0.7100,0.763690,-0.911130,-0.633074,-0.854794,-0.934363,0
0,0.2800,0.047929,-0.911130,1.895872,1.124961,1.232275,0
0,0.2800,0.047929,-0.911130,-0.633074,-0.757762,-0.934363,0
0,0.2800,-1.312016,-0.911130,0.568175,0.780798,0.510063,0
0,0.0900,0.763690,-1.274619,-0.633074,-0.957174,-0.934363,0
0,0.9700,1.121570,-0.547641,-0.633074,-0.545683,-0.212150,0
0,0.0300,0.978418,-1.274619,-0.633074,-1.413508,-1.656575,0
0,0.0400,-1.526745,-1.274619,2.211990,-0.048445,-0.212150,0
0,0.1800,-0.095223,-1.274619,-0.633074,1.286304,1.232275,0
0,0.2800,0.405810,-1.274619,-0.633074,1.632142,1.232275,0
0,0.2800,-0.739408,-1.274619,-0.633074,-1.619876,-1.656575,0
0,0.0700,-0.739408,-1.092874,-0.190509,-0.397252,-0.212150,0
0,0.7100,-1.097288,-0.911130,-0.000838,1.131053,1.232275,0
0,0.9100,-0.524680,-1.274619,-0.633074,-0.242040,-0.212150,0
0,0.8500,1.193146,-1.274619,-0.633074,-0.078521,-0.212150,0
0,0.1200,1.551027,-1.274619,-0.633074,-0.000921,-0.212150,0
0,0.3200,-1.526745,-0.002408,2.528108,-1.310178,-1.656575,0
0,0.1100,-1.383592,-1.274619,0.504951,0.115155,-0.212150,0
0,0.5800,-1.312016,-0.365897,2.528108,1.319981,1.232275,0
0,0.1200,0.620538,-1.274619,0.315280,1.723067,1.954488,0
0,0.0900,-0.667832,0.542825,-0.633074,1.113884,1.232275,0
0,0.1200,0.191081,-1.274619,1.579753,1.131053,1.232275,0
0,0.5400,-0.810984,-1.092874,-0.569850,0.678259,0.510063,0
0,0.8500,0.191081,-0.184152,-0.633074,-0.019978,-0.212150,0
0,0.7100,-1.097288,-0.911130,2.528108,1.120590,1.232275,0
0,0.0800,0.906842,-1.274619,-0.633074,-0.774659,-0.934363,0
0,0.7800,1.407875,-1.274619,-0.633074,-1.679070,-1.656575,0
0,0.5200,-0.309951,-1.274619,-0.633074,0.117301,-0.212150,0
1,0.7000,-1.455169,-1.274619,1.010741,1.024469,1.232275,0
0,0.1000,1.407875,-1.274619,-0.633074,0.031501,-0.212150,0
0,0.1100,-1.312016,-1.274619,1.263635,0.788134,0.510063,0
0,0.8000,0.763690,-0.729386,-0.633074,-1.432863,-1.656575,0
0,0.0700,0.978418,-1.274619,-0.633074,0.492050,0.510063,0
0,0.0600,0.620538,-0.547641,-0.000838,0.492580,0.510063,0
0,0.7000,-0.381527,-1.092874,-0.633074,-0.538291,-0.212150,0
0,0.5300,0.620538,-0.911130,-0.633074,-0.804070,-0.934363,0
0,0.0600,0.978418,-1.274619,0.884293,-1.541854,-1.656575,0
0,0.6100,0.978418,-1.274619,-0.633074,1.096992,1.232275,0
0,0.7100,-0.453103,-1.274619,0.252057,-0.608833,-0.212150,0
0,0.1200,-0.095223,-1.274619,-0.633074,-1.326066,-1.656575,0
0,0.6300,-0.882560,-0.547641,4.108699,2.243436,1.954488,0
0,0.0400,-0.882560,-1.274619,-0.000838,0.489928,0.510063,0
0,0.7200,-0.309951,-1.092874,-0.633074,-1.619876,-1.656575,0
1,0.7200,-0.524680,-1.274619,-0.633074,-0.372494,-0.212150,0
0,0.0500,-1.240440,-1.274619,0.252057,-0.402913,-0.212150,0
0,0.4700,-1.025712,-1.092874,1.895872,0.846177,0.510063,0
0,0.0500,-0.023647,-1.274619,-0.633074,1.127535,1.232275,0
0,0.6200,-0.596256,-1.274619,-0.633074,-1.063971,-0.934363,0
0,0.0500,1.908907,-1.274619,-0.633074,-1.473821,-1.656575,0
0,0.6200,0.763690,-1.274619,-0.633074,2.243436,1.954488,0
0,0.6400,-1.312016,-1.092874,0.252057,1.191981,1.232275,0
0,0.1000,-0.238375,-1.274619,1.263635,1.421520,1.232275,0
0,0.0500,0.047929,-1.274619,2.528108,0.600001,0.510063,0
0,0.6700,0.548962,-0.365897,0.125610,1.127535,1.232275,0
0,0.0900,-0.810984,-1.274619,0.504951,1.400421,1.232275,0
0,0.0400,-1.383592,-1.274619,1.579753,-0.400075,-0.212150,0
0,0.1300,1.551027,-1.092874,1.579753,1.571150,1.232275,0
0,0.5600,0.906842,-1.274619,-0.633074,1.012854,1.232275,0
0,0.6300,-0.739408,0.361081,3.666133,1.625512,1.232275,0
0,0.0500,-0.954136,-1.092874,-0.380180,0.470986,0.510063,0
0,0.4700,-0.524680,-1.274619,-0.633074,1.676607,1.232275,0
0,0.4200,0.692114,-1.274619,-0.633074,0.490990,0.510063,0
0,0.6100,-0.166799,-0.184152,-0.633074,-0.035446,-0.212150,0
0,0.1100,0.978418,-1.274619,0.252057,-1.016843,-0.934363,0
0,0.0700,-0.238375,-1.092874,1.579753,1.763663,1.954488,0
0,0.5100,-0.309951,-1.274619,-0.633074,-0.182403,-0.212150,0
0,0.1200,0.835266,-1.274619,-0.633074,0.281794,0.510063,0
0,0.0400,-0.095223,-1.274619,-0.633074,-0.019978,-0.212150,0
0,0.5500,-0.023647,-1.274619,-0.380180,2.243436,1.954488,0
0,0.5700,-1.526745,-1.274619,2.528108,-0.103868,-0.212150,0
0,0.2100,1.622603,-1.274619,-0.633074,-0.910866,-0.934363,0
0,0.4500,0.978418,-1.274619,1.895872,1.544343,1.232275,0
0,0.4600,-0.023647,-1.274619,-0.633074,0.225459,0.510063,0
0,0.3500,-0.095223,0.361081,-0.633074,-1.432863,-1.656575,0
0,0.4500,0.477386,-1.274619,-0.633074,0.215758,0.510063,0
0,0.5200,-0.667832,-0.729386,0.757846,1.631396,1.232275,0
0,0.4500,-0.166799,-1.274619,-0.633074,2.150387,1.954488,0
0,0.5100,0.334233,-1.274619,-0.633074,0.656938,0.510063,0
0,0.4800,-0.739408,-1.274619,1.895872,1.982404,1.954488,0
0,0.5100,1.837331,-0.729386,-0.633074,0.492050,0.510063,0
0,0.4500,-1.383592,-1.274619,0.504951,1.289391,1.232275,0
0,0.0700,-0.596256,-1.092874,-0.633074,-0.217378,-0.212150,0
0,0.4700,-1.526745,-0.002408,2.528108,1.162313,1.232275,0
0,0.0500,-1.025712,-1.274619,0.504951,0.833783,0.510063,0
0,0.4600,-0.739408,-1.274619,-0.633074,1.537183,1.232275,0
0,0.3700,-1.884625,-0.729386,2.528108,1.127535,1.232275,0
0,0.3300,-1.312016,-0.184152,2.528108,-0.469525,-0.212150,0
0,0.1100,-1.669897,-1.274619,1.263635,-0.472760,-0.212150,0
0,0.2200,0.405810,-1.274619,2.528108,2.243436,1.954488,0
0,0.4300,-0.453103,-1.092874,-0.633074,-0.580279,-0.212150,0
0,0.3100,1.264722,-1.274619,0.504951,1.127535,1.232275,0
0,0.3300,0.334233,-1.274619,-0.633074,-1.063971,-0.934363,0
1,0.4100,-1.884625,1.451547,2.528108,-0.657048,-0.212150,0
0,0.0600,0.763690,-1.274619,-0.633074,-1.016843,-0.934363,0
0,0.0200,2.338364,-1.274619,-0.633074,-0.081624,-0.212150,0
0,0.3400,-0.954136,0.542825,-0.380180,0.008358,-0.212150,0
0,0.1300,-0.667832,-1.274619,-0.000838,-0.000921,-0.212150,0
0,0.2700,1.336299,-1.274619,-0.633074,-0.331137,-0.212150,0
0,0.2600,-0.882560,-1.274619,1.010741,-0.592329,-0.212150,0
0,0.3000,0.548962,-1.274619,-0.633074,0.088705,-0.212150,0
0,0.3000,0.835266,-1.274619,-0.633074,0.227204,0.510063,0
0,0.0800,-0.596256,-1.274619,-0.633074,1.408905,1.232275,0
0,0.0900,0.405810,-1.092874,-0.633074,0.225459,0.510063,0
0,0.2200,-1.240440,-1.274619,0.757846,0.719535,0.510063,0
0,0.0500,0.978418,-0.184152,-0.633074,0.945020,1.232275,0
0,0.1000,0.119505,-0.911130,-0.633074,0.094325,-0.212150,0
0,0.2500,0.477386,-1.274619,-0.633074,1.255674,1.232275,0
0,0.2400,-1.813049,1.451547,2.528108,1.242394,1.232275,0
0,0.1300,1.407875,-1.274619,-0.316956,0.069141,-0.212150,0
0,0.1500,-1.455169,-1.274619,0.757846,-0.219390,-0.212150,0
0,0.0500,-1.025712,-1.274619,-0.380180,0.888545,1.232275,0
0,0.2000,0.692114,-1.092874,1.263635,-0.774659,-0.934363,0
0,0.1400,0.262657,-1.274619,1.137188,1.138492,1.232275,0
0,0.0500,-0.810984,-1.274619,0.504951,-0.476015,-0.212150,0
0,0.0800,1.765755,-1.274619,-0.633074,-0.438210,-0.212150,0
0,0.1900,1.407875,0.542825,-0.633074,1.271577,1.232275,0
0,0.1000,-1.025712,-1.274619,1.263635,-0.171238,-0.212150,0
0,0.0700,-0.810984,-0.911130,-0.380180,-0.647950,-0.212150,0
0,0.0600,-0.667832,-1.274619,1.263635,-0.444327,-0.212150,0
0,0.0500,1.193146,-1.274619,-0.633074,0.238408,0.510063,0
0,0.1500,0.477386,-0.729386,-0.633074,-0.453637,-0.212150,0
0,0.1000,-1.383592,-0.911130,1.263635,-0.643459,-0.212150,0
0,0.0300,0.692114,-1.274619,-0.569850,0.906587,1.232275,0
0,0.0300,1.908907,-1.274619,-0.633074,1.500184,1.232275,0
0,0.0400,-1.669897,-1.274619,2.528108,1.431945,1.232275,0
0,0.1400,1.479451,-1.274619,-0.633074,0.632698,0.510063,0
0,0.1100,-1.669897,-1.274619,2.211990,-0.705026,-0.212150,0
0,0.1200,-1.383592,0.542825,2.528108,0.475922,0.510063,0
0,0.0200,0.334233,-1.274619,-0.190509,0.546851,0.510063,0
0,0.0900,2.123635,-1.274619,-0.633074,1.631396,1.232275,0
0,0.1000,-0.309951,-0.547641,2.528108,-1.197720,-1.656575,0
0,0.1000,-0.739408,-1.274619,0.441728,0.773046,0.510063,0
0,0.0900,0.477386,-1.274619,-0.633074,1.007453,1.232275,0
0,0.0700,2.052059,-1.274619,-0.633074,1.127535,1.232275,0
0,0.0500,0.191081,-1.274619,-0.633074,0.200410,0.510063,0
0,0.0400,0.978418,-1.274619,-0.633074,-1.541854,-1.656575,0
0,0.0200,0.262657,-1.092874,-0.633074,0.386370,0.510063,0
0,0.6400,0.692114,-0.184152,-0.633074,-0.066286,-0.212150,0
0,0.2500,0.692114,-0.729386,-0.633074,-1.161002,-1.656575,0
0,0.1200,-0.309951,-0.184152,-0.064061,-0.217378,-0.212150,0
0,0.6200,-1.097288,-0.365897,0.252057,0.623677,0.510063,0
0,0.4400,-0.954136,-0.184152,0.504951,1.470031,1.232275,0
0,0.1200,0.477386,-0.184152,-0.633074,0.815645,0.510063,0
0,0.1200,1.049994,-0.547641,-0.633074,0.202238,0.510063,0
0,0.2000,1.193146,-1.092874,-0.633074,-0.288156,-0.212150,0
0,0.1300,0.692114,-0.547641,-0.633074,1.828194,1.954488,0
0,0.2000,2.481516,-0.729386,-0.633074,0.073809,-0.212150,0
0,0.2800,2.266788,-0.729386,-0.633074,-0.388870,-0.212150,0
0,0.3800,-0.524680,-0.184152,1.579753,-0.318846,-0.212150,0
0,0.1200,0.692114,-0.184152,-0.633074,0.719535,0.510063,0
0,0.4500,0.692114,-0.184152,-0.633074,-0.889141,-0.934363,0
0,0.2900,-1.168864,-0.184152,0.757846,0.639565,0.510063,0
0,0.0800,0.620538,-0.547641,-0.633074,-0.149586,-0.212150,0
0,0.4500,0.047929,-0.184152,-0.633074,1.944139,1.954488,0
0,0.2900,-0.381527,-0.184152,-0.443403,0.386370,0.510063,0
0,0.5300,-0.524680,0.542825,-0.633074,-0.957174,-0.934363,0
0,0.2100,0.978418,0.179336,-0.633074,-0.267901,-0.212150,0
0,0.1200,-0.381527,0.542825,-0.633074,1.335402,1.232275,0
0,0.2900,0.047929,-0.547641,-0.633074,0.194885,0.510063,0
0,0.7400,0.262657,-0.184152,-0.633074,0.115155,-0.212150,0
0,0.4400,0.978418,-0.729386,-0.633074,1.504547,1.232275,0
0,0.7400,0.978418,-0.911130,-0.633074,0.892053,1.232275,0
0,0.7400,0.119505,-0.184152,-0.633074,1.504547,1.232275,0
0,0.0300,-0.166799,0.542825,-0.633074,-1.413508,-1.656575,0
0,0.0300,0.262657,-0.365897,-0.380180,-0.444327,-0.212150,0
0,0.1200,0.835266,-0.365897,-0.633074,-0.957174,-0.934363,0
0,0.6200,0.334233,-0.184152,-0.380180,-0.647950,-0.212150,0
0,0.1200,2.052059,-0.729386,-0.633074,0.667324,0.510063,0
0,0.5400,1.622603,-0.729386,-0.633074,0.427974,0.510063,0
0,0.2800,0.477386,-0.365897,-0.506627,0.894047,1.232275,0
0,0.2800,-0.309951,-0.365897,0.125610,-1.326066,-1.656575,0
0,0.3600,-0.810984,0.542825,1.895872,0.184605,0.510063,0
0,0.0300,-0.810984,-0.729386,0.504951,0.821665,0.510063,0
0,0.3800,0.191081,-0.911130,-0.633074,0.108665,-0.212150,0
0,0.3600,0.119505,-0.365897,-0.380180,0.522411,0.510063,0
0,0.4500,0.047929,-0.365897,-0.633074,1.357101,1.232275,0
0,0.3800,-0.596256,-0.365897,-0.633074,1.676607,1.232275,0
0,0.4500,1.551027,-0.365897,-0.633074,-0.095817,-0.212150,0
0,0.1300,0.262657,-0.911130,-0.633074,1.010660,1.232275,0
0,0.4500,-1.168864,0.179336,-0.000838,-0.176791,-0.212150,0
0,0.2100,0.835266,-0.365897,1.010741,2.243436,1.954488,0
0,0.5300,1.264722,-0.184152,-0.064061,2.243436,1.954488,0
0,0.5300,-0.381527,-0.365897,-0.633074,1.380151,1.232275,0
0,0.6100,0.119505,-0.365897,0.504951,0.280219,0.510063,0
0,0.7000,1.908907,-0.365897,-0.633074,1.145983,1.232275,0
0,0.7400,0.978418,-0.365897,-0.633074,0.166368,0.510063,0
0,0.7400,-0.596256,-1.092874,0.504951,0.909254,1.232275,0
0,0.7400,-0.524680,1.451547,-0.569850,0.623677,0.510063,0
0,0.7400,0.906842,-0.365897,-0.633074,1.597600,1.232275,0
0,0.7400,0.835266,-1.092874,-0.633074,-0.336134,-0.212150,0
0,0.4800,-1.168864,1.451547,1.579753,-0.822529,-0.934363,0
0,0.0300,0.334233,-1.092874,-0.633074,-0.341179,-0.212150,0
0,0.1200,-1.168864,0.542825,1.010741,2.001593,1.954488,0
0,0.1200,1.551027,-0.547641,-0.633074,-1.566612,-1.656575,0
0,0.1200,0.906842,-1.092874,-0.633074,-2.017543,-1.656575,0
0,0.2000,1.622603,0.542825,-0.633074,-0.588282,-0.212150,0
0,0.2000,-0.954136,0.361081,2.211990,0.934517,1.232275,0
0,0.5400,-0.954136,1.451547,-0.569850,-0.149586,-0.212150,0
0,0.5400,-0.023647,-0.184152,-0.633074,-0.450516,-0.212150,0
0,0.5400,1.765755,-1.092874,-0.633074,1.319981,1.232275,0
0,0.2000,0.334233,-0.547641,-0.633074,1.209046,1.232275,0
0,0.2000,-0.954136,-0.729386,0.252057,-0.055806,-0.212150,0
0,0.2800,-0.023647,-0.911130,-0.569850,0.546851,0.510063,0
0,0.2800,0.620538,-0.365897,-0.633074,1.243944,1.232275,0
0,0.4600,1.837331,-0.547641,-0.633074,2.243436,1.954488,0
0,0.3600,-0.023647,-1.092874,-0.633074,-0.495975,-0.212150,0
0,0.3600,0.835266,-0.911130,-0.633074,1.191981,1.232275,0
0,0.3600,0.835266,-0.547641,-0.633074,0.991534,1.232275,0
0,0.3600,0.763690,-0.547641,-0.127285,2.243436,1.954488,0
0,0.0300,-0.095223,-1.092874,-0.633074,1.124961,1.232275,0
0,0.0300,0.692114,-0.547641,2.528108,2.243436,1.954488,0
0,0.4500,-1.097288,-0.547641,-0.000838,1.110747,1.232275,0
0,0.4500,-0.166799,-0.547641,-0.633074,-0.426183,-0.212150,0
0,0.4500,2.052059,-0.002408,-0.633074,-1.025940,-0.934363,0
0,0.2100,-0.739408,-0.547641,0.568175,0.948400,1.232275,0
0,0.0800,-0.882560,-0.729386,3.286792,0.489928,0.510063,0
0,0.3900,0.978418,-0.184152,-0.633074,-0.666304,-0.212150,0
0,0.3600,-1.240440,-0.729386,2.907450,1.504547,1.232275,0
0,0.3800,-0.023647,-0.729386,-0.633074,-0.804070,-0.934363,0
0,0.3900,-0.381527,-0.729386,-0.633074,-1.566612,-1.656575,0
0,0.4000,-0.238375,0.542825,-0.633074,-1.541854,-1.656575,0
0,0.1200,-1.240440,-0.729386,0.252057,1.431945,1.232275,0
0,0.4200,1.407875,-0.547641,-0.633074,0.685303,0.510063,0
0,0.4300,1.264722,-0.729386,-0.633074,-1.197720,-1.656575,0
0,0.0700,0.047929,-1.274619,-0.633074,2.243436,1.954488,0
0,0.2900,0.405810,-0.729386,-0.633074,-0.621555,-0.212150,0
0,0.2900,1.479451,-0.729386,-0.633074,0.266644,0.510063,0
0,0.2800,1.479451,-0.729386,-0.633074,-0.469525,-0.212150,0
0,0.4800,0.620538,-0.729386,-0.633074,-0.804070,-0.934363,0
0,0.4800,0.692114,-0.729386,-0.633074,0.182715,0.510063,0
0,0.1600,1.193146,-0.729386,-0.633074,-0.685313,-0.212150,0
0,0.2300,0.763690,-0.729386,-0.633074,0.595224,0.510063,0
0,0.2200,-0.309951,-0.729386,-0.506627,1.181791,1.232275,0
0,0.5500,0.978418,-0.729386,-0.633074,1.124961,1.232275,0
1,0.5500,-1.168864,-0.002408,0.757846,0.383781,0.510063,0
0,0.1800,0.334233,-0.729386,-0.443403,0.008358,-0.212150,0
0,0.1600,-0.524680,-0.729386,1.579753,2.243436,1.954488,0
0,0.1600,-0.381527,-0.547641,-0.633074,0.510269,0.510063,0
0,0.5800,1.336299,-0.729386,-0.633074,0.395971,0.510063,0
0,0.2600,-0.954136,-0.729386,1.263635,-1.149305,-1.656575,0
0,0.1400,1.551027,-0.729386,-0.633074,0.613237,0.510063,0
0,0.1300,-0.238375,1.451547,-0.633074,-0.435178,-0.212150,0
0,0.5400,1.407875,-0.729386,-0.633074,-0.617280,-0.212150,0
0,0.6300,1.049994,-0.184152,1.263635,1.437261,1.232275,0
0,0.0700,0.047929,-0.547641,-0.633074,1.078141,1.232275,0
0,0.6700,-0.667832,0.542825,0.441728,-1.452948,-1.656575,1
0,0.6900,-0.453103,-0.729386,-0.633074,-0.010364,-0.212150,0
0,0.6900,-1.025712,-0.547641,-0.380180,1.625512,1.232275,0
0,0.7400,-0.954136,-0.729386,-0.633074,0.315305,0.510063,0
0,0.7400,-0.166799,-0.184152,-0.633074,0.370639,0.510063,0
0,0.7400,0.119505,-0.729386,-0.633074,-0.725498,-0.212150,0
0,0.7400,1.121570,-0.729386,-0.633074,1.069980,1.232275,0
0,0.7400,1.694179,-0.729386,-0.633074,-1.376790,-1.656575,0
0,0.3800,-0.596256,-0.729386,1.137188,0.354429,0.510063,0
0,0.7400,-0.882560,-0.729386,0.252057,0.815645,0.510063,0
0,0.4500,-0.810984,-0.729386,-0.633074,0.674138,0.510063,0
0,0.7400,0.763690,-0.729386,-0.380180,0.989251,1.232275,0
0,0.7400,0.047929,-0.002408,-0.633074,-0.492596,-0.212150,0
0,0.7400,1.121570,-0.729386,0.125610,-0.854794,-0.934363,0
0,0.7400,-0.882560,0.542825,-0.190509,-1.342443,-1.656575,0
0,0.7400,-1.383592,-0.365897,0.504951,-0.113694,-0.212150,0
0,0.7400,-0.023647,-0.729386,-0.633074,0.495218,0.510063,0
0,0.0800,0.692114,-0.729386,-0.633074,0.315305,0.510063,0
0,0.0300,1.980483,-0.911130,-0.633074,0.226332,0.510063,0
0,0.7000,-0.381527,-0.184152,1.895872,-0.896285,-0.934363,0
0,0.5200,0.191081,-0.729386,-0.633074,-1.376790,-1.656575,0
0,0.0700,-0.667832,-0.911130,-0.633074,-0.868268,-0.934363,0
0,0.0800,-0.309951,-0.911130,-0.633074,-0.604658,-0.212150,0
0,0.0800,-0.524680,-0.184152,-0.633074,-0.841652,-0.934363,0
0,0.6300,0.405810,-0.911130,-0.633074,1.664403,1.232275,0
0,0.6500,-0.667832,-0.911130,-0.380180,-0.933517,-0.934363,0
0,0.1000,0.262657,-0.729386,-0.633074,-0.343719,-0.212150,0
0,0.1100,0.047929,-0.911130,-0.633074,1.319981,1.232275,0
0,0.5000,-0.023647,0.542825,-0.633074,0.639565,0.510063,0
0,0.5900,0.835266,-0.911130,-0.633074,-0.538291,-0.212150,0
0,0.5900,-1.097288,-0.911130,-0.190509,1.875332,1.954488,0
0,0.2500,-0.524680,1.451547,-0.380180,0.846177,0.510063,0
0,0.2000,1.049994,-0.911130,-0.633074,0.961054,1.232275,0
0,0.2000,-0.023647,-0.911130,-0.633074,0.197654,0.510063,0
0,0.2000,0.405810,-0.911130,2.211990,0.749091,0.510063,0
0,0.1600,1.336299,-0.911130,-0.633074,0.606874,0.510063,0
0,0.1500,1.765755,-0.911130,-0.633074,-1.126655,-1.656575,0
0,0.2400,-1.168864,-0.911130,-0.190509,-0.965299,-0.934363,0
0,0.4900,-0.095223,0.179336,0.125610,-0.798056,-0.934363,0
0,0.2600,0.262657,-0.911130,-0.633074,-0.489238,-0.212150,0
0,0.4400,2.052059,1.451547,-0.633074,-2.151292,-1.656575,0
0,0.4500,1.479451,-0.911130,1.010741,1.676607,1.232275,0
0,0.2800,-1.312016,-0.911130,0.504951,1.625512,1.232275,0
0,0.3200,-0.309951,-0.911130,-0.633074,0.227204,0.510063,0
0,0.3900,0.334233,-0.365897,-0.633074,-0.768967,-0.934363,0
0,0.3900,0.620538,-0.911130,-0.633074,0.492580,0.510063,0
0,0.3500,-0.524680,-0.911130,4.108699,1.060966,1.232275,0
0,0.3600,0.548962,-0.729386,-0.633074,-0.516713,-0.212150,0
0,0.3600,-0.882560,-0.911130,-0.000838,1.071052,1.232275,0
0,0.0600,-0.238375,-0.911130,-0.569850,1.504547,1.232275,0
0,0.4000,0.119505,-0.911130,-0.633074,-0.343719,-0.212150,0
0,0.4000,1.551027,-0.911130,-0.633074,0.077284,-0.212150,0
0,0.3200,1.336299,-0.911130,1.010741,-0.297412,-0.212150,0
0,0.4200,-0.381527,-0.729386,-0.380180,0.278640,0.510063,0
0,0.4500,-0.524680,0.542825,-0.380180,-1.518197,-1.656575,0
0,0.4200,-0.882560,-0.911130,-0.633074,1.057317,1.232275,0
0,0.3100,2.266788,-0.547641,-0.633074,-0.459936,-0.212150,0
0,0.3000,0.262657,-0.911130,-0.633074,0.315305,0.510063,0
0,0.4100,0.262657,-0.911130,-0.190509,0.489928,0.510063,0
0,0.2700,-1.025712,-0.729386,-0.569850,0.640367,0.510063,0
0,0.2600,0.334233,-0.911130,1.010741,-1.104929,-0.934363,0
0,0.4800,0.405810,-0.911130,-0.633074,1.299126,1.232275,0
0,0.2400,1.049994,-0.911130,-0.633074,-0.469525,-0.212150,0
0,0.5000,1.264722,-0.184152,-0.633074,-0.990447,-0.934363,0
0,0.2300,0.334233,1.451547,-0.633074,-1.044616,-0.934363,1
0,0.0500,-1.383592,-0.911130,1.579753,-1.864439,-1.656575,0
0,0.5200,0.477386,-0.911130,-0.633074,-0.710071,-0.212150,0
0,0.1600,-0.739408,-0.911130,-0.633074,1.500184,1.232275,0
0,0.2100,-0.739408,-0.911130,-0.569850,1.145983,1.232275,0
0,0.5300,0.763690,-0.911130,-0.633074,0.678259,0.510063,0
0,0.5300,-0.524680,-0.911130,-0.633074,0.388948,0.510063,0
0,0.2000,0.191081,-0.911130,-0.633074,-0.882092,-0.934363,0
0,0.1800,0.620538,-0.911130,-0.633074,0.154518,0.510063,0
0,0.1500,0.906842,-0.911130,-0.633074,1.009660,1.232275,0
0,0.5900,1.551027,-0.911130,-0.633074,0.500456,0.510063,0
0,0.1300,-0.238375,-0.547641,-0.633074,-0.290455,-0.212150,0
0,0.0300,0.906842,-0.911130,-0.633074,1.955738,1.954488,0
0,0.1300,1.908907,-0.911130,-0.633074,2.243436,1.954488,0
0,0.0900,1.049994,-0.547641,-0.633074,-0.495975,-0.212150,0
0,0.6400,-0.882560,1.451547,0.504951,-2.233331,-1.656575,1
0,0.0900,1.694179,-0.911130,0.188833,-0.965299,-0.934363,0
0,0.0300,0.477386,-0.365897,-0.633074,0.936588,1.232275,0
0,0.7100,1.622603,-0.911130,-0.633074,-0.700029,-0.212150,0
0,0.0200,-0.810984,-0.729386,-0.000838,0.742517,0.510063,0
0,0.7400,0.835266,-0.911130,-0.633074,0.315305,0.510063,0
0,0.7400,2.052059,-0.002408,-0.633074,-2.233331,-1.656575,0
0,0.0300,-0.739408,-1.092874,-0.633074,0.315305,0.510063,0
0,0.7400,-1.312016,-0.729386,0.252057,-0.029769,-0.212150,0
0,0.7400,-1.383592,-0.911130,1.263635,-0.695078,-0.212150,0
0,0.7400,-0.023647,-0.911130,-0.633074,0.215758,0.510063,0
0,0.1200,-1.097288,-0.002408,1.263635,0.805458,0.510063,0
0,0.7400,1.336299,-0.911130,-0.633074,-0.081624,-0.212150,0
0,0.2700,0.262657,-0.911130,-0.633074,0.349606,0.510063,0
0,0.7400,1.980483,-0.911130,-0.633074,1.271577,1.232275,0
0,0.7400,-0.810984,-0.911130,1.010741,1.115035,1.232275,0
0,0.7400,0.405810,-1.092874,-0.633074,-0.417337,-0.212150,0
0,0.0400,-1.526745,0.542825,1.263635,1.676607,1.232275,0
0,0.1000,-0.023647,-0.911130,-0.633074,-1.265177,-1.656575,0
0,0.2600,-0.381527,-1.092874,-0.633074,0.517890,0.510063,0
0,0.5300,0.978418,-1.092874,-0.633074,1.271577,1.232275,0
0,0.5300,-0.238375,-0.547641,-0.633074,0.510269,0.510063,0
0,0.1500,-0.667832,-0.365897,2.211990,0.337709,0.510063,0
0,0.5300,-0.309951,-0.547641,-0.633074,-0.014463,-0.212150,0
0,0.1200,0.692114,-0.184152,-0.633074,-1.452948,-1.656575,0
0,0.1200,-0.882560,-1.092874,-0.380180,1.307200,1.232275,0
0,0.1200,0.906842,-0.547641,-0.633074,1.339404,1.232275,0
0,0.0400,-0.095223,-1.092874,-0.633074,0.634727,0.510063,0
0,0.0400,0.405810,-0.547641,-0.633074,-0.804070,-0.934363,0
0,0.6000,-1.455169,1.451547,1.579753,-0.400075,-0.212150,0
0,0.7400,-0.739408,-0.911130,-0.190509,-1.149305,-1.656575,0
0,0.7400,0.692114,-0.911130,-0.633074,-0.380619,-0.212150,0
0,0.7400,1.049994,-1.092874,-0.633074,-0.453637,-0.212150,0
0,0.7400,1.407875,-0.365897,-0.633074,-2.017543,-1.656575,0
0,0.7400,1.694179,-0.547641,-0.633074,-1.115681,-1.656575,0
0,0.7400,-0.238375,0.361081,-0.633074,-1.294751,-1.656575,0
0,0.7400,0.548962,-0.365897,-0.633074,0.791463,0.510063,0
0,0.7400,0.119505,-0.729386,-0.633074,-0.397252,-0.212150,0
0,0.7000,1.694179,-1.092874,-0.633074,-1.310178,-1.656575,0
0,0.7000,2.052059,-0.729386,-0.633074,-0.217378,-0.212150,0
0,0.0300,0.334233,-0.547641,-0.569850,1.625512,1.232275,0
0,0.0300,0.906842,-0.729386,-0.633074,0.549234,0.510063,0
0,0.7000,0.548962,-0.729386,-0.190509,1.222234,1.232275,0
0,0.2800,-0.381527,-0.729386,0.757846,0.386370,0.510063,0
0,0.1200,-0.381527,-0.729386,-0.633074,-0.225472,-0.212150,0
0,0.1200,-0.381527,1.451547,-0.633074,0.253543,0.510063,0
0,0.1200,0.477386,-0.729386,-0.633074,-0.531001,-0.212150,0
0,0.6200,0.477386,-0.729386,-0.633074,-0.531001,-0.212150,0
0,0.1200,-1.240440,-0.911130,1.263635,0.686039,0.510063,0
0,0.6200,0.405810,-0.729386,-0.633074,1.222234,1.232275,0
0,0.5500,0.620538,-0.547641,-0.633074,0.639565,0.510063,0
0,0.2000,-0.309951,0.542825,-0.633074,-0.882092,-0.934363,0
0,0.5400,1.765755,-1.092874,-0.633074,0.395971,0.510063,0
0,0.2000,1.551027,-0.729386,-0.633074,-1.864439,-1.656575,0
0,0.3100,0.620538,-0.729386,-0.633074,-0.014463,-0.212150,0
0,0.2800,-1.025712,-0.365897,0.757846,0.128952,0.510063,0
0,0.2300,-0.667832,-0.729386,-0.380180,-0.297412,-0.212150,0
0,0.2000,0.763690,-0.729386,-0.633074,1.222234,1.232275,0
0,0.5400,0.763690,-0.729386,1.453306,1.676607,1.232275,0
0,0.4600,-0.524680,-0.729386,-0.190509,0.277849,0.510063,0
0,0.1200,-1.097288,-0.729386,-0.380180,-0.270114,-0.212150,0
0,0.4600,-0.023647,0.542825,-0.064061,1.676607,1.232275,0
0,0.2800,0.334233,-0.911130,-0.633074,-0.780413,-0.934363,0
0,0.2800,0.620538,-0.729386,-0.633074,-1.745682,-1.656575,0
0,0.2800,-1.383592,1.451547,2.211990,-0.822529,-0.934363,0
0,0.3300,0.906842,-0.547641,-0.633074,1.238631,1.232275,0
0,0.7300,-0.095223,-0.547641,-0.633074,0.386370,0.510063,0
0,0.7100,-0.381527,0.179336,-0.633074,-0.233691,-0.212150,0
0,0.6800,0.191081,-1.092874,-0.633074,-0.700029,-0.212150,0
0,0.7000,0.191081,-1.092874,-0.633074,0.517890,0.510063,0
0,0.0500,-0.667832,-0.365897,-0.000838,-1.619876,-1.656575,0
0,0.0700,0.978418,-0.365897,0.125610,1.090324,1.232275,0
0,0.0800,-0.453103,-0.729386,-0.633074,-1.592578,-1.656575,0
0,0.0800,-1.312016,1.451547,0.757846,0.791765,0.510063,0
0,0.6400,-1.097288,-0.365897,-0.380180,-0.774659,-0.934363,0
0,0.2500,0.262657,0.361081,-0.633074,-0.520249,-0.212150,0
0,0.0200,-0.238375,-1.092874,1.263635,0.315305,0.510063,0
0,0.6200,0.692114,-1.092874,-0.633074,-0.450516,-0.212150,0
0,0.1400,0.835266,1.451547,-0.633074,-1.126655,-1.656575,0
0,0.1300,-0.882560,-0.729386,0.252057,-0.896285,-0.934363,0
0,0.1400,2.839396,-0.547641,0.504951,-1.044616,-0.934363,0
0,0.1500,1.479451,-0.911130,-0.633074,-0.981932,-0.934363,0
0,0.5700,0.620538,-0.911130,-0.633074,-0.576322,-0.212150,0
0,0.1600,0.906842,-1.092874,-0.633074,1.486467,1.232275,0
0,0.5700,0.477386,-1.092874,-0.633074,0.640768,0.510063,0
0,0.5600,0.906842,-0.729386,-0.633074,-1.473821,-1.656575,0
0,0.5600,0.620538,-0.729386,-0.633074,-1.473821,-1.656575,0
0,0.1800,-1.168864,0.542825,0.757846,0.099886,-0.212150,1
0,0.1800,0.119505,-1.092874,-0.633074,1.117983,1.232275,0
0,0.5600,0.047929,-0.911130,-0.633074,-0.889141,-0.934363,0
0,0.5500,0.978418,-1.092874,-0.633074,0.470986,0.510063,0
0,0.2400,-1.168864,-0.729386,1.895872,0.704119,0.510063,0
0,0.5400,0.405810,-0.911130,1.137188,1.377349,1.232275,0
0,0.2000,0.692114,-1.092874,-0.633074,0.719535,0.510063,0
0,0.5200,0.978418,-1.092874,-0.633074,0.640768,0.510063,0
0,0.5000,0.692114,-0.911130,-0.633074,-0.710071,-0.212150,0
0,0.5200,0.763690,-0.911130,2.211990,0.133126,0.510063,0
0,0.5000,2.052059,-1.092874,-0.633074,0.295759,0.510063,0
0,0.3300,-0.095223,-0.365897,-0.633074,0.226332,0.510063,0
0,0.4900,0.763690,-1.092874,-0.633074,1.060602,1.232275,0
0,0.1700,1.765755,-0.911130,0.757846,-1.210544,-1.656575,0
0,0.4900,-1.168864,-1.092874,0.757846,1.504547,1.232275,0
1,0.4500,-1.168864,0.542825,2.907450,0.187428,0.510063,0
0,0.2600,-0.524680,-0.365897,-0.633074,0.131043,0.510063,0
0,0.3000,-0.667832,-1.092874,-0.633074,1.127535,1.232275,0
0,0.2700,1.121570,-1.092874,-0.633074,-0.444327,-0.212150,0
0,0.2600,-0.023647,-1.092874,-0.633074,-0.572394,-0.212150,0
0,0.2500,-0.381527,-1.092874,2.528108,1.299126,1.232275,0
0,0.4600,0.334233,-1.092874,1.895872,2.243436,1.954488,0
0,0.2700,0.191081,-0.911130,-0.633074,1.319981,1.232275,0
2,0.4600,-1.598321,-0.365897,2.907450,0.227204,0.510063,0
0,0.1800,-0.453103,-1.092874,-0.633074,0.198574,0.510063,0
0,0.2300,0.620538,-0.911130,-0.633074,1.025830,1.232275,0
0,0.4600,0.191081,-1.092874,-0.506627,2.001593,1.954488,0
0,0.2200,-0.954136,-0.547641,0.252057,1.115035,1.232275,0
0,0.4400,-1.025712,-1.092874,-0.380180,2.243436,1.954488,0
0,0.4400,2.266788,-0.729386,-0.633074,0.256024,0.510063,0
0,0.3100,0.763690,-0.547641,1.263635,0.822804,0.510063,0
0,0.3600,-0.667832,-1.092874,-0.000838,0.279430,0.510063,0
0,0.4100,-0.667832,-1.092874,0.757846,1.392776,1.232275,0
0,0.3300,-0.810984,-0.365897,-0.000838,1.308001,1.232275,0
0,0.3500,-0.954136,-1.092874,2.528108,1.593806,1.232275,0
0,0.0200,1.551027,-0.547641,-0.633074,-1.007898,-0.934363,0
0,0.3600,0.763690,-1.092874,-0.633074,1.419948,1.232275,0
0,0.3900,0.620538,-1.092874,-0.633074,0.970835,1.232275,0
0,0.0400,-0.381527,-1.092874,2.528108,1.484337,1.232275,0
1,0.3300,-0.023647,-0.002408,-0.569850,-0.700029,-0.212150,0
0,0.2000,-1.240440,-1.092874,0.252057,1.491267,1.232275,0
0,0.3500,2.266788,-1.092874,-0.633074,2.243436,1.954488,0
0,0.1200,1.908907,-1.092874,-0.633074,-0.715164,-0.212150,0
0,0.4000,1.264722,-1.092874,0.757846,1.344338,1.232275,0
0,0.3300,0.119505,-1.092874,-0.633074,-0.700029,-0.212150,0
0,0.4100,0.548962,-1.092874,-0.633074,-1.210544,-1.656575,0
0,0.4100,-0.810984,-0.729386,-0.633074,0.821665,0.510063,0
0,0.3200,-0.309951,-0.184152,-0.633074,0.133126,0.510063,0
0,0.3100,-0.381527,-1.092874,-0.633074,-0.435178,-0.212150,0
0,0.3000,-0.596256,-0.911130,0.504951,1.566739,1.232275,0
0,0.4400,2.123635,-0.911130,-0.633074,1.271577,1.232275,0
0,0.4400,0.548962,-0.365897,-0.633074,-0.205462,-0.212150,0
0,0.1900,-0.596256,-1.092874,-0.000838,1.127535,1.232275,0
0,0.2900,-0.954136,-1.092874,-0.380180,1.271577,1.232275,0
0,0.2700,0.119505,-1.092874,-0.633074,0.965423,1.232275,0
0,0.2700,1.121570,-1.092874,-0.633074,-1.592578,-1.656575,0
0,0.2700,-0.810984,-0.911130,1.010741,2.150387,1.954488,0
0,0.4700,-0.524680,-1.092874,1.010741,0.834619,0.510063,0
0,0.1100,-1.097288,-1.092874,1.010741,-1.185197,-1.656575,0
0,0.2600,-1.741473,-0.547641,1.895872,1.124961,1.232275,0
0,0.2500,-0.166799,-1.092874,-0.633074,0.395971,0.510063,0
0,0.3200,-0.739408,-0.184152,-0.569850,-1.035196,-0.934363,0
0,0.2400,0.906842,-1.092874,3.666133,1.704186,1.232275,0
0,0.2300,0.477386,-1.092874,-0.633074,1.271577,1.232275,0
0,0.5100,-0.954136,-1.092874,-0.633074,-0.321281,-0.212150,0
0,0.5400,0.620538,-1.092874,-0.633074,0.373294,0.510063,0
0,0.1200,-0.882560,-0.547641,-0.633074,-0.140818,-0.212150,0
0,0.2100,1.407875,-1.092874,-0.633074,1.384525,1.232275,0
0,0.0500,-1.598321,-0.911130,1.579753,-1.394832,-1.656575,0
0,0.3900,-1.240440,-1.092874,1.895872,0.821950,0.510063,0
0,0.2100,0.978418,-1.092874,-0.633074,0.200410,0.510063,0
0,0.2100,-0.095223,-0.911130,0.504951,-0.469525,-0.212150,0
0,0.1800,0.835266,-1.092874,-0.633074,-0.752247,-0.934363,0
0,0.5700,-0.954136,-1.092874,-0.000838,1.150766,1.232275,0
0,0.0400,-1.240440,-1.092874,1.263635,0.922625,1.232275,0
0,0.5800,1.193146,-1.092874,-0.633074,1.110747,1.232275,0
0,0.1600,0.906842,-1.092874,-0.633074,0.637554,0.510063,0
0,0.1500,0.692114,-1.092874,-0.633074,1.676607,1.232275,0
0,0.0600,-0.095223,-1.092874,-0.633074,1.127535,1.232275,0
0,0.1100,-0.667832,-0.002408,1.010741,0.262584,0.510063,0
0,0.6300,-1.097288,-0.547641,-0.380180,-1.126655,-1.656575,0
0,0.0400,1.193146,-0.365897,-0.633074,-1.359339,-1.656575,0
0,0.0800,-0.954136,-1.092874,-0.190509,0.452488,0.510063,0
0,0.6600,1.551027,-1.092874,-0.380180,-1.063971,-0.934363,0
0,0.4800,0.548962,-1.092874,1.263635,0.256024,0.510063,0
0,0.0700,-0.882560,-1.092874,0.252057,0.118371,-0.212150,0
0,0.6700,-0.667832,-1.092874,-0.380180,1.124961,1.232275,0
0,0.0500,-0.667832,-0.002408,-0.380180,-0.841652,-0.934363,0
0,0.0500,-0.667832,-1.092874,1.579753,2.243436,1.954488,0
0,0.6900,-0.524680,-0.365897,-0.380180,1.135339,1.232275,0
0,0.0400,1.264722,-1.092874,-0.633074,0.119438,-0.212150,0
0,0.7200,0.334233,-1.092874,-0.633074,-1.473821,-1.656575,0
0,0.5100,0.906842,-0.002408,-0.633074,1.124961,1.232275,0
0,0.0600,-0.810984,1.451547,0.252057,-0.608833,-0.212150,0
0,0.6100,-1.526745,-0.184152,1.579753,1.018594,1.232275,0
0,0.7400,1.765755,-0.547641,-0.633074,0.531339,0.510063,0
0,0.7400,-1.383592,0.361081,2.528108,0.202238,0.510063,0
0,0.7400,-1.813049,1.451547,2.528108,-0.321281,-0.212150,0
0,0.7400,0.906842,-1.092874,-0.633074,0.957753,1.232275,0
0,0.7400,-0.166799,-1.092874,-0.633074,-0.250521,-0.212150,0
0,0.7400,0.405810,-0.729386,-0.633074,0.084166,-0.212150,0
0,0.7400,2.553092,-1.092874,-0.633074,1.145363,1.232275,0
0,0.2100,-1.240440,-1.092874,0.504951,-0.657048,-0.212150,0
0,0.7300,0.191081,-1.092874,-0.633074,0.800142,0.510063,0
0,0.1200,-0.238375,-0.547641,-0.633074,0.484047,0.510063,0
0,0.7400,1.336299,-0.365897,-0.633074,0.851863,0.510063,0
0,0.7400,-0.882560,-1.092874,0.252057,0.355799,0.510063,0
0,0.1400,-1.526745,-1.092874,1.579753,0.593914,0.510063,0
0,0.3000,-1.669897,1.451547,2.528108,1.683143,1.232275,0
0,0.7400,-0.309951,-1.092874,-0.633074,2.243436,1.954488,0
0,0.7400,0.978418,-0.911130,-0.633074,-0.359221,-0.212150,0
0,0.7400,-0.023647,-0.911130,-0.633074,0.946825,1.232275,0
0,0.7400,0.047929,-0.547641,-0.380180,-1.376790,-1.656575,0
0,0.7400,-0.739408,-1.092874,-0.633074,0.957753,1.232275,0
0,0.7400,-0.166799,0.361081,0.252057,1.105421,1.232275,0
0,0.7400,1.908907,-0.547641,-0.633074,1.364451,1.232275,0
0,0.7400,0.906842,-1.092874,-0.127285,-0.564625,-0.212150,0
0,0.1200,-0.023647,-1.092874,-0.633074,-0.021366,-0.212150,0
0,0.7400,0.835266,-0.911130,1.010741,-1.910746,-1.656575,0
0,0.7400,1.193146,-1.092874,-0.633074,-0.957174,-0.934363,0
0,0.7200,1.049994,-1.092874,-0.633074,-0.176791,-0.212150,0
0,0.7000,0.047929,1.451547,1.010741,1.096992,1.232275,0
0,0.7400,1.622603,-1.092874,-0.000838,1.319981,1.232275,0
0,0.5800,-0.667832,-1.092874,-0.633074,-0.263502,-0.212150,0
0,0.0200,0.477386,-1.092874,-0.633074,1.345724,1.232275,0
0,0.7300,1.049994,-0.729386,-0.633074,1.167399,1.232275,0
0,0.7200,1.121570,-1.092874,-0.633074,-1.342443,-1.656575,0
0,0.1300,0.620538,-1.092874,-0.633074,-0.386106,-0.212150,0
0,0.7400,-1.455169,-1.092874,1.895872,0.573408,0.510063,0
0,0.0500,-0.238375,-1.092874,-0.633074,1.491267,1.232275,0
0,0.7000,1.121570,-1.274619,-0.633074,2.243436,1.954488,0
0,0.6300,-0.596256,-1.274619,-0.253732,-0.248388,-0.212150,0
0,0.6400,0.548962,-1.274619,-0.633074,0.894047,1.232275,0
0,0.2000,0.191081,-1.274619,-0.316956,-1.413508,-1.656575,0
0,0.1000,-1.455169,-1.092874,1.010741,1.377349,1.232275,0
0,0.1600,-0.238375,-1.274619,-0.633074,-1.185197,-1.656575,0
0,0.0400,0.835266,-0.729386,-0.633074,1.127535,1.232275,0
0,0.5800,-1.168864,-0.911130,1.895872,1.145363,1.232275,0
0,0.0300,-0.381527,-1.274619,-0.633074,2.243436,1.954488,0
0,0.0300,-0.524680,-1.274619,1.010741,0.848079,0.510063,0
0,0.0600,1.049994,-1.274619,-0.633074,-0.024152,-0.212150,0
0,0.5300,-1.598321,-1.092874,1.263635,1.671320,1.232275,0
0,0.0700,-1.526745,-0.002408,2.211990,1.571150,1.232275,0
0,0.6000,-0.309951,-0.911130,-0.443403,0.846177,0.510063,0
0,0.1400,0.835266,-1.274619,-0.633074,-1.210544,-1.656575,0
0,0.4900,-0.453103,-1.274619,-0.633074,-1.054205,-0.934363,0
0,0.0400,-0.453103,-1.274619,-0.633074,-1.054205,-0.934363,0
0,0.1100,0.334233,-1.274619,1.895872,0.482432,0.510063,0
0,0.4300,0.334233,-1.274619,1.895872,0.482432,0.510063,0
0,0.0600,-0.381527,-1.092874,0.694622,-0.949171,-0.934363,0
0,0.4400,-1.168864,-1.092874,-0.190509,1.145363,1.232275,0
0,0.2300,-0.166799,-1.274619,-0.633074,1.078141,1.232275,0
0,0.1300,-1.025712,-0.547641,1.010741,0.947501,1.232275,0
0,0.0400,-0.381527,-1.274619,-0.633074,0.700909,0.510063,0
0,0.3300,-0.596256,-1.274619,-0.633074,-0.235766,-0.212150,0
0,0.3900,-0.381527,-1.092874,-0.633074,2.243436,1.954488,0
0,0.1200,-0.882560,-1.274619,-0.380180,-0.868268,-0.934363,0
0,0.4100,0.763690,-1.274619,-0.633074,0.497320,0.510063,0
0,0.0500,2.481516,-1.274619,-0.380180,1.048456,1.232275,0
0,0.1100,-1.025712,-0.729386,-0.190509,0.315305,0.510063,0
0,0.0700,-0.810984,-1.274619,-0.633074,-1.265177,-1.656575,0
0,0.2000,-0.882560,-0.365897,1.263635,0.623677,0.510063,0
0,0.3200,-0.667832,-0.911130,-0.569850,0.084166,-0.212150,0
0,0.3000,1.479451,-1.274619,-0.633074,-0.634589,-0.212150,0
0,0.0900,2.123635,-1.274619,-0.633074,-0.841652,-0.934363,0
0,0.2600,-1.383592,-1.274619,2.528108,1.024469,1.232275,0
0,0.3200,0.978418,-0.911130,-0.633074,0.240111,0.510063,0
0,0.0700,1.837331,-1.274619,-0.633074,1.145363,1.232275,0
0,0.1800,0.191081,-1.274619,-0.633074,1.676607,1.232275,0
0,0.0900,-0.238375,-1.274619,2.528108,0.851863,0.510063,0
0,0.0200,-0.596256,-0.911130,1.263635,0.026445,-0.212150,0
0,0.1600,2.052059,-1.274619,1.390082,2.243436,1.954488,0
0,0.1400,-0.667832,-1.274619,-0.633074,-1.126655,-1.656575,0
0,0.2200,0.191081,-1.274619,-0.000838,0.689339,0.510063,0
0,0.1900,-0.453103,-0.547641,-0.633074,-1.161002,-1.656575,0
0,0.0900,0.119505,-0.911130,-0.633074,0.965423,1.232275,0
0,0.0800,2.624668,-0.911130,-0.633074,-0.209404,-0.212150,0
0,0.1200,1.980483,-1.274619,-0.633074,0.279430,0.510063,0
0,0.0600,0.262657,-0.911130,-0.633074,1.012854,1.232275,0
