MedInc,HouseAge,AveRooms,AveBedrms,Population,AveOccup,Latitude,Longitude,MedHouseVal
3.4671,52,3.82432,1.24324,582,2.62162,37.77,-122.41,2.5
8.9565,35,6.66554,1.12162,1257,4.24662,34.07,-118.44,5.00001
1.4329,21,3.05776,1.00361,1283,4.63177,33.93,-118.28,0.941
2.1542,27,3.18214,1,1785,3.1875,32.66,-117.1,1.063
4.027,31,4.38763,1.07216,1049,2.16289,33.06,-117.3,2.9
3.4047,26,4.48105,1.08526,1861,1.95895,34.44,-119.74,2.945
2.2794,23,5.76341,1.09512,1168,2.84878,36.99,-120.64,0.757
6.3699,25,5.84681,0.876596,569,2.42128,37.96,-122.1,2.355
2.0087,36,3.49415,1.05853,4582,3.8311,33.98,-118.19,1.721
1.3594,38,4.31034,1.44828,63,2.17241,34.24,-118.38,1.583
4.625,52,5.36816,1.10448,439,2.18408,34.09,-118.27,2.308
3.7578,16,2.53947,0.592105,312,4.10526,34.2,-117.38,1.375
6.8322,25,6.57821,1.06425,823,2.29888,32.92,-117.29,5.00001
5.1423,36,4.84532,1,748,2.69065,33.9,-118.11,1.831
0.9589,47,3.17241,0.925287,593,3.40805,32.7,-117.14,0.9
4.9,42,5.92977,1.20401,815,2.72575,33.83,-118.19,4.063
6.5533,34,6.43115,1.08623,1572,2.18637,34.14,-118.39,5.00001
4.5833,35,5.26923,0.982517,1025,3.58392,34.24,-118.42,1.772
3.1779,17,4.78736,1.08429,781,1.49617,33.61,-117.75,1.865
2.1029,43,4.11247,1.03178,1706,4.17115,34.04,-118.19,1.533
1.7596,26,5.10345,1.0431,268,2.31034,36.32,-119.68,1.208
2.8994,34,5.29521,0.962906,1938,2.99536,36.8,-119.78,0.66
2.0332,33,2.24815,1.18358,3906,3.60332,34.06,-118.3,2.7
3.5583,44,4.51228,1.07544,1280,2.24561,34.17,-118.35,2.32
3.575,18,3.55663,1.13976,838,2.01928,37.41,-122.09,2.74
2.5729,16,5.24126,1.13986,733,2.56294,38.04,-120.35,1.188
6.6204,16,6.7293,0.965834,2464,3.23784,37.75,-121.94,2.961
8.1844,22,7.81707,1.04634,1083,2.64146,32.81,-117.23,4.063
5.0795,36,5.33463,0.972763,666,2.59144,33.81,-118.09,2.433
4.0052,35,5.3369,1.07487,1933,3.44563,34.1,-117.92,1.607
2.7121,20,3.34713,1.0886,5349,3.88453,34.23,-118.46,1.694
2.5489,18,11.9019,2.16355,411,1.92056,33.78,-116.53,2.205
3.5521,17,3.98884,1.03348,1671,3.72991,34.22,-118.37,1.515
3.1906,34,6.01618,1.04531,854,2.76375,35.4,-118.97,0.762
3.8125,27,5.04469,1.29888,791,2.2095,33.61,-117.93,3.667
4.3036,36,5.06563,1.06908,1115,1.92573,34.15,-118.38,3.659
4.1518,52,5.54658,0.950311,1018,3.16149,34.2,-118.15,1.821
6.1509,25,6.11127,1.05706,2163,3.08559,34.06,-118.16,3.151
1.2292,52,2.34014,1.20408,460,3.12925,32.72,-117.15,1.375
2.6311,42,4.96842,1.05263,567,2.98421,33.97,-118.3,1.241
5.883,52,6.21608,1.01256,1104,2.77387,37.82,-122.25,3.407
2.8393,18,5.12117,1.07975,1727,2.64877,33.38,-117.23,1.732
6.487,4,8.58768,1.20853,661,3.1327,33.47,-117.62,2.942
4.9618,7,6.15391,1.01624,4460,3.44934,38,-121.72,1.565
2.4123,24,4.68601,0.984073,1294,1.47213,35.35,-119.07,0.862
3.325,39,4.86943,1.09554,913,2.90764,34.22,-118.44,1.782
4.0693,16,5.53659,1.0208,4383,3.14419,32.86,-116.98,1.464
3.695,40,4.59355,0.96129,533,3.43871,34.22,-118.39,1.652
8.3695,37,7.45875,1.06271,941,3.10561,34.22,-118.21,5.00001
2.4405,35,4.66529,0.909091,474,1.95868,36.78,-119.75,0.743
3.8586,34,5.38513,0.981408,2470,3.28021,34.07,-117.69,1.36
3.2639,10,5.11562,1.08114,1335,2.70791,36.13,-120.37,0.864
1.8242,18,5.94586,1.35032,802,2.55414,41.95,-122.64,0.535
4.1734,39,6.39683,1.06349,640,2.03175,38.45,-122.7,2.405
1.4861,23,4.3254,1.03968,610,4.84127,33.93,-118.23,0.951
2.9485,29,5.37218,1.00752,672,2.52632,40.92,-124,0.988
3.1895,45,5.53333,1.16667,302,5.03333,34.04,-118.16,1.563
1.6521,36,4.06848,1.12161,2460,2.90437,38.52,-121.44,0.697
3.725,22,5.4399,1.0601,1395,3.35337,32.71,-117,1.235
2.6648,39,5.59871,1.00324,899,2.90939,36.4,-119.18,1.292
4.9286,13,6.52857,1.13117,1912,2.48312,38.12,-122.58,3.095
3.6007,35,4.43207,0.967391,862,2.34239,34.19,-118.4,2.618
1.9176,24,4.23469,0.969388,279,1.42347,33.02,-117.06,1.211
2.6491,5,4.48237,1.09446,2965,3.73426,33.84,-118.31,2.167
2.7546,40,3.42159,0.96144,1276,3.28021,37.32,-121.88,1.725
2.8007,40,4.24466,1.06602,953,1.85049,32.74,-117.25,2.571
5.6482,35,6.55159,1.06746,707,2.80556,33.9,-118.37,2.948
2.9135,27,5.34928,0.933014,647,3.09569,37.48,-120.89,1.594
6.7612,28,7.28571,1.06071,848,3.02857,34.2,-118.85,3.237
2.5988,28,5.43314,1.18314,1074,3.12209,32.58,-117.11,1.356
1.1853,16,3.99694,1.09786,961,2.93884,32.8,-115.57,0.726
3.7167,52,4.94,1.12,768,2.56,34.06,-118.34,3.273
3.6765,26,4.64904,0.980769,2059,4.94952,37.33,-121.84,1.636
4.5,46,5.5948,0.97026,857,3.18587,34.2,-118.15,1.842
3.1667,23,5.22553,1,569,2.42128,32.8,-115.64,1.25
2.3023,37,4.92695,1.01259,1265,3.1864,37.74,-120.93,0.919
2.415,16,4.92327,1.03019,1524,1.91698,34.71,-118.1,1.375
4.2312,22,4.48803,0.980616,3508,4,37.36,-121.83,1.838
5.2816,36,5.96517,1.00249,1261,3.13682,33.79,-117.96,2.218
4.5,50,5.56962,1.07911,741,2.34494,38.01,-122.14,1.783
4.7109,32,4.50839,1.04317,798,1.91367,34.05,-118.44,5
5.1538,23,6.78166,0.943231,778,3.39738,32.61,-117.03,1.713
5.273,35,5.88278,1.05861,829,3.03663,33.92,-118.01,1.876
2.1362,10,4.36229,1.07771,2352,2.688,32.72,-117,1.432
5.5362,30,5.49867,1.056,1089,2.904,34.22,-118.25,3.012
4.2115,34,5.47475,0.944444,561,2.83333,38.35,-122,1.189
4.3594,44,5.843,1.07167,691,2.35836,33.83,-118.12,2.213
5.0311,14,5.87282,1.01247,1883,4.69576,32.58,-117.04,1.521
3.311,17,5.41742,1.02402,1694,2.54354,38.56,-121.33,1.094
3.2188,34,4.62315,1.11276,1179,3.49852,33.93,-118.08,1.651
3.154,23,5.92331,1.07209,2082,3.19325,34.03,-117.08,1.157
4.0469,34,5.62893,1.07547,2786,4.3805,34.06,-117.97,1.668
9.0683,15,7.22624,1.03042,1992,3.78707,33.89,-117.97,3.674
5.0294,27,6.42788,1.00721,1176,2.82692,34.44,-119.8,2.802
4.7679,25,4.27513,0.862434,1066,5.64021,33.74,-117.9,1.731
2.7266,37,4.19894,1.03979,1776,4.71088,34.03,-118.2,1.408
5.5456,18,36.0755,5.27358,241,2.27358,39.19,-120.1,3.6
3.0078,25,4.91213,1.04745,1650,2.89982,34.17,-117.31,0.871
3.2763,29,4.48247,1.07179,1085,1.81135,34.17,-118.44,2.794
4.381,34,6.00576,0.976945,868,2.50144,36.15,-120.37,0.863
4.5303,36,5,0.926829,252,3.07317,37.65,-122.1,1.75
3.625,52,5.28571,1.125,143,2.55357,39.67,-120.24,0.686
6.2984,18,6.0228,0.934853,2046,3.33225,33.73,-117.97,2.698
3.2226,11,4.92727,1.06212,1814,2.74848,35.32,-120.83,1.832
4.5368,20,6.1131,1.00893,934,2.77976,38.43,-121.22,2.193
6.155,52,7.04808,0.994231,1470,2.82692,37.82,-122.24,3.986
3.6518,25,4.80682,1.01768,1821,2.29924,37.98,-122.3,1.643
1.7778,44,3.44845,0.943299,1765,4.54897,33.96,-118.24,1.099
6.3199,23,6.90941,0.97561,978,3.40767,34.3,-118.71,2.367
2.6779,26,5.46787,1.21285,1847,3.70884,34.1,-117.74,1.36
2.1917,43,4.84403,1.0918,4367,3.54752,37.79,-122.23,1.128
2.6182,34,3.234,0.986,1530,3.06,33.91,-118.3,1.726
1.913,35,2.96746,1.05423,2239,4.85683,34.02,-118.25,1.143
3.3977,34,5.16117,1.11722,819,3,34.07,-117.93,1.888
1.7451,23,3.64735,1.05894,2194,2.15521,38.6,-121.42,0.896
3.111,5,4.44125,1.31673,3591,2.2931,33.95,-118.37,2.476
2.1157,41,5.19957,1.00644,1813,3.89056,32.8,-117.14,1.569
4.4818,24,6.04118,1.05534,3566,4.58945,34.28,-118.39,1.662
2.1856,41,3.71899,1.06582,803,2.03291,32.76,-117.12,1.205
2.9187,15,6.32571,1.17143,1152,3.29143,33.67,-116.31,0.934
2.1289,52,3.02117,0.995114,1715,2.79316,37.75,-122.42,2.5
3.9107,40,6.5,1.14953,546,2.5514,38.43,-120.79,1.298
4.5341,44,5.45308,1.13405,1491,3.99732,37.7,-122.47,2.365
2.5651,27,3.79475,1.03777,2936,4.82102,33.75,-117.85,1.714
6.8645,23,7.30297,1.03903,1858,3.45353,33.72,-117.96,3.182
5.6356,33,5.6609,0.951557,866,2.99654,34.22,-118.62,2.413
2.6238,25,3.76598,1.08653,2328,2.28909,34.18,-118.43,2.1
3.5833,45,4.40833,0.933333,448,3.73333,33.93,-118.28,0.906
5.0923,16,7.17635,1.20405,3836,2.59189,33.91,-117.98,2.572
3.7316,13,5.5087,1.04685,2903,3.88621,36.85,-121.38,1.924
2.5213,42,3.81655,1.09172,1941,4.34228,34.09,-118.22,1.497
4.5987,37,3.59018,1.07239,1363,1.67239,37.45,-122.16,3.56
1.4792,37,4.41497,1,653,4.44218,33.95,-118.24,0.975
5.9316,20,6.56061,1.00337,4169,3.50926,34.24,-119.04,3.119
1.2059,18,2.53704,1.08974,1913,2.72507,33.98,-118.22,2.55
5.2729,13,6.55906,1.02362,405,3.18898,36.9,-121.68,3.229
3.5746,52,3.94543,1.02456,1785,2.4352,37.8,-122.41,3.5
1.875,33,3.58511,1.10638,565,3.00532,33.12,-117.08,1.143
7.611,5,6.85578,1.06144,7427,2.73252,37.72,-122.24,3.507
3.3438,16,5.22707,0.977444,2126,3.19699,37.7,-121.02,1.254
3.0042,28,5.67707,1.17161,2362,3.68487,38.01,-121.89,1.039
7.6344,14,7.66207,0.97931,472,3.25517,32.65,-117.03,2.905
3.3955,19,3.52474,1.10345,2636,1.97601,34.02,-118.41,2.25
3.3929,31,6.9517,1.32102,1313,3.73011,37.21,-120.24,0.938
5.5968,23,5.78387,1.02903,1145,3.69355,37.4,-121.85,2.432
2.5742,25,4.72137,0.979008,1947,3.71565,38.03,-121.32,0.984
3.7969,14,5.1056,1.30172,1546,3.3319,33.91,-118.09,1.594
3.5781,49,4.41944,0.895141,1146,2.93095,37.35,-121.88,1.93
3.0893,22,3.8593,1.07313,2519,2.00238,34.2,-118.46,2.056
2.8258,37,4.23867,1.1148,1587,4.79456,37.47,-122.2,2.328
3.6042,13,4.46196,1.14946,841,2.28533,33.66,-117.9,2.26
3.225,21,4.51487,1.07621,1011,1.87918,32.8,-117.23,2.294
4.2841,46,6.52139,1.14706,944,2.52406,33.84,-118.13,3.124
2.3575,44,3.74757,1.06796,3260,4.5215,34.02,-118.19,1.448
5.5918,20,6.19385,0.996923,1997,3.07231,33.9,-117.85,2.605
3.3452,23,5.57336,1.04247,1508,2.9112,34.26,-119.21,2.176
5.5777,21,7.51832,1.05292,2214,3.00407,37.94,-122.03,2.793
2.6389,45,5.49718,1.0339,500,2.82486,35.07,-119.45,0.3
2.7794,52,3.49042,1.04792,1266,2.02236,37.77,-122.42,3.5
3.4394,12,9.79921,2.01739,2548,2.01423,33.81,-116.52,1.622
4.2621,4,3.53494,1.03812,1309,1.66328,32.78,-117.12,1.242
2.1779,36,4.49062,1.03438,1073,3.35312,37.6,-120.98,0.584
3.1213,27,4.43413,0.99568,1737,3.75162,34.1,-117.32,0.788
4.2192,14,5.81633,1.05495,3597,2.82339,32.74,-116.97,1.761
1.3269,19,3.98758,1.15321,1190,2.46377,33.2,-117.36,1.661
2.3156,51,3.96392,1.01546,1173,3.0232,34.07,-117.76,1.098
6.5217,52,6.39935,1.08766,765,2.48377,37.81,-122.22,2.737
5.7578,20,6.63037,1.0377,2668,2.79372,36.58,-121.86,3.477
1.1875,17,3.01761,1.00704,1590,2.7993,34.06,-118.13,1.839
2.8622,26,4.5165,1.0132,1877,3.09736,33.79,-117.92,1.843
5.7621,9,6.49067,0.984,2036,2.71467,38.5,-121.55,2.046
14.2867,49,7.60377,0.946541,850,2.67296,34.07,-118.46,5.00001
5.1129,14,5.70648,1.00683,704,2.40273,33.53,-117.72,2.513
5.2308,33,5.2346,1.00131,2721,3.56619,37.52,-121.95,1.969
3.1729,45,5.21964,1.07857,1903,3.39821,34.14,-118.08,2.187
2.6343,14,4.69631,1.03691,2294,3.84899,37.73,-120.93,0.815
2.537,24,4.63731,1.17617,1137,2.9456,37.75,-122.16,1.079
3.1167,20,4.5272,1.05959,2186,2.83161,36.96,-121.98,2.583
3.1442,50,4.70871,0.906907,1093,3.28228,34.09,-118.16,1.621
7.7569,6,7.97273,1.02987,2693,3.4974,33,-117.03,3.874
2.6598,50,4.8036,1.1045,1768,3.18559,36.85,-121.4,1.573
3.3125,27,4.14908,1.03679,2863,2.77154,34.19,-118.58,2.228
2.6042,29,4.13873,1.23699,422,2.43931,33.43,-118.48,2.875
5.9547,18,6.54733,1.10288,547,2.25103,32.95,-117.24,3.293
5.4446,37,6.17669,0.984962,620,2.33083,37.81,-122.18,3.367
2.2679,36,3.25106,1.03404,1824,3.88085,33.93,-118.34,1.539
1,45,4,1.21569,133,2.60784,39.2,-121.07,0.906
3.5114,52,6.37276,1.14695,795,2.84946,33.97,-118.32,1.388
4.2188,20,4.55288,1.02811,1497,2.00402,37.38,-122.06,5.00001
5.5402,20,6.56176,1.12521,1651,2.79357,34.22,-118.89,2.646
2.7121,29,4.16372,1.08702,1723,2.5413,33.89,-118.13,1.655
2.6083,52,3.74618,1.07824,1628,3.10687,37.77,-122.41,1.938
0.76,10,2.65152,1.05455,546,1.65455,37.81,-122.27,1.625
5.1805,36,5.94513,1.05487,1522,2.69381,33.79,-118.1,2.494
1.4529,25,4.08748,0.987993,1234,2.11664,37.49,-120.84,0.861
4.8836,16,6.52336,1.01869,1628,3.04299,33.06,-116.93,2.399
2.4205,43,4.43396,1.1195,464,2.91824,38.61,-121.46,0.609
3.6298,19,5.55832,1.04044,1373,2.1353,38.64,-121.28,2.421
5.0155,19,5.46821,1.05202,474,2.73988,38.68,-121.47,0.973
4.25,44,3.80049,1.14039,652,1.60591,33.76,-118.13,4.393
2.8973,8,4.51839,1.01672,2033,2.26644,38.71,-121.28,1.171
6.2513,14,6.24462,1.00269,1057,2.8414,33.05,-117.26,2.409
3.6937,33,6.56332,1.23144,652,2.84716,38.64,-121.39,0.993
3.662,23,4.0083,1.14523,997,2.06846,37.27,-121.94,2.119
4.3424,43,5.26178,1.04188,723,3.78534,33.82,-118.21,1.625
2.6875,45,4.21277,1.07979,872,4.6383,34.02,-118.21,1.297
4.625,36,24.5,3.5,28,14,36.51,-119.54,1.625
3.025,25,3.98238,0.969163,1342,2.95595,33.88,-117.87,1.569
3.2219,31,4.82596,1.12094,1468,4.33038,36.51,-121.44,1.147
4.8906,16,6.40421,1.10316,1516,3.19158,34.02,-117.67,1.785
3.1033,25,3.6114,1.03168,1718,1.81415,34.14,-118.12,2.179
5.1874,42,5.93464,1.10458,897,2.93137,33.89,-118.33,2.308
4.0519,7,5.92776,1.06232,2147,3.04108,38.75,-121.31,1.292
3.4398,35,5.50512,1.01706,911,3.10922,34.08,-117.74,1.343
5.5181,25,6.8937,1,1713,3.37205,34.18,-118.94,2.421
2.8173,21,5.52406,1.04278,588,3.14439,35.37,-120.85,2.269
4.1359,17,4.60734,1.06356,1879,2.65395,34.22,-118.57,2.552
1.8316,40,3.78339,1.07655,1847,3.00814,34.03,-118.36,1.135
6.7805,27,7.91393,1.06967,736,3.01639,34.19,-118.86,3.929
2.375,26,6.48,1.08,86,3.44,37.65,-122.12,1.375
3.8618,41,6.34572,1.02602,660,2.45353,33.97,-117.4,1.348
1.9076,32,3.78958,0.980695,2052,3.96139,36.71,-119.55,0.558
3.3562,40,4.65676,1,1221,3.3,33.98,-118.06,1.692
2.5677,16,4.32613,1.15119,5110,3.67891,34.07,-117.62,1.289
5.3462,46,6.75,0.998016,1389,2.75595,34,-118.35,2.704
3.5667,28,4.61634,1.04155,2026,2.80609,33.88,-117.87,1.907
4.05,35,4.07474,1.08763,580,1.49485,37.76,-122.44,4.231
2.0154,23,5.60619,1.10928,930,1.91753,33.75,-116.89,0.817
4.625,52,4.78571,1.09271,1145,1.74012,37.8,-122.44,5.00001
2.6518,40,5.57372,1.01923,744,2.38462,38.29,-122.3,1.561
2.9688,24,5.52688,0.994624,471,2.53226,39.52,-121.53,0.864
8.5759,32,6.75141,0.949153,810,2.28814,37.98,-122.53,5.00001
3.3661,45,4.89791,0.971204,1315,3.44241,33.94,-118.19,1.608
2.558,15,3.85185,0.959064,2024,1.97271,37.32,-120.47,1.216
4.1369,34,6.25,1.09115,1017,2.64844,37.36,-122.05,3.169
2.6399,34,4.80901,1.16577,1341,2.41622,37.91,-122.32,1.196
2.9491,49,4.93972,1.02837,605,2.14539,34.16,-118.28,2.574
5.1408,33,5.35986,0.913495,881,3.04844,34.27,-118.47,2.229
3.7125,8,6.13953,1.04651,782,2.27326,39.23,-121.18,1.75
3.775,25,5.6,1.11123,2725,2.91444,33.72,-116.24,0.934
2.8941,39,5.50305,1.31568,1136,2.31365,36.97,-122,2.567
10.3713,18,7.9476,0.960699,728,3.17904,37.87,-122.13,4.261
3.3929,39,6.65663,1.08434,408,2.45783,39.48,-121.79,0.821
2.3,37,4.28986,1.05072,1320,4.78261,33.98,-118.15,1.656
6.0471,17,6.53585,0.979245,1713,3.23208,33.61,-117.66,2.484
2.9063,9,4.40909,0.909091,91,4.13636,37.08,-120.79,0.55
3.665,52,4.08824,0.852941,523,3.07647,34.07,-118.14,2.204
4.5781,52,4.64691,1.12629,787,2.02835,34.11,-118.28,3.605
5.7115,16,6.17742,0.967742,679,2.7379,33.69,-117.79,3.139
1.9779,15,5.79149,1.19191,2709,2.81017,34.15,-116.39,0.733
2.5781,47,5.17073,1.06829,496,2.41951,37.97,-120.38,1.048
5.316,33,5.21086,1.06709,1411,2.25399,37.43,-122.12,3.981
3.2917,29,5.79249,1.05731,1954,3.86166,36.93,-121.73,2.247
3.3989,25,3.88329,1.0974,1739,1.46012,34.08,-118.38,4.85
4.4722,44,5.48538,1.05848,502,2.93567,33.92,-118.37,2.183
3.434,17,5.35294,1.04856,6990,2.75957,32.78,-116.94,1.932
4.3227,16,5.7117,1.00775,3575,3.07659,37.01,-121.59,2.515
2.1324,36,3.67119,1.15932,1023,3.4678,34.03,-118.36,1.438
2.2202,13,5.49414,1.13086,1385,2.70508,36.71,-119.25,1
3.75,52,6.11765,1.17647,32,1.88235,34.09,-118.25,2.417
2.5441,41,5.33333,1.17803,793,3.00379,34.37,-119.29,1.612
5.5469,16,6.2264,1.00588,10988,3.58968,33.96,-117.88,2.652
3.8158,43,4.91885,1.03927,873,2.28534,34.06,-118.39,5.00001
3.6618,23,4.59163,1.07171,2493,4.96614,33.72,-117.89,1.835
2.3687,31,4.81556,1.07205,1371,3.95101,36.7,-119.55,0.639
2.0331,37,4.82466,1.2137,911,2.49589,35.41,-119.03,0.532
2.9821,20,3.63953,1.06202,1461,2.8314,33.97,-118.1,1.425
5.0424,45,5.54035,0.975439,687,2.41053,33.83,-118.12,2.259
3.5179,15,6.14583,1.1412,1200,2.77778,39.33,-121.4,1.072
3.3036,52,8.725,1.475,121,3.025,37.7,-121.04,1.975
8.6454,31,8.0624,1.01065,1986,3.02283,34.24,-118.51,4.835
4.525,36,4.59091,0.875,237,2.69318,37.98,-122,1.613
4.8125,34,5.87342,1.05538,1521,2.40665,33.67,-118,3.878
2.8608,30,3.64134,1.05251,2744,3.06592,33.91,-118.08,1.656
2.1563,52,4.58501,1.07493,1118,3.2219,37.8,-122.24,1.286
2.5301,24,3.45297,0.980198,1478,3.65842,33.64,-117.93,1.929
2.5809,32,5.4797,0.99262,867,3.19926,36.7,-119.89,0.783
6.556,14,5.92571,0.948571,1178,2.24381,37.99,-121.34,2.347
3.5982,35,5.19764,1.03245,686,2.0236,38.29,-122.46,2.717
2.6536,22,4.99393,1.12348,1567,3.17206,34.08,-117.19,0.847
3.4456,5,4.65,1.10172,1633,2.81552,33.19,-117.28,1.658
3.505,28,4.41076,1.05492,2517,2.87986,34.06,-118.15,2.043
1.6991,17,6.37406,1.46384,1005,2.50623,34.89,-114.65,0.691
3.0147,13,5.93819,1.4011,2566,3.52473,38.46,-122.75,1.428
2.5373,18,4.73489,1.03132,2954,2.15149,38.91,-121.06,1.43
3.5,44,5.57277,1.16432,1087,2.55164,37.74,-122.5,2.757
3.125,11,47.5152,11.1818,82,2.48485,38.42,-120.19,0.775
4.0687,38,4.83208,1.07519,1358,3.40351,33.84,-118.22,1.603
5.1626,40,6.06719,1.12648,1264,2.49802,33.83,-118.38,4.327
1.4097,37,4.01799,1.10345,1925,2.88606,37.76,-122.2,0.846
2.875,16,4.80834,1.06519,1969,2.56714,32.82,-116.77,2.229
2.4949,44,5.31828,1.08804,1043,2.3544,38.12,-121.27,1.08
5.078,26,5.92268,0.994845,500,2.57732,38.66,-121.32,1.634
2.0734,21,3.83361,1.08809,1621,2.64437,32.59,-117.1,0.875
6.6131,17,7.35834,1.06598,2111,2.73092,37.79,-121.97,3.125
1.2101,40,3.97822,1.02772,2219,4.39406,36.76,-119.77,0.491
6.0302,52,5.82031,0.929688,634,2.47656,37.81,-122.24,2.873
3.1538,19,4.32826,1.14783,1202,2.61304,33.82,-117.99,2.521
1.9417,32,7.64706,2.24064,434,2.32086,40.28,-124.25,0.761
1.1765,36,5.32704,1.33333,567,3.56604,37.74,-122.19,0.871
4.1875,6,5.81636,1.03241,2061,3.18056,36.84,-121.38,2.176
2.1468,33,3.20339,1.05932,1615,4.56215,33.99,-118.2,1.417
4.0469,33,5.59706,1.13529,1187,3.49118,34.1,-118.22,1.966
3.1719,42,5,1,256,2.75269,37.88,-121.26,1.583
6.1256,16,5.41554,0.969595,1080,3.64865,37.41,-121.86,2.669
2.5343,39,4.21693,1.13757,1668,4.4127,34.09,-118.2,1.382
4.2348,25,6.02035,1.0518,3259,3.0148,37.99,-122.31,1.578
2.2813,21,5.20727,1.03273,862,3.13455,39.42,-121.71,0.576
2.7955,36,3.67297,0.856757,1557,4.20811,34.05,-118.03,1.575
4.1716,11,5.47214,1.01069,5247,2.95273,32.85,-116.96,1.661
1.5026,38,3.19282,0.994329,1071,2.02457,38.43,-122.71,1.24
3.875,28,5.76712,1.13242,601,2.74429,34.1,-117.67,1.74
2.5164,36,4.1813,1.01336,1563,2.98282,37.96,-122.35,1.142
4.7222,36,5.712,1.072,825,3.3,33.84,-118.3,2.396
1.7727,31,4.96194,0.979239,811,2.80623,39.44,-121.55,0.49
4.6821,8,5.39331,0.983264,867,3.62762,37.82,-121.23,1.385
1.8652,35,3.49853,1.04106,1784,5.23167,34.01,-118.27,1.161
2.3882,21,5.62577,1.23108,1496,3.0593,36.16,-119.35,0.492
7.457,30,6.7596,0.983838,1296,2.61818,34.16,-118.63,3.927
2.2,34,3.97297,1.03041,1127,1.90372,38.62,-121.38,1.165
2.7316,46,4.1813,0.974504,688,1.94901,38.56,-121.48,1.347
5.2713,36,5.88415,1.07927,915,2.78963,33.82,-118.1,2.444
3.049,33,3.17123,1.06393,2923,2.22451,37.7,-122.48,3.07
2.8438,33,5.46631,1.13747,1727,4.65499,34.05,-117.97,1.576
4.2031,8,5.52083,1.13542,398,4.14583,38.55,-121.13,2.125
4.3882,24,5.08214,1.01528,4011,3.83095,33.74,-117.92,1.893
6.0336,10,6.26032,0.978456,1410,2.53142,33.11,-117.24,2.403
5.5418,36,5.84746,0.953995,1215,2.94189,34.17,-118.07,3.261
2.0066,16,5.68957,1.1145,1361,3.4631,37.2,-120.64,1.25
7.6107,33,7.55417,1.04583,1348,2.80833,37.88,-122.17,4.232
2.9085,21,3.96292,1.10251,1985,2.16467,36.6,-121.86,1.563
6.0394,16,6.29874,0.943396,1172,3.68553,33.88,-117.97,3.216
3.1728,17,6.52427,1.31715,1749,2.8301,38.01,-121.79,1.468
4.5606,31,4.4376,1.05213,1316,2.07899,33.71,-118.29,3.038
2.3526,48,3.80707,1.05466,953,3.06431,34.04,-118.32,1.563
5.1149,39,5.87805,1.02764,1571,2.55447,37.71,-122.48,3.142
2.7069,18,5.06592,1.03366,1864,2.61431,32.84,-116.9,1.538
3.1887,16,3.79831,1.04329,3687,1.94667,34.18,-118.53,1.893
2.6014,15,4.0992,1.0992,1839,2.09692,34.14,-117.97,1.503
2.25,33,4.92443,1.00252,1412,3.55668,36.2,-119.36,0.515
1.7,48,2.86,0.82,222,4.44,33.79,-118.22,1.042
3.8906,31,4.76726,1.00592,1102,2.17357,34.18,-118.43,2.822
5.551,17,6.88131,1.03264,1125,3.33828,32.67,-117.01,2.669
4.2407,39,4.76937,1.10991,1254,2.25946,37.57,-122.34,4.338
3.8,36,5.40323,0.987903,789,3.18145,37.64,-122.08,1.72
3.3558,29,3.98649,0.943243,965,2.60811,33.92,-118.34,1.996
1.8533,15,4.9031,1.07806,1784,2.40108,41.72,-122.65,0.575
6.3132,18,6.73536,0.990632,1395,3.26698,37.69,-121.91,2.592
1.8894,39,5.22857,1.13714,580,3.31429,36.04,-119.4,1.125
3.5893,26,5.41155,1.04693,755,2.72563,33.84,-117.88,2.385
2.4074,24,3.33333,1.0504,2522,2.88889,34.17,-118.31,2.194
2.2264,11,2.89942,1.05263,2466,2.88421,34.19,-118.45,1.813
4.2721,18,5.79515,1.04672,3716,3.33872,33.87,-117.6,1.503
3.4125,37,5.29442,0.994924,555,2.81726,37.62,-121.05,1.25
1.9923,42,2.9171,1.03229,3480,3.03665,34.05,-118.32,2.5
1.9472,40,5.02649,1.09934,1391,3.07064,33.93,-116.98,0.732
3.4722,40,4.94465,1.15498,766,2.82657,37.66,-122.09,1.354
2.6875,22,5.88969,1.18945,1720,4.1247,36.77,-119.69,0.606
5.37,26,6.12758,0.921201,1222,2.29268,37.76,-122.13,2.754
3.7162,16,4.91652,1.06572,1182,2.09947,33.74,-117.95,2.012
5.2485,35,5.73734,0.990506,825,2.61076,33.94,-118.12,3.238
1.9773,21,5.84151,1.09434,744,2.80755,40.07,-122.19,0.55
3.148,22,5.17054,1,1520,3.92765,37.64,-121.03,1.023
2.5437,6,4.50613,1.07822,2877,2.20629,35.46,-120.64,1.464
10.9506,20,7.61047,1.06977,514,2.98837,37.64,-121.88,4.758
4.5208,10,6.23324,1.0992,1016,2.72386,39.37,-120.1,1.173
2.035,19,5.06073,1.03036,1293,2.61741,40.16,-122.24,0.551
4.1282,7,5.14452,1.09871,2904,1.87355,33.11,-117.31,1.881
2.2071,35,5.19403,0.993603,1730,3.6887,37.41,-120.79,0.859
3.3939,23,3.74061,1.02113,1977,2.32042,33.78,-117.85,2.121
3.3571,14,5.22794,1.10662,1613,2.96507,38.3,-122.49,1.936
2.9375,45,4.49233,1.15798,1635,2.50767,33.83,-118.31,2.73
3.0114,16,7.84746,1.60169,238,2.01695,33.68,-116.25,3.667
6.7703,43,6.16953,1.12039,808,1.98526,34.07,-118.46,5.00001
3.6091,16,6.09414,1.14742,3562,3.16341,34.87,-117,0.872
2.7993,37,4.42206,0.916067,1634,3.91847,37.47,-122.15,1.455
2.2019,24,4.96732,1.09477,882,2.88235,37.07,-120.84,1
2.6921,19,6.1285,1.04778,1304,2.14827,39.51,-121.47,0.975
5.779,39,6.30926,1.0474,1183,2.67043,37.53,-122.32,3.871
2.355,13,6.66526,1.43579,1250,2.63158,33.56,-116.72,1.229
3.5819,36,4.8265,1.07571,703,2.21767,34.28,-119.25,2.319
4.7237,27,6.28099,1.20331,1587,2.62314,38.38,-122.58,3.066
6.1265,22,6.75956,1.07445,2843,2.86016,37.73,-121.94,2.603
4.3875,10,5.64892,1.01381,1300,2.5641,37.99,-122.11,2.877
3.0682,14,5.49307,1.12079,1530,3.0297,33.73,-116.24,1.041
1.7938,41,3.99622,1.1569,2357,4.45558,33.79,-118.19,1.426
2.3558,18,11.2095,2.13333,181,1.72381,38.99,-122.7,1.347
5.8178,27,5.75214,0.954416,1020,2.90598,37.27,-121.88,2.674
4.5375,23,4.6,1.1,118,2.95,37.74,-122.44,3.5
4.5045,15,5.29912,1.1085,1277,3.74487,37.31,-121.8,1.645
2.0658,30,5.28,1.05333,984,3.28,36.72,-119.87,0.679
5.4413,8,6.7953,1.02905,2005,2.77317,38.67,-120.99,1.879
3.724,38,4.48029,0.845878,631,2.26165,37.92,-122.31,2.201
3.1286,19,5.23607,1.04244,799,2.11936,37.66,-120.97,1.375
1.1728,27,3.91392,1.05063,1704,4.31392,36.48,-119.44,0.417
3.2015,42,4.94978,1.04367,1083,2.36463,34.16,-118.35,2.5
3.625,35,6.75,1.375,1870,4.3287,35.73,-117.73,0.55
2.0385,25,5.02187,1.06563,2319,3.62344,37.65,-120.76,0.843
5.4359,25,6.6131,1.01389,1671,3.31548,37.51,-121.97,2.583
15.0001,52,7.99448,1.02762,483,2.66851,37.79,-122.44,5.00001
2.5924,19,3.64264,1.09985,3171,2.38063,34.15,-118.24,1.929
2.6221,18,4.6792,1.06767,871,2.18296,33.64,-117.94,2.72
7.2589,21,8.03571,1.10714,812,2.63636,38.23,-122.18,3.204
5.943,35,6.94048,1.04762,235,2.79762,37.92,-122.29,2.882
2.1875,13,5.51198,1,1606,2.40419,34.41,-117.25,1.197
2.7143,16,6.3853,1.24499,1203,2.67929,39.88,-121.75,0.953
4.1731,36,5.4918,0.905738,848,3.47541,34.05,-117.93,2.051
3.7933,25,4.64818,1.02103,1702,3.2543,33.93,-117.93,1.844
4.2917,6,5.14228,0.922764,764,3.10569,36.29,-119.79,1.042
5.1322,43,4.30986,0.950704,402,2.83099,33.99,-118.39,3.149
1.9903,18,4.25885,1.23277,1804,3.3594,33.88,-118.16,1.703
2.7417,16,4.78281,1.04977,316,1.42986,33.22,-117.32,0.917
1.6094,27,4.88732,1.04225,1056,3.71831,36.66,-119.6,0.552
3.7051,52,5.68792,1.1594,1645,2.76007,37.76,-122.39,2.537
3.8837,32,5.55972,1.05386,1580,3.70023,34.07,-117.89,2.003
4.0217,9,5.80458,1,1749,3.07923,36.09,-119.05,0.992
1.5898,35,4.17668,1.07774,977,3.4523,33.95,-118.3,0.94
2.4583,29,3.82143,0.943878,708,3.61224,33.92,-118.18,1.369
3.625,28,3.97569,1.05024,1082,1.75365,32.79,-117.23,2.667
1.1667,52,3.75,1,183,3.26786,37.81,-122.27,1.125
4.6176,44,5.88397,1.06118,3732,7.87342,33.97,-118.41,3.523
5.102,8,5.68182,0.989669,1526,3.15289,38.02,-121.92,1.565
3.2723,39,4.47423,1.04124,800,2.74914,34.14,-118,1.669
3.7147,32,3.43091,0.97541,5116,5.99063,33.73,-117.9,1.641
4.9516,3,7.33856,1.15901,16305,3.04311,38.43,-121.44,1.537
4.2429,3,7.31666,1.31609,5820,3.3087,34.04,-117.46,1.473
4.642,7,4.8545,1.13395,2381,1.83295,34.15,-118.47,4.573
2.3287,16,5.705,1.1,563,2.815,40.63,-122.23,1.307
6.4823,13,6.9118,1.03664,2230,3.02578,34.23,-118.85,2.909
3.6467,14,5.17417,1.0274,2021,3.95499,34.05,-117.66,1.475
5.8972,35,5.66355,1.09969,853,2.65732,33.83,-118.34,3.509
1.875,52,4.5,1.20635,2688,21.3333,34.1,-117.71,2.125
5.1009,52,6.12333,1.04333,668,2.22667,32.69,-117.18,5.00001
3.6429,25,4.30423,0.992063,735,1.94444,32.79,-117.25,3.171
6.3516,40,5.94323,1.04803,559,2.44105,34.01,-118.45,3.543
5.2327,34,4.73118,0.967742,217,2.33333,37.35,-121.74,5.00001
2.375,33,4.37861,1.19942,1345,3.88728,34.09,-118.16,1.75
6.1001,29,7.02353,1.03529,474,2.78824,33.83,-117.96,2.989
4.6211,34,5.52553,0.980851,1542,3.28085,34.09,-118.04,2.489
2.9646,26,4.28516,1.11047,3333,2.14066,33.97,-118.37,1.798
4.0391,52,6.2439,1.06272,782,2.72474,37.76,-122.49,3.327
4.5536,10,11.0981,1.97196,1220,2.85047,34.24,-117.26,1.324
6.9296,36,6.13876,1,563,2.69378,33.81,-118.37,5.00001
3.2426,26,5.48983,1.09661,1529,2.59153,34.24,-118.58,2.369
2.7222,25,5.5283,1.25472,1117,2.63443,41.86,-123.26,0.646
4.0122,20,5.43728,1.01381,2823,3.24856,34.35,-119.09,2.148
1.3417,33,4.4218,1.03791,838,3.97156,34.12,-117.33,0.69
3.0217,9,5.00632,1.07115,3265,2.58103,37.69,-121.04,1.609
2.5313,52,1.37849,1.0757,346,1.37849,34.05,-118.23,2.25
2.2788,47,3.77457,1.13006,1499,4.33237,34.04,-118.21,1.396
2.5966,32,3.67105,0.991776,2361,3.88322,33.96,-118.22,1.709
7.9217,4,5.10606,1,511,2.58081,33.66,-117.83,2.962
5.0875,26,6.07168,0.9319,885,3.17204,33.73,-117.97,2.242
5.0091,33,5.88377,0.95614,1520,3.33333,33.77,-118.02,2.115
2.7981,22,4.83624,1.17073,930,3.24042,33.88,-118.36,2.75
2.5074,35,4.88215,1.09428,717,2.41414,40.42,-120.66,0.664
5.2853,31,5.16944,1.19444,736,2.04444,34.15,-118.42,3.559
5.5255,40,5.01622,1.01081,521,2.81622,33.92,-118.37,2.427
5.3773,27,5.83633,1.08813,1572,2.82734,33.84,-118.37,3.79
2.1289,14,4.46104,1.00649,859,1.85931,38.03,-120.41,1.153
3.6033,9,4.94676,1.06863,10323,2.69389,34.1,-117.61,1.326
2.5556,13,4.0132,0.966997,1441,2.37789,38.1,-121.28,1.331
3.5851,7,5.41444,1.10628,6763,2.77513,33.94,-117.23,1.42
3.0598,13,4.31006,1.06983,776,2.1676,34.04,-117.67,0.997
3.8355,38,5.11299,1.04802,1257,3.55085,34.08,-117.63,1.117
1.3039,22,4.53883,1.17112,2011,2.44053,33.75,-116.97,0.775
3.2731,20,5.0025,1.10092,3185,2.65638,33.93,-117.45,1.139
3.1696,18,5.16477,1.125,661,3.75568,38.65,-121.43,0.774
4.375,36,4.89637,1.03627,1232,3.19171,33.92,-118.15,1.842
4.5833,37,4.89655,0.986207,886,3.05517,33.87,-118.35,2.613
3.4471,31,5.32639,1.01389,716,2.48611,38.44,-122.86,2.095
4.6726,6,5.7303,1.03333,969,2.93636,36.81,-119.87,1.078
1.6488,22,3.57576,0.986226,1272,3.50413,34.65,-120.46,1.175
3.4491,30,5.48348,1.08348,1544,2.68522,33.96,-117.38,1.338
3.2625,27,5.14591,1.04982,670,2.38434,39.22,-122.04,0.928
1.3785,47,4.31034,0.962382,843,2.64263,37.85,-122.27,1.423
2.3036,39,3.7933,0.916201,769,4.29609,33.88,-117.57,1.106
3.5492,25,4.94604,0.960432,1032,3.71223,32.73,-117.04,1.254
1.7158,37,4.28533,1.00533,1526,4.06933,33.91,-118.24,0.943
3.8171,18,5.11973,1.04368,5613,2.88438,37.63,-122.1,1.872
2.8438,44,3.745,1.075,848,2.12,37.39,-122.08,3.071
3.6682,33,4.60933,1.05248,1553,2.26385,37.34,-121.97,2.661
1.7614,21,4,1.05645,511,4.12097,35.35,-118.98,0.332
6.0672,26,5.17251,1.09164,953,2.56873,33.99,-118.45,4.208
1.875,26,5.0777,1.15878,699,2.36149,39.77,-121.6,0.84
5.9171,14,6.01724,1.02069,1710,2.94828,34.52,-118.35,3.333
4.7727,35,6,0.964455,1338,3.17062,34.27,-119.25,2.19
8.2598,52,7.09471,1.039,876,2.44011,37.57,-122.34,5.00001
2.6983,49,4.58689,1.05413,961,2.73789,34.42,-119.72,2.601
1.5827,35,5.27384,1.07824,1009,2.46699,39.16,-121.56,0.63
2.9917,36,4.87556,0.924444,568,2.52444,37.7,-122.16,1.946
3.5323,34,5.7629,1.06774,1540,2.48387,38.49,-121.45,1.098
5.0194,38,5.96121,1.02586,649,2.79741,33.97,-117.4,1.489
4.5673,26,6.29496,1.02158,962,3.46043,34.26,-118.76,1.904
2.6321,21,4.13226,1.05611,2162,2.16633,37.7,-122.13,2.231
3.7912,6,4.46863,1.04632,7249,3.05221,36.69,-121.66,1.689
3.5357,44,4.68707,0.873016,1046,2.37188,34.02,-118.34,1.569
5.5654,32,6.35604,1.04954,835,2.58514,33.76,-117.81,2.818
3.2917,52,5.56425,0.963687,948,2.64804,33.96,-117.39,1.293
6.2179,27,6.9052,0.977695,1631,3.0316,37.54,-121.94,3.053
4.7604,36,5.19444,0.882716,740,2.28395,37.33,-121.95,2.947
7.7876,13,7.69629,1.03212,7775,3.24364,34.08,-117.81,3.489
2.6058,40,3.88571,0.914286,785,4.48571,37.39,-120.71,0.727
4.3782,23,5.20476,1.02698,2582,4.09841,37.33,-121.82,1.758
4.7159,36,6.56158,1.06897,648,3.19212,34.13,-118.01,3.659
4.2071,8,5.53994,1.07827,1604,2.5623,36.86,-119.78,1.283
3.4028,14,5.61446,0.996988,894,2.69277,39.29,-121.06,1.718
3.4698,17,7.34701,1.10821,717,2.67537,39.13,-121.68,1.797
4.125,19,5.42327,0.967822,1065,2.63614,38.41,-122.84,2.046
3.133,33,4.31023,1.06601,2496,4.11881,34.11,-118.23,1.56
2.996,22,7.24706,1.43529,1045,2.45882,38.93,-120.01,1.261
2.0278,46,5.18902,1.13415,1740,3.53659,34.17,-118.15,1.275
1.5908,26,4.20878,1.07181,2447,3.25399,38.49,-121.48,0.786
3.4359,21,5.50641,0.987179,1194,3.82692,33.23,-117.24,1.509
3.7596,21,4.11223,1.10553,1015,1.70017,32.84,-117.28,3.813
3.2386,32,3.94817,0.89939,1097,3.34451,37.6,-122.02,1.496
3.5781,44,5.26296,1.1037,609,2.25556,37.71,-122.13,1.8
3.9861,13,5.84902,1.04706,1417,2.77843,38.01,-121.77,1.681
4.267,35,5.5316,0.962825,1424,2.64684,37.68,-122.14,2.103
3.765,33,5.71789,1.04128,1203,2.75917,37.97,-121.34,0.946
4.0781,36,5.60526,0.973684,699,2.62782,33.85,-118.15,2.173
5.0447,36,5.95302,1.00336,784,2.63087,33.81,-118.12,2.492
2.525,17,3.78743,1.01294,2243,4.14603,34.24,-118.42,1.637
3.125,14,7.27111,1.12444,766,3.40444,37.04,-119.94,0.885
5.592,35,6.70037,1.09363,897,3.35955,34.21,-118.41,2.399
5.0863,37,5.76809,0.935855,1663,2.7352,37.48,-122.25,4.403
2.1437,40,3.90076,1.02672,2150,4.10305,33.95,-118.28,0.948
2.7,45,4.63977,1.17003,1148,3.30836,34.41,-118.8,1.204
1.6267,23,4.26359,1.125,1031,2.80163,38.42,-122.71,1.292
3,32,4.89914,1.06052,1487,2.14265,37.7,-122.07,2.232
4.7143,35,6.10309,1.03093,572,2.94845,37.65,-122.09,1.938
1.2625,40,4.61244,1.10048,742,3.55024,37.95,-121.32,0.43
3.0403,26,5.14097,0.975037,1860,2.73128,34.03,-117.03,1.135
2.6618,10,6.20408,1.2551,1403,2.04519,34.1,-116.32,0.81
2.7428,33,4.04924,1.07386,1072,2.0303,33.89,-118.29,2.089
3.0119,27,4.97374,1.05708,2110,2.40868,34.21,-119.05,2.182
3.2872,17,4.5583,1.01345,1114,2.49776,38.01,-121.34,1.75
4.5156,35,6.12203,0.99322,683,2.31525,39.53,-121.53,0.912
1.9704,35,3.50401,1.02087,3504,5.6244,34.2,-119.16,1.603
4.163,30,4,1,103,2.94286,38.36,-121.98,1.125
4.0507,34,4.98413,1.05952,638,2.53175,37.98,-122.01,1.61
0.9304,24,2.83442,1.03896,529,1.71753,34,-118.33,1.516
2.5926,24,4.77561,0.980488,723,3.52683,38.51,-121.48,0.723
2.0074,20,5.28433,1.09154,1993,2.76422,41.75,-124.21,0.669
3.95,22,6.89474,1.01754,134,2.35088,38.12,-121.23,1.781
2.8024,16,3.55172,1.03924,4241,5.04281,37.33,-121.85,1.279
7.8476,52,7.90828,1.03254,876,2.59172,37.73,-122.46,5.00001
5.62,36,6.22857,1.03175,786,2.49524,33.81,-118.1,2.396
1.7558,34,3.35943,1.04745,1594,1.89087,34.09,-118.36,3.125
2.1094,52,2.05952,1.03571,401,4.77381,36.74,-119.79,0.75
3.2465,19,5.87697,1.11987,1260,3.97476,33.79,-118.05,2.774
8.4721,28,9.50515,1.10309,314,3.23711,33.01,-117.04,3.423
2.5577,24,3.69053,1.09308,3093,2.46062,33.83,-118.01,2.023
5.2444,33,6.75336,1.05232,1776,2.65471,38.31,-122.26,2.811
2.1764,24,4.40737,1.03966,3996,2.26402,34.02,-117.51,1.353
2.3305,52,3.48886,1.17038,3018,3.95544,33.78,-118.2,1.625
1.3348,21,4.17685,1.08682,1494,4.80386,39.12,-121.6,2.25
3.7045,30,4.59693,1.08445,1214,2.33013,33.94,-117.99,2.123
2.5383,11,4.47133,1.05734,5682,4.46347,33.69,-116.19,0.74
1.6331,34,2.28347,1.08126,2655,2.45152,34.09,-118.32,1.625
1.3801,36,4.56642,1.12531,930,2.33083,40.68,-122.35,0.566
3.1588,30,4.06983,1,1357,3.38404,34.29,-118.44,1.601
3.2415,32,5.23024,1.02774,1786,2.47712,38.44,-122.67,1.722
3.4402,40,4.60382,0.995227,1780,4.24821,33.93,-118.2,1.494
2.4875,26,4.55648,1.03316,2539,2.63109,38.09,-122.23,0.9
3.4412,39,4.17341,1.07457,2156,1.93711,37.59,-122.37,3.538
1.9167,45,4.0397,1.05671,1550,2.93006,33.73,-118.28,2.272
2.9712,52,10.1051,1.93393,796,2.39039,37,-122.04,1.166
3.6897,38,4.32212,1.03606,2416,2.90385,33.85,-118.18,1.698
2.0329,30,3.90584,1.00377,1311,2.46893,33.74,-118.29,2.258
3.6875,15,6.42629,1.19124,655,2.60956,38.02,-120.43,1.86
1.5078,36,4.54453,1.06361,1367,3.47837,33.95,-118.3,0.996
6.7559,15,7.20817,0.966794,2659,3.39591,34.22,-118.91,3.12
3.6711,35,4.82588,1.00471,1466,3.44941,34.02,-117.49,1.082
2.6719,28,3.88416,1.03918,1255,2.13799,37.66,-122.07,1.612
1.9265,29,11.4159,2.32743,323,2.85841,34.24,-117.32,1.033
4.1856,19,6.09547,1.05728,1301,3.10501,36.08,-119.06,0.721
1.7951,18,3.90534,1.17384,1329,2.28744,32.77,-117.06,1.618
15.0001,48,9.72984,1.05242,770,3.10484,34.08,-118.42,5.00001
3.9792,19,5.8961,1.02597,306,1.98701,38,-121.31,1.319
2.825,16,4.64846,1.01195,1124,1.91809,38.48,-122.66,1.862
3.0509,30,5.59813,1.1729,1019,4.76168,33.94,-117.4,0.827
2.5272,5,6.08005,1.40271,2204,2.71429,34.1,-117.41,0.92
3.8194,25,6.18077,1.07692,899,3.45769,32.58,-117.07,1.344
4.3621,13,4.75283,1.09623,2094,3.95094,37.32,-121.86,1.734
3.5208,20,5.2,1.34,69,1.38,34,-116.57,0.766
2.8214,14,10.5293,2.25798,1064,2.82979,34.29,-116.76,1.114
4.9702,14,6.54693,1.02253,2634,3.29662,36.98,-121.57,2.798
4.9318,20,6.24768,1.01548,1196,3.70279,37.34,-121.79,2.624
4.0905,18,5.40121,1.03776,3982,2.6851,34.27,-119.17,2.365
6.3047,23,6.59168,1.0013,2473,3.21586,33.7,-118.02,2.857
4.25,35,5.48104,0.954092,1779,3.5509,34.1,-117.91,1.667
1.7135,42,4.47814,1.00273,929,2.53825,37.85,-122.27,1.598
3.2258,10,5.60465,1.11218,2082,2.84815,33.6,-117.36,1.593
5.8479,25,6.61155,1.05777,1560,3.10757,37.26,-121.89,2.633
4.0909,34,6.15187,1.10047,1313,3.06776,34.22,-118.62,2.329
2.5495,15,4.36557,1.12894,3838,2.63237,38,-121.83,1.036
5.3701,36,5.95735,0.971564,530,2.51185,33.8,-118.12,2.514
3.1648,39,5.08993,1.07194,729,2.6223,33.8,-118.32,2.448
3.6654,35,5.18235,0.935294,605,3.55882,33.91,-118.32,1.845
3.7794,39,4.0855,0.977695,787,2.92565,34.04,-118.15,1.946
2.8631,30,4.42714,1.04523,940,2.36181,34.16,-118.12,1.886
3.9227,33,5.94959,0.95935,1773,2.88293,34.08,-117.66,1.572
2.6023,14,3.7824,1.0096,1300,2.08,38.46,-122.66,2.211
3.3261,30,4.62994,0.985447,1961,4.07692,34.08,-117.97,1.641
3.9792,15,3.0073,0.934307,310,2.26277,33.96,-118.41,2.667
10.8034,18,8.46058,1.00415,1490,3.09129,33.97,-117.99,5.00001
6.4232,41,5.35789,0.978947,746,2.61754,34.01,-118.43,4.466
1.6045,36,3.82295,1.07541,2175,3.56557,35.76,-119.25,0.573
4.0071,15,4.53226,1.02199,1602,2.34897,38.34,-122.69,1.355
3.4464,36,5.01566,1.00224,2052,4.5906,34.04,-117.76,1.13
3.6583,37,4.38235,1.09804,1233,4.02941,34,-118.16,1.505
4.0938,37,5.97959,1.04638,1325,2.45826,38.13,-122.24,1.269
3.6602,18,5.45584,1.06838,2767,3.9416,34.08,-117.46,1.207
4.1544,19,4.79167,1.15323,1639,2.20296,37.4,-122.08,2.77
6.1183,49,5.86957,1.26087,86,3.73913,37.82,-122.29,0.75
5.0782,28,5.74798,1,1287,2.59476,33.94,-117.95,2.641
2.6981,35,5.57233,1.0055,4885,3.84041,38.55,-121.28,1.125
7.9835,27,8.18782,1.01523,497,2.52284,34.09,-118.43,5.00001
7.8336,25,8.05502,1.01618,911,2.94822,32.79,-117.07,2.776
2.273,36,4.81273,1.09818,2045,3.71818,37.61,-121,0.629
3.3724,16,5.74067,1.17164,1479,2.75933,35.94,-121,1.146
7.6059,27,7.14634,1.04878,917,3.19512,34.37,-118.54,3.237
6.4667,17,6.23636,0.963636,1365,2.75758,38.5,-121.53,2.168
5.3681,26,6.04842,1.01053,1915,4.03158,34.28,-118.77,1.877
4.9783,15,7.0836,1.00322,1051,3.37942,37.99,-121.87,1.639
5.3398,36,5.81422,1.0344,1390,3.18807,37.66,-122.46,2.609
1.6513,37,4.5,1.27551,390,3.97959,33.95,-118.24,0.902
4.5659,5,6.01296,1.11951,3723,2.68035,34.67,-118.17,1.403
8.3252,41,6.98413,1.02381,322,2.55556,37.88,-122.23,4.526
2.425,39,5.83284,1.17595,805,2.3607,34.14,-117.29,0.9
6.6122,4,7.56865,1.22519,6187,2.80335,34.18,-118.75,3.576
7.8705,52,8.09677,1.11828,547,2.94086,34.03,-118.5,5.00001
6.1575,38,7.17197,1.03503,777,2.47452,36.8,-119.81,1.601
2.6635,16,4.55556,1.04795,1762,2.06082,38.57,-121.37,1.358
3.6369,10,5.64656,1.04504,4611,3.51985,35.3,-119.02,0.816
7.5,35,6.37455,1.07636,615,2.23636,33.88,-118.4,5.00001
4.5032,19,5.75448,1.0422,2456,3.14066,32.95,-117.03,1.689
6.0842,18,7.675,1.05,368,3.06667,38.26,-121.99,2.611
1.4828,24,4.24832,0.922819,1083,3.63423,32.67,-115.49,0.731
6.3974,29,5.99345,0.959083,1626,2.66121,33.85,-118.37,4.1
4.3173,46,5.4918,1.06089,1031,2.41452,34.16,-118.32,2.783
2.625,13,6.40149,1.20818,712,2.64684,37.29,-119.6,1.375
4.849,7,6.61821,1.20468,2863,2.39181,35.15,-120.64,2.75
2.7171,22,6.0419,1.21788,1048,2.92737,38.94,-123.15,0.958
2.6406,27,5.50595,1.04762,449,2.67262,37.57,-120.98,1.297
6.0667,19,6.44852,1.00423,2346,3.30889,37.53,-122.01,2.457
5.9449,18,6.45979,1.05245,1779,3.11014,33.71,-117.94,2.765
3.25,39,4.50321,1.07372,1109,1.77724,34.06,-118.36,3.55
2.2449,30,7.50804,1.1672,1214,3.90354,34.13,-117.33,0.932
3.725,52,5.65625,0.961806,819,2.84375,33.97,-118.31,1.426
4.4107,17,6.42697,1.13483,626,3.51685,38.31,-121.27,1.516
3.6797,21,4.23342,1.04209,3240,2.06633,33.79,-118.32,2.711
3.712,21,6.37333,1.05667,1818,3.03,38.66,-121.3,1.39
2.2264,24,3.88613,1.07453,898,1.85921,32.75,-117.13,1.125
3.1486,14,5.21834,0.960699,568,2.48035,36.33,-119.35,1.056
3.225,37,5.13984,1.04222,1163,3.0686,33.96,-118.04,1.54
1.9688,31,4.10801,1.01045,2302,4.01045,35.23,-118.82,0.539
3.0909,30,4.44737,1.10526,1314,3.14354,33.75,-117.99,1.844
4.5735,39,5.28485,1.02727,1048,3.17576,33.89,-118.14,1.955
2.4659,27,6.31132,1.23585,314,2.96226,34.39,-119.34,2.313
4.5278,26,7.63636,1.06938,1132,2.70813,38.65,-121.3,1.443
3.1389,31,5.37463,1.10029,2229,3.28761,38.02,-121.87,1.178
5.7405,48,5.32463,0.94403,693,2.58582,34.01,-118.4,3.516
5.0524,18,5.18787,1.05178,1224,1.81065,37.91,-122.38,2.698
2.5986,11,4.26425,0.993665,5982,5.41357,36.69,-121.62,1.357
1.9766,28,2.61642,1.08543,1974,3.30653,34.09,-118.29,1.125
4.2644,46,4.75641,1.02564,1272,2.71795,37.76,-122.5,2.841
1.8447,52,4.20985,1.06387,1127,2.05657,37.86,-122.27,1.982
2.0094,19,4.35153,1.07079,4030,2.41752,39.76,-121.86,0.873
2.7206,42,3.43091,1.01783,2609,3.87667,33.95,-118.19,1.621
3.5296,43,4.64415,1.22799,1497,1.80579,37.71,-122.48,4
3.5781,35,6.24625,1.0961,1026,3.08108,36.62,-119.73,0.928
3.9128,30,5.90138,1.01775,1521,3,33.94,-117.44,1.269
4.1719,27,6.81066,1.13152,2680,3.03855,34.71,-118.16,1.172
3.6371,34,6.00264,0.989446,1021,2.69393,32.81,-117.16,1.763
3.7065,16,5.48727,1.07515,2531,3.06788,37.52,-120.84,1.248
7.5604,9,6.69697,0.943723,683,2.95671,32.91,-117.08,3.279
5.5921,18,7.80376,1.04032,1127,3.02957,37.81,-121.98,3.591
4.1136,30,4.14501,1.05273,1194,2.24859,34.12,-118.07,2.799
6.5513,16,6.77468,0.989873,1377,3.48608,33.86,-118.05,3.504
1.577,51,4.81377,1.18219,1083,2.19231,40.17,-122.24,0.519
8.8386,35,6.68097,1.09651,812,2.17694,37.88,-122.46,5.00001
7.0177,17,6.40569,1.11032,891,3.17082,33.29,-117.05,2.676
6.6288,7,6.80255,1.02628,15037,3.69278,34.04,-117.87,3.397
4.5074,36,5.39168,1.03282,1111,2.43107,33.74,-118.31,3.5
1.1122,52,2.64407,1.28249,990,2.79661,34.06,-118.28,1.875
0.8543,27,2.29787,1.17553,1211,1.61037,37.78,-122.42,5.00001
7.5402,13,8.3931,1.06897,1311,3.01379,33.08,-117.25,3.403
5.6785,20,6.05164,1.01829,4952,2.6638,34.12,-117.71,2.395
2.1842,47,5.5445,1.08115,965,2.52618,37.76,-122.17,1.079
4.1678,11,5.11712,1.09293,3445,2.19287,33.59,-117.7,1.909
3.6923,45,5.08408,1.01201,1255,3.76877,33.81,-118.21,1.597
3.3571,52,7.03488,0.976744,411,2.38953,37.77,-122.26,4.054
4.4529,10,6.00617,1.0467,4163,3.66784,38.15,-122.24,1.441
2.625,26,4.90865,1.10577,301,1.44712,33.6,-117.7,0.806
3.9028,25,5.47097,0.987097,436,2.8129,39.52,-121.49,0.938
6.0678,52,6.42045,1.06439,595,2.25379,34.14,-118.4,3.993
2.0469,15,4.82667,1.176,1157,3.08533,39.08,-121.53,0.551
2.6994,16,4.30341,0.899461,1053,1.89048,38.01,-121.25,1.125
3.5719,45,4.09394,1.08776,1157,1.43016,34.07,-118.35,5.00001
1.8839,32,11.5725,2.20611,304,2.32061,39.66,-120.48,0.71
3.6125,33,5.19681,1.03723,1600,4.25532,33.95,-118.05,1.708
3.4184,20,4.72148,1.04593,3690,2.73333,34.03,-117.69,1.625
2.3469,35,4.38346,1.00752,515,1.93609,37.74,-120.94,0.902
5.6344,24,5.27605,1.02106,3188,3.53437,37.41,-121.9,2.287
5.6058,19,6.034,1.02267,7817,4.21856,37.31,-121.83,2.327
4.3424,10,5.66914,1.11111,818,2.01975,33.03,-117.08,1.606
3.2083,26,6.66795,1.11583,802,3.09653,36.44,-119.77,0.75
0.949,52,2.52411,0.964361,2016,4.22642,37.87,-122.25,3.5
2.1513,8,8.11785,1.55892,786,2.64646,40.61,-121.67,0.804
4.0882,12,5.36036,1.07057,3321,4.98649,32.85,-116.98,1.345
2.3382,38,5.14286,1.16071,478,4.26786,37.29,-120.32,0.596
3.8333,15,9.05357,1.75,918,2.73214,38.89,-120.03,1.188
4.8214,12,7.20784,1.07843,1572,3.08235,38.97,-121.05,2.019
2.9228,35,3.95308,1.06434,2106,2.82306,34.18,-118.37,1.773
4.2143,22,6.42523,1.01168,1161,2.71262,38.84,-121.14,2.365
1.3578,40,4.5241,1.10843,409,2.46386,37.85,-122.27,1.475
2.2197,33,4.325,1.07708,1374,2.8625,33.87,-117.57,1.382
5.0958,18,5.29104,0.962687,1547,3.84826,37.22,-121.78,2.171
3.1094,40,4.82292,1.07292,841,2.92014,38.37,-122.73,1.833
2.875,38,5.42605,1.07726,1135,2.50552,34.16,-117.29,0.991
2.6949,15,5.49639,1.11538,2513,3.02043,33.66,-117.28,1.636
2.9583,52,5.27273,1.12639,940,2.08426,38.02,-122.13,1.66
4.0495,12,5.21478,1.05312,1147,2.64896,33.14,-117.13,1.539
1.7266,21,5.17365,1.2485,731,2.18862,38.76,-120.59,0.947
2.4931,26,3.97765,1.03724,1528,2.84544,33.78,-117.96,2.361
1.9425,36,4.00282,1.0338,1418,3.99437,32.69,-117.11,0.934
3.2,52,6.10837,1.16092,1424,2.33826,39.27,-121.02,1.55
1.6849,17,8.83639,2.11352,1201,2.00501,33.93,-116.44,0.884
4.6957,27,5.51404,0.942105,1760,3.08772,34.43,-119.8,2.715
4.5615,14,6.24272,1.07646,2846,3.45388,34.56,-118.08,1.372
1.8242,37,5.27308,1.22692,640,2.46154,40.78,-124.19,0.7
2.4107,21,6.56863,1.17647,947,3.09477,41.69,-122.56,0.701
3.209,14,7.23994,1.9727,1298,1.86494,33.14,-117.38,3.133
3.2148,14,5.25103,1.05556,3513,3.6142,33.93,-117.22,1.17
4.0167,5,4.875,1.18966,520,2.24138,35.65,-117.69,0.875
5.1377,34,6.11392,0.996835,1053,3.33228,33.89,-118,2.133
10.6272,36,8.39419,1.00415,653,2.70954,37.94,-122.56,5.00001
5.296,35,6.80608,1.02281,924,3.51331,33.84,-118.1,2.262
3.4598,11,5.58841,1.00297,2374,3.52749,37,-120.09,0.746
0.7025,19,2.4252,1.12598,1799,2.83307,35.3,-120.67,5.00001
1.319,16,6.40491,1.6411,816,2.50307,40.22,-124,0.707
2.7188,26,6.828,1.232,761,3.044,41.07,-121.11,0.481
5.7837,23,6.60794,1.067,1499,3.7196,33.79,-118.01,2.58
4.3039,29,4.5987,1.02078,2259,2.93377,37.66,-122.43,2.784
3.5052,26,4.83546,1.03476,2471,2.86327,33.9,-118.11,1.96
3.9167,44,5.44361,1,373,2.80451,33.87,-118.33,2.656
6.5308,27,7.20982,1.00223,1193,2.66295,33.76,-117.82,2.878
4.8214,29,5.4186,0.889535,711,4.13372,33.95,-117.5,1.434
4.4375,43,5.71034,1.04138,446,3.07586,37.3,-121.91,3.276
3.5687,36,4.83246,0.863874,603,3.15707,33.89,-118.26,1.207
5.9053,16,6.57746,1.00352,995,3.50352,37.26,-121.8,2.605
1.9018,25,6.11416,1.49772,503,2.2968,38.94,-119.98,1.097
3.7222,49,5.84669,0.965157,737,2.56794,34.19,-118.14,2.37
5.9596,43,4.70946,1.08446,552,1.86486,33.9,-118.42,5.00001
2.1062,21,4.32428,1.07827,1742,2.78275,34.09,-117.94,1.767
5.615,27,6.67837,1.00863,4406,2.71473,38.08,-122.58,2.856
3.8029,35,5.64138,1.05287,1110,2.55172,34.11,-118.02,4.148
2.9167,24,4.76672,1.05677,1750,1.36081,37.87,-122.08,1.027
2.148,46,4.27384,1.04645,1707,4.17359,34,-118.27,1.038
3.3942,32,4.51504,1.03571,1020,1.91729,32.81,-117.25,3.074
4.8152,36,5.63732,1.02113,715,2.51761,33.97,-118.03,2.324
4.7404,29,5.55323,1.02419,2257,3.64032,33.74,-117.98,2.075
3.5691,12,5.02134,1.03834,8656,2.67656,38.54,-121.35,1.163
2.6429,18,5.18432,0.987288,1573,3.33263,32.81,-116.93,1.254
3.0273,12,4.70642,1.04037,1785,3.27523,32.58,-117.09,1.353
4.8542,17,6.53735,1.06506,1475,3.55422,38,-121.87,1.441
6.7694,16,6.28968,1.06746,1829,2.41931,32.94,-117.25,4.259
3.5839,5,5.24862,1.06298,2726,3.01215,33.16,-117.15,1.585
2.4273,27,4.84626,1.06488,1568,2.21157,38.9,-121.08,1.384
1.3029,52,4.81306,1.00901,1194,2.68919,36.74,-119.76,0.691
3.2305,35,5.22727,0.939394,730,2.76515,34.08,-117.34,0.937
3.1932,51,5.35099,1.23841,608,2.01325,36.93,-122,4
1.6767,26,5.72078,1.35714,855,2.77597,37.64,-120.9,0.813
2.8333,35,5.30204,1.03673,705,2.87755,38.68,-121.46,1.03
2.1957,33,3.25437,1.01942,2564,4.97864,34.02,-118.25,1.008
5.184,35,6.04175,0.974948,1420,2.96451,34.06,-117.92,2.249
3.8056,21,5.88152,1.17536,746,3.53555,34.47,-120.05,4.25
4.6141,4,4.79803,1.14286,428,2.10837,33.71,-117.78,1.954
3.75,38,5.27523,0.981651,259,2.37615,38.72,-121.9,1.875
4.0238,15,3.84906,1.02725,942,1.97484,33.72,-118.04,1.825
3.67,14,5.9395,1.08185,1373,2.44306,39.27,-120.83,1.601
1.5521,40,3.45483,1.01743,2464,3.90491,33.97,-118.28,0.901
4.4211,44,5.23715,0.968379,669,2.64427,33.88,-118.37,3.24
0.9563,52,1.78453,1.19337,2081,2.87431,34.05,-118.27,2.75
4.2667,32,3.63302,0.901774,1403,1.91405,37.46,-122.16,4.102
5.154,24,5.79145,1.08205,1627,2.7812,37.31,-122.04,3.551
1.6351,23,4.99502,1.0995,697,3.46766,32.79,-115.55,0.596
6.1142,23,6.36164,1.02897,3281,3.27772,33.79,-118.02,2.404
4.8036,11,6.16543,1.05432,1101,2.71852,36.83,-119.85,1.416
6.2907,15,5.97492,1.04012,3838,3.84955,37.29,-121.81,2.531
4.2188,17,6.02479,1.10744,431,3.56198,37.54,-120.72,1.313
1.6103,44,4.82283,1.13189,1330,2.61811,36.07,-119.01,0.509
3.0445,36,4.04281,1.03058,1211,1.85168,32.76,-117.15,2.148
1.9167,36,7.50667,1.75333,482,3.21333,37.75,-122.19,0.828
11.5199,3,7.68293,0.934959,337,2.73984,33.69,-118.01,5.00001
2.975,37,4.31415,1.02158,1088,2.60911,34.13,-118.23,2.445
4.4435,35,6.19184,1.04898,658,2.68571,34.14,-117.27,0.976
4.2437,35,5.83668,1.0201,1741,4.37437,33.91,-118.03,1.641
1.9063,18,5.66197,1.07042,213,3,37.06,-120.08,0.958
1.6184,52,2.1704,1.06024,2309,3.97418,34.06,-118.28,2.25
4.7475,28,5.32551,1.06452,2100,2.05279,37.88,-122.5,4.746
8.6572,20,8.13043,1.02717,1105,3.00272,38.58,-121.35,3.202
1.3889,16,5.5,1.08333,188,2.61111,40.17,-122.72,0.875
3.0824,33,3.76945,1.08069,2175,6.26801,33.73,-117.89,1.774
4.1,21,5.81603,1.03811,1856,2.4389,38.49,-121.51,1.583
6.6603,9,6.20664,1.0738,1015,3.74539,33.82,-117.86,2.309
2.2,14,3.60523,1.18787,1691,2.0107,34.09,-118.34,2.1
1.8315,28,4.5102,1.07908,1066,2.71939,37.67,-120.99,0.905
7.8915,3,7.79976,1.12332,2129,2.59951,33.53,-117.73,4.206
8.2883,34,6.61883,0.973094,613,2.74888,37.37,-122.21,5.00001
5.8418,15,6.83146,0.932584,572,3.21348,38,-122.27,2.403
3.3125,19,4.42146,1.14592,2548,2.18712,37.97,-122.33,1.588
4.0938,35,5.44637,0.955017,1088,3.76471,34.12,-117.88,1.653
3.0962,38,4.4475,1.0325,1061,2.6525,37.68,-122.1,1.809
2.3333,32,5.81698,1.14058,1074,2.84881,34.65,-120.47,1.302
3.0912,40,4.39626,1.00187,1430,2.6729,36.84,-121.4,1.553
1.2786,39,2.14009,1.09052,1765,3.80388,34.05,-118.3,1.219
5.1506,20,6.20173,1.09068,3083,1.90191,36.55,-121.87,3.875
2.6875,39,3.63325,1.14181,758,1.8533,34.43,-119.7,3.206
4.9,5,5.21519,1.22785,1727,1.82173,33.6,-117.75,2.556
4.6607,29,4.7301,0.979239,2630,3.03345,34.22,-118.53,1.998
5.2614,24,5.99575,0.936306,1480,3.14225,32.87,-116.94,1.772
5.2145,28,6.80741,1.01111,899,3.32963,37.96,-121.96,2.292
4.1099,10,6.83491,1.12554,3176,2.73087,40.57,-122.42,1.201
5.2561,19,6.15965,0.955654,1092,2.42129,36.32,-119.33,1.213
2.8418,26,3.5008,1.1152,2435,1.948,34.03,-118.41,3.273
3.0217,22,4.98387,1.10081,615,2.47984,38.76,-120.6,1.069
4.3429,9,6.17828,1.06971,2582,3.46113,33.26,-117.26,1.739
3.1029,18,4.94545,1.11212,769,2.3303,39.16,-121.57,0.717
2.4107,38,5.36232,1.18116,332,2.4058,34.15,-117.3,0.88
3.7857,39,5.66351,1.05213,1246,2.95261,34.06,-118.14,2.457
6.8553,33,6.7607,1.05615,2021,2.70187,33.81,-118.37,4.822
3.5795,12,6.85758,1.24242,913,2.76667,37.47,-121.11,1.456
5.3806,17,7.69706,1.19744,3409,2.56895,34.24,-119.09,4.521
1.8365,43,4.41951,1.17073,458,2.23415,32.79,-117.25,3.286
3.4331,11,5.15529,1.19411,1847,2.47256,38.68,-121.8,1.206
5.3244,28,5.19751,1.05249,1967,2.71685,33.87,-118.32,2.719
4.6417,17,6.8292,1.07438,1219,3.35813,34.69,-118.12,1.257
3.0417,35,4.05097,1.0801,1870,4.53883,33.92,-118.21,1.173
1.65,41,3.88175,1.05398,1408,3.61954,33.94,-118.26,0.942
4.0833,41,6.59859,1.11268,396,2.78873,36.06,-119,0.813
3.1325,27,4.37809,1.05556,2141,3.30401,33.89,-118.36,2.15
3.0489,33,4.36161,1.03571,1293,2.88616,37.66,-122.1,1.526
3.06,21,3.90456,1.0083,903,1.87344,32.74,-117.16,2.438
4.1389,19,4.47872,1.02926,1224,3.25532,37.42,-121.91,1.741
6.3434,30,6.04296,1.1074,1056,2.52029,33.89,-118.39,4.604
3.9167,52,5.37615,0.986239,489,2.24312,37.88,-122.28,2.356
3.6771,31,4.70526,1.06842,883,4.64737,33.93,-118.05,1.415
6,34,6.5663,1,1055,2.91436,34.23,-118.23,3.671
2.9706,17,5.29029,1.05062,1470,1.5186,37.4,-122,0.813
1.8156,40,2.50041,0.993459,3953,3.23222,34.09,-118.3,2.188
3.875,45,4.59516,1.00346,720,2.49135,34.18,-118.34,2.269
4.3898,52,5.32662,1.10067,1485,3.32215,37.73,-122.44,2.7
2.7092,35,4.38995,1.04067,774,1.85167,33.8,-118.12,2.563
3.125,22,4.89701,1.05648,2600,4.31894,34.04,-117.75,1.136
4.1518,22,5.66307,1.07547,1551,4.18059,32.58,-117.05,1.369
3.443,18,4.73111,1.04804,5325,3.11951,33.99,-117.9,1.719
0.7286,46,3.37545,1.0722,582,2.10108,37.81,-122.29,0.952
2.875,13,5.24848,1.52727,369,2.23636,37.69,-120.15,0.702
3.0833,29,5.43411,0.981912,1124,2.90439,38.69,-121.37,0.87
3.9722,27,4.61927,1.09636,1877,2.20564,37.55,-122.31,3.541
6.2296,26,7.21667,0.966667,533,2.96111,37.94,-121.94,2.917
1.439,17,3.79775,1.0427,833,1.87191,38.4,-122.71,1.406
3.045,26,4.44364,1.07239,3596,3.71872,33.78,-117.91,1.84
2.29,50,3.65455,1.04156,1526,3.96364,34.05,-118.2,1.218
3.6639,25,5.12648,1.11726,1848,2.43478,34.12,-118.06,2.481
6.6125,42,6.25648,1.04323,887,2.5562,37.93,-122.53,3.932
10.0595,26,8.69231,1.07692,573,3.14835,34.19,-118.9,5.00001
2.5625,12,7.02053,1.29912,877,2.57185,38.82,-122.5,1.092
1.7184,11,4.00617,1.00412,2104,4.32922,36.78,-120.39,0.552
4.75,35,5.62698,1.10317,1247,3.29894,33.86,-117.94,1.856
2.5043,41,5.46522,1.17826,828,3.6,37.75,-122.17,0.923
4.5592,25,4.65123,1.04012,4458,2.29321,33.81,-118.36,3.788
2.4083,52,6.72174,1.24348,377,3.27826,37.81,-122.28,0.982
5.1496,27,5.2243,1.12523,1073,2.00561,34.15,-118.42,3.65
3.8177,21,5.14014,1.14014,1164,2.76485,32.96,-115.56,1.072
2.9922,17,4.62454,1.14684,1287,2.39219,37.7,-122.12,1.799
6.9533,44,7.60802,1.01235,843,2.60185,37.55,-122.34,5.00001
13.947,29,8.49482,1.05278,2919,2.75118,34.11,-118.51,5.00001
3.0086,27,5.25442,1.18805,863,1.90929,38.61,-121.38,1.269
5.6015,33,5.91361,0.937173,2037,2.66623,34.08,-117.87,2.672
4.625,19,6.15571,1.0173,1439,2.48962,33.01,-117.05,2.111
4.4375,29,6.57621,1.10409,703,2.61338,34.41,-119.73,3.5
5.0698,25,6.61,1.102,1149,2.298,36.81,-119.82,1.509
3.75,42,4.74779,0.973451,804,3.55752,34.21,-118.35,1.726
2.8438,26,4.63905,1.04734,662,3.91716,33.76,-117.92,1.743
4.5189,45,5.63701,1.06406,1341,2.38612,32.69,-117.17,4.222
4.9148,16,5.47021,1.10467,1924,3.09823,33.71,-117.87,1.555
5.6513,26,7.19363,1.06631,1389,3.68435,34,-117.85,2.279
2.75,39,4.10949,1.0073,682,4.9781,34.04,-118.17,1.5
2.5401,32,4.82927,0.969871,1916,2.74892,38.13,-121.28,1.254
3.2132,39,5.51754,1.07456,988,4.33333,34.06,-118.04,1.761
2.2969,20,4.87391,1.06087,766,3.33043,33.04,-115.62,0.62
2.625,43,4.08756,1.00922,965,4.447,34.02,-118.18,1.339
4.0357,30,4.8971,0.894459,1103,2.91029,32.73,-116.99,1.538
3.6196,9,4.10922,1.2116,469,1.60068,33.57,-117.7,1.199
3.02,9,4.12681,1.03865,2521,3.04469,32.69,-117.04,1.589
2.2843,28,3.78922,1.13971,974,2.38725,34.12,-118.23,1.838
4.0039,35,4.92904,0.991749,1561,2.57591,33.94,-118.14,2.265
4.15,46,4.03922,0.862745,134,2.62745,37.42,-122.14,2.65
3.3125,26,5.28317,1.0099,1437,2.84554,39.07,-121.7,1
0.8941,33,4.96429,1.26786,266,4.75,34.06,-118.18,0.982
4.0815,21,5.16667,1.00269,1130,3.03763,37.79,-121.23,1.179
1.6647,35,4.29011,1.03275,3814,2.54947,38.59,-121.52,0.691
2,32,3.74133,1.064,1506,4.016,33.98,-118.2,1.727
3.8565,39,4.9628,1.00789,2941,3.31567,37.65,-122.42,2.398
3.0156,37,4.81874,1.05223,2048,3.14593,37.33,-121.87,2.703
3.1103,26,3.95078,1.06865,2153,2.78886,34.1,-118.13,2.141
3.1912,20,3.89474,1.08201,1770,2.16646,33.73,-117.99,2.208
4.1276,13,4.42994,0.963376,1749,2.78503,33.81,-118,1.538
3.875,52,4.57732,1.06186,376,1.93814,34,-118.46,3.72
2.5504,26,3.72555,1.10936,2742,2.88328,33.96,-118.36,1.513
3.0972,34,6.45291,1.13453,607,2.72197,36.31,-119.29,0.828
0.8024,48,5.13665,1.22981,396,2.45963,39.51,-121.55,0.583
3.0197,26,4.4637,0.955504,1325,3.10304,33.21,-117.26,1.36
1.947,24,5,1.16854,1180,4.41948,36.77,-120.41,0.689
3.0812,38,4.62834,1.09856,951,1.95277,37.8,-122.21,2.331
2.4792,26,6.12912,1.15659,987,2.71154,40.71,-122.95,0.888
5.8362,32,6.51103,1.08824,995,3.65809,33.77,-118.01,2.175
3.775,25,5.20755,1.125,1084,2.5566,34.1,-117.87,1.917
2.75,19,3.73563,0.850575,354,4.06897,33.93,-118.24,0.906
5.0871,36,5.08197,1.00273,794,2.1694,37.39,-122.1,3.545
2.0879,38,3.89621,1.05107,2259,3.72158,34.03,-118.36,1.207
2.6875,31,5.65772,0.939597,453,3.04027,36.72,-119.67,1.538
3.5333,10,5.15443,1.01682,1823,2.78746,38.14,-121.26,1.168
2.9338,11,5.97716,1.05546,1686,2.75041,40.65,-122.31,1.416
3.6646,7,6.00245,1.09559,1217,2.98284,34.48,-117.22,1.099
2.6466,14,4.89354,1.02443,1083,1.89005,38.04,-122.15,1.685
3.3629,8,4.11504,1.05841,1511,2.67434,33.75,-117.92,1.375
4.7188,36,6.00833,1.01944,915,2.54167,32.8,-117.09,1.741
3.5076,39,4.08,1.06933,1074,2.864,34.03,-118.48,3.818
6.0666,30,6.44606,1.00875,844,2.46064,37.84,-122.2,3.115
5.8083,10,5.69403,1.26493,705,2.6306,34,-118.4,3.218
3.125,42,4.96847,1.01577,989,2.22748,37.94,-122.34,1.439
2.7679,50,5.02582,1.05869,1777,4.17136,34.11,-118.24,1.788
6.0335,38,5.25287,1.01149,519,2.98276,33.86,-118.33,2.554
3.2448,52,5.4878,0.979675,752,3.05691,37.73,-122.45,2.662
3.0721,37,5.57978,1.03146,1072,2.40899,37.67,-121.01,1.081
3.5887,44,5.26379,1.07674,1377,3.30216,34.19,-118.16,1.535
5.6306,5,5.95839,1.03156,2435,3.49354,37.33,-121.76,2.862
2.2059,35,2.74849,0.997988,2160,4.34608,33.98,-118.23,1.5
4.3409,40,5.13488,1.04186,669,3.11163,36.98,-121.99,2.563
8.1872,52,8.26829,1.03252,1005,2.72358,37.82,-122.23,4.661
4.5417,25,5.06587,0.986028,1185,2.36527,37.65,-122.1,1.944
2.7333,38,3.92096,1.14433,1028,3.53265,37.36,-121.9,1.825
3.4044,18,6.17123,1.13699,945,3.2363,36.68,-119.41,1.153
3.0047,9,4.00811,1.04054,1430,1.93243,37.37,-122.03,2.56
4.6429,36,6.08917,1.01274,416,2.64968,33.85,-118.1,2.237
7.2692,40,6.81643,1.07005,907,2.19082,34.13,-118.31,4.987
2,17,7.28916,1.91566,416,5.01205,37.31,-120.35,0.875
5.7704,17,5.74497,1.17714,1619,2.03392,33.72,-118.06,5.00001
1.0714,31,3.01232,1.21655,1092,1.92254,33.77,-118.19,1.5
3.7841,26,6.19315,1.18069,905,2.81931,39.33,-120.2,1.095
8.2787,27,6.93506,1.1039,243,3.15584,34.33,-118.75,3.3
2.3783,28,5.02368,1.04737,1140,3,37.68,-121.04,0.814
2.949,17,4.83237,1.01742,3183,2.30987,32.83,-116.97,1.173
5.3057,26,4.59687,1.0875,1089,3.40313,37.44,-121.88,2.264
5.6629,36,5.66512,0.983256,3081,2.86605,37.46,-122.23,3.436
2.7634,19,4.71592,1.02939,1711,1.39673,33.62,-117.72,0.869
2.5129,18,5.26506,1.04819,1335,2.29776,37.98,-120.42,1.159
5.5608,35,5.94882,1.07874,873,3.43701,34.28,-118.48,2.267
4.4038,45,4.57185,0.894428,891,2.6129,33.98,-118.36,2.594
2.2167,18,3.78247,1.08442,1119,3.63312,36.01,-120.12,0.485
2.473,44,5.29863,1.0274,750,2.05479,34.17,-118.33,2.518
3.3897,37,4.82787,0.97541,375,3.07377,34.19,-118.32,2.227
4.2037,23,6.14613,0.974212,1022,2.92837,38.67,-121.3,1.254
6,27,5.21053,1.07018,513,3,33.63,-117.95,3.815
5.5584,23,6.96789,1.08486,1501,3.44266,33.63,-117.7,2.417
3,46,4.6871,0.987097,817,2.63548,37.72,-122.47,2.467
3.3125,22,6.17555,1.04075,1066,3.34169,36.79,-119.9,1.061
5.9175,38,6.25301,1.08735,988,2.9759,34.11,-118.03,4.169
4.3214,37,5.15139,0.986056,1208,2.40637,37.46,-122.22,3.427
4.835,11,6.51551,1.02506,2645,3.15632,38.73,-120.91,2.306
1.8929,41,6.74,1.3,198,3.96,34.21,-118.36,1.529
1.3977,26,4.71538,1.14615,431,3.31538,34.05,-117.33,0.731
3.3173,18,5.64537,1.12367,2837,2.32351,34.65,-118.29,2.184
3.6375,24,4.93906,1.05956,1697,2.35042,32.78,-117.16,1.786
5.1435,22,6.85588,1.05588,1086,3.19412,37.99,-121.81,1.508
2.0577,16,5.76506,1.34337,828,2.49398,38.96,-122.62,0.69
2.2969,29,4.19174,1.36283,520,1.53392,33.54,-117.78,4.5
4.0769,32,5.39259,0.992593,837,6.2,33.73,-117.89,1.639
1.3824,46,2.66419,1.01239,2075,2.57125,37.76,-122.42,2.125
5.3988,8,7.04348,1.02536,814,2.94928,37.05,-120.84,1.655
4.8105,23,6.17769,1.07393,2198,2.85084,34.42,-119.28,3.13
1.7165,30,4.34568,1.00617,1184,3.65432,36.54,-119.39,0.591
2.3844,9,4.14044,1.013,1929,2.50845,38.66,-121.37,0.86
4.625,21,6.58916,1.11964,984,2.22122,32.78,-117.08,2.228
3.1475,28,4.39373,1.07317,991,1.72648,34.06,-118.38,3.625
3.0417,44,4.33333,1.10442,1249,5.01606,34.04,-118.18,1.417
3.9417,33,6.1949,1.00928,1256,2.91415,32.8,-117.14,1.798
4.4784,35,4.86614,1.00525,1115,2.92651,33.87,-117.95,1.852
7.4678,15,6.59446,1.07341,2009,2.41757,37.48,-122.29,5.00001
4.825,40,5.37965,1.13503,1375,2.6908,34.13,-118.22,2.058
1.2542,42,3.25357,1.13571,1372,2.45,38.58,-121.51,0.76
3.8929,19,4.97429,1.02571,1126,2.8946,34.1,-117.81,1.446
3.6597,21,5.96212,1.17172,1146,2.89394,34.17,-119.17,1.951
2.1667,37,3.27215,1.05696,2173,4.58439,34.02,-118.26,1.177
1.7546,50,1.62551,0.954733,948,3.90123,34.03,-118.27,1.75
5.0866,35,5.55985,1.03089,743,2.86873,37.36,-121.98,2.546
1.5625,5,2.57718,0.879195,410,2.75168,34.19,-119.18,0.875
3.1104,24,3.83977,1.06744,3792,2.18559,33.95,-118.13,2.3
5.7211,23,6.46509,1.13964,1843,2.07545,37.43,-122.21,5.00001
1.625,33,4.49107,1.04762,1734,5.16071,36.53,-119.29,0.503
4.1023,46,4.80859,0.902344,793,3.09766,33.92,-118.36,2.268
2.5125,52,3.72315,1.07637,700,1.67064,37.97,-122.53,2.708
5.3905,12,7.09497,1.13687,1958,2.73464,33.08,-117.26,2.996
3.233,33,5.16684,1.05666,3502,3.67471,34.08,-117.34,0.994
2.735,26,5.67279,1.01961,2902,3.55637,38.49,-121.49,0.746
3.6761,18,4.40358,1.11433,1894,2.60882,33.82,-117.89,1.405
6.9133,8,5.97647,1.02647,862,2.53529,33.68,-117.8,2.741
3.3269,52,4.61004,1.07915,1121,2.16409,37.77,-122.27,2.345
2.9286,31,3.948,1.068,619,2.476,32.76,-117.1,1.518
2.7917,43,4.76587,1.15873,840,3.33333,33.94,-118.28,1.056
3.0089,24,5.9395,1.50178,589,2.09609,38.89,-120.01,1.008
5.6286,23,6.36913,1.01342,399,2.67785,37.51,-122.46,4.113
1.4936,15,11.8898,2.71822,1015,2.15042,34.19,-114.31,0.669
4.0052,30,4.23774,1.03648,2032,2.55597,34.13,-118.2,1.964
3.3958,26,5.79508,1.02459,1125,3.07377,39.18,-121.67,0.946
3.0694,6,5.79167,1.24074,544,2.51852,33.46,-116.76,1.734
5.5581,36,6.11847,1.03484,798,2.78049,33.84,-118.11,2.183
4.9196,37,4.86667,0.886275,621,2.43529,33.84,-118.3,2.324
3,39,4.62893,0.949686,1036,3.25786,33.92,-118.28,1.1
4.3636,28,6.13802,1.0625,1162,3.02604,34.67,-118.22,1.797
2.619,20,4.32635,0.967066,573,1.71557,32.65,-117.09,1.458
5.9175,19,7.14157,0.975904,944,2.84337,36.78,-121.71,2.402
4.5042,9,7.12913,1.11712,884,2.65465,39.04,-121.07,2.064
6,20,6.00771,0.963391,1405,2.70713,38.87,-121.19,2.094
2.5387,20,4.18526,1.00316,3866,4.06947,37,-121.56,1.601
2.8977,19,5.07267,1.18605,2818,4.09593,34.09,-117.63,1.262
4.7877,11,6.0874,1.02852,3710,3.41306,33.95,-117.24,1.326
3.4,38,4.87768,0.960245,1181,3.61162,34.3,-118.44,1.555
1.2679,30,4.60784,1.03431,1071,5.25,33.94,-118.24,0.92
2.2917,34,4.36786,1.00357,824,2.94286,37.74,-122.17,0.925
2.25,16,4.33111,1.10942,2737,2.60419,33.14,-117.05,1.363
3.5586,26,2.84414,1.09443,2374,2.7008,37.39,-122.01,2.222
4.9306,17,4.63525,0.967213,622,2.54918,33.85,-117.86,1.585
1.962,17,4.07132,1.06829,1410,2.13961,38.67,-121.33,1.302
1.6725,47,2.06386,1.04144,4225,2.87024,34.06,-118.31,1.875
3.3611,42,4.32616,0.996416,699,2.50538,37.75,-121.43,1.176
3.0724,45,3.03509,0.736842,230,4.03509,33.98,-118.24,1.107
3.3654,23,6.375,1.33565,887,2.05324,39.31,-123.81,2.25
3.7,29,5.88308,1.03385,859,2.64308,40.19,-122.24,0.705
2.4348,31,2.67806,1.19424,1793,3.22482,34.07,-118.3,2.306
1.9621,27,4.079,1.13098,1492,3.10187,33.85,-117.93,1.181
3.1065,48,4.97895,1.03158,1034,2.17684,37.88,-122.29,2.292
2.9891,26,4.65139,1.00398,1121,2.23307,33.82,-117.97,2.052
1.5917,28,5.45136,1.13619,967,3.76265,37.3,-120.4,0.894
3.226,52,5.37247,0.947368,1157,2.34211,37.96,-121.31,1.076
2.8281,14,6.10811,1.33977,825,3.18533,34.03,-117.33,1.063
4.2562,45,5.74745,1.09949,1382,3.52551,37.71,-122.45,2.216
2.0958,52,4.73596,1.05899,982,2.75843,34,-118.3,1.164
2.75,24,3.52911,1.09314,2023,2.61708,33.92,-118.35,2.397
1.9286,33,3.91277,1.03115,1315,4.09657,32.71,-117.12,0.785
1.6445,18,3.97331,1.02809,1751,2.45927,37.53,-120.86,1.569
2.2262,4,4.01217,1.10949,1030,2.50608,33.65,-117.84,2.25
6.9695,18,7.58717,1.03342,3727,3.36676,33.98,-117.99,3.604
6.4797,25,7.52964,0.988142,865,3.41897,32.8,-117.05,2.49
6.2452,16,6.6569,0.941423,926,3.87448,33.71,-117.89,2.663
3.625,29,4.21352,1.08756,1059,1.62673,33.72,-118.16,5
4.9674,45,6.01,1.0625,926,2.315,37.99,-122.57,3.201
3.5357,26,6.468,1.116,2745,10.98,32.63,-117.17,0.675
4.0042,52,4.21622,1.14865,410,2.77027,37.76,-122.39,2.083
5.7192,14,5.67806,0.961538,2065,2.9416,32.68,-117.02,2.674
3.7826,5,4.36321,1.17099,1657,1.95401,33.79,-118.15,1.963
4.175,52,5.39669,1.05785,296,2.44628,37.78,-122.17,1.44
2.475,40,5.61739,1.17826,504,2.1913,36.62,-121.91,2.583
2.7361,14,4.20661,0.983471,1224,3.3719,32.57,-117.07,0.936
2.6917,24,4.35146,1.07531,1976,4.13389,34.09,-118.02,1.7
4.6324,15,5.17386,1.0414,5278,3.12123,34.04,-117.91,1.688
2.3716,52,3.94157,1.01573,1849,4.15506,34.03,-118.2,1.228
3.5524,27,5.79157,0.936768,1271,2.97658,35.4,-118.96,0.891
3.75,52,5.02479,1.06887,799,2.2011,37.77,-122.46,4.357
1.6632,27,4.86446,1.06928,1380,4.15663,35.35,-118.99,0.498
1.2012,27,4.32286,1.06857,839,2.39714,36.32,-119.29,0.646
2.5885,28,6.26791,1.37239,3470,2.58955,33.84,-116.53,1.59
4.0234,38,4.92453,1,981,3.08491,33.9,-118.26,1.119
8.0144,16,8.19186,1.4186,970,5.63953,34.07,-118.86,5.00001
3.0804,14,6.16228,1.17982,660,2.89474,39.11,-121.22,1.568
2.7477,52,4.33333,1.13872,918,1.90062,37.81,-122.24,2.438
1.8281,44,3.78,0.893333,565,3.76667,34.11,-117.27,0.629
3.9167,35,5.77124,1.03922,1933,2.10566,38.58,-121.43,1.557
5.2049,37,5.0902,0.94902,750,2.94118,34.12,-118.22,2.408
2.4375,15,5.12844,1.0581,858,2.62385,40.15,-122.25,0.592
4.3487,29,5.93071,1.02622,1554,2.91011,38.65,-121.84,2.007
3.5606,30,4.85169,1.10805,1272,2.69492,32.84,-117.18,1.651
1.586,14,4.08707,1.07891,3535,4.80952,36.61,-119.55,0.569
2.9054,44,5.20619,1.01203,1373,2.35911,38.31,-122.27,1.552
4.0156,35,4.58113,1.13208,478,1.80377,33.99,-118.46,5.00001
2.5865,47,4.68182,1.04196,794,2.77622,38.12,-122.25,1.098
5.4386,33,6.17834,1.0414,877,2.79299,37.28,-121.96,2.804
4.4,22,6.58252,1.3301,336,3.26214,38.53,-122.27,1.425
1.2275,38,4.0468,1.20443,1196,2.94581,34.53,-117.3,0.641
3.2757,24,4.70823,1.06427,2718,3.49357,34.35,-119.08,1.86
2.364,21,4.8171,1.11332,1098,2.1829,38.29,-122.46,1.733
5.5184,25,6.0303,1.01732,1669,3.61255,34.44,-119.89,2.683
0.7007,30,3.64,1.02429,2086,2.98,33.85,-118.18,1.344
4.625,21,6.50764,1.01019,1645,2.79287,32.76,-116.99,2.735
3.9286,10,3.40145,1.03255,1769,3.19892,33.81,-118.27,1.14
3.0938,34,5.71956,1.13838,1155,2.131,35.14,-120.68,2.459
3.0156,27,4.88235,0.959276,1220,2.76018,37.93,-122.33,1.115
5.5926,30,6.46724,1.02279,974,2.77493,37.92,-122.5,3.009
3.125,19,6.51767,1.13781,1544,2.72792,41.43,-122.49,0.761
3.8125,37,3.9422,0.99422,813,4.69942,34.05,-118.01,1.38
4.869,35,5.3726,0.9375,1148,2.75962,34.27,-118.5,2.216
4.5523,52,5.25323,1.18548,1045,1.68548,37.8,-122.44,5.00001
3.1103,16,5.4213,1.08796,659,3.05093,33.86,-117.26,1.1
3.9643,27,4.42512,1.00242,1480,3.57488,34.16,-119.18,1.86
4.3646,41,4.48974,1.00587,1119,3.28152,33.88,-118.14,1.614
4.3008,37,5.86269,0.940299,915,2.73134,38.02,-121.33,1.198
1.3403,43,4.2,1.11282,1213,3.11026,34,-118.27,1.108
1.832,39,5.11515,0.975758,535,3.24242,39.45,-121.94,0.705
2.6123,37,4.17937,1,1904,3.02222,33.93,-117.95,1.613
1.951,17,3.83845,1.08144,1876,2.50467,38.67,-121.79,1.525
4.7147,12,5.25148,0.975089,2400,2.84698,34.08,-117.61,1.587
3.3555,52,3.96154,1.11172,1447,2.65018,37.75,-122.42,2.75
3.7585,18,5.61826,1.12575,1454,2.17665,38.58,-122.59,1.857
1.7212,39,4.58491,1.03019,1211,4.56981,33.94,-118.24,0.955
4.0848,8,6.35039,1.09186,1977,2.59449,39.13,-121.07,1.559
4.6042,51,6.66412,1.02545,922,2.34606,37.73,-122.14,2.519
3.8081,25,5.18372,1.18372,1941,2.0261,34.17,-118.44,2.867
3.5,49,4.78079,1.00626,1201,2.50731,39.44,-123.79,1.133
3.8194,21,4.79177,0.997429,1498,3.8509,32.71,-117.06,1.257
10.7097,52,7.00481,1.03365,495,2.37981,37.79,-122.45,5.00001
6.8322,52,7.32012,1.05488,812,2.47561,37.73,-122.46,3.941
4.5081,33,4.51134,0.972292,844,2.12594,34.18,-118.46,2.514
3.8438,14,5.63731,1.0829,601,3.11399,33.32,-117.03,2.438
2.767,42,4.7356,1.10995,1094,2.86387,34.04,-118.37,1.43
6.2917,39,5.3128,1.02431,1321,2.141,34.02,-118.44,4.657
4.2865,38,5.75726,1.07916,1141,3.01055,34.19,-118.51,2.211
1.9402,46,4.99002,1.06733,1384,3.45137,37.95,-121.25,0.622
3,35,3.98618,1.04147,602,2.77419,37.63,-122.41,2.291
5.0195,19,6.02347,1.01986,1646,2.97112,33.18,-117.24,2.002
3.8682,28,5.80031,1.00774,2399,3.71362,33.96,-117.43,1.165
3.6339,28,5.59207,1.01632,1613,3.75991,33.87,-118.07,2.201
1.7,17,5.20554,1.12009,1007,2.32564,39.43,-121.22,0.923
5.5335,21,6.11392,1.08861,417,2.63924,33.88,-118.37,3.426
2.5,23,4.90213,1.1617,1077,4.58298,33.63,-116.2,0.963
7.1837,20,6.60741,0.955556,331,2.45185,35.35,-119.08,1.763
2.6974,29,4.84133,1.03321,788,2.90775,36.58,-119.61,0.73
2.4053,21,4.94513,1.17168,2236,3.95752,36.93,-121.78,1.784
1.2,20,4.625,1.375,34,4.25,35.32,-119.04,0.5
7.2165,25,5.67436,0.923077,1066,2.73333,37.37,-122.01,3.609
3.1125,29,4.85185,1.02469,672,2.76543,37.57,-120.95,1.548
8.3996,15,7.94678,1.04762,2412,3.37815,37.56,-121.94,4.429
3.6474,32,6.43171,1.19268,1031,2.51463,37.11,-122.09,2.316
3.4028,18,5.84513,1.20354,754,3.33628,35.55,-115.93,0.675
4.6,30,6.24673,1.20915,1449,2.36765,34.16,-118.47,3.925
4.9375,35,5.34286,0.990476,261,2.48571,33.91,-118.13,1.838
2.825,32,4.78423,0.979253,761,3.15768,36.59,-119.44,0.676
2.8438,34,4.62097,1.06989,1444,3.88172,33.82,-118.21,1.393
1.5642,15,4.40329,1.0535,1070,4.40329,36.62,-119.32,0.515
2.1898,40,5.91541,1.16616,725,2.19033,41.23,-122.27,0.655
2.8031,34,4.67899,1.05253,1342,2.61089,34.07,-117.13,0.869
7.2096,35,6.40995,1.05146,1305,2.23842,33.83,-118.2,4.903
3.8307,33,5.72844,1.06239,1733,3.17982,35.38,-118.92,0.706
5.2987,18,6.15933,1.03561,3473,3.25492,34.32,-118.41,2.034
2.4722,24,6.24,1.13,641,3.205,36.12,-119.29,1.292
3.5536,11,4.07955,1.20455,590,2.23485,37.88,-122.07,3.872
3.7464,29,4.90683,0.983437,1746,3.61491,34.58,-118.13,1.135
6.394,25,7.43817,0.930108,1148,3.08602,33.74,-118,3.167
2.0583,34,4.5261,1.10442,971,3.8996,34.12,-117.3,0.648
5.0719,36,6.32479,1.04558,1002,2.8547,33.84,-118.16,2.195
2.6923,41,5.11607,1.10714,844,2.5119,40.88,-123.98,0.842
3.2176,27,5.32051,0.978632,692,2.95726,34.11,-117.21,0.894
3.6712,30,3.65998,1.08457,2678,2.33479,37.46,-122.15,3.086
4.7981,16,6.40854,1.06707,1003,3.05793,33.54,-117.67,1.708
3.9118,32,5.52706,1.06353,1479,3.48,33.94,-117.44,1.141
3.6354,17,5.45738,1.06445,1487,3.09148,36.84,-121.38,2.212
2.9621,52,3.97908,1.02092,848,1.77406,34.08,-118.36,1.75
4.5391,14,6.01669,1.01797,2436,3.12709,33.37,-117.24,1.809
3.0357,23,4.47022,0.981191,954,2.9906,34.09,-117.66,1.515
3.7049,34,5.36636,1.08598,1350,2.52336,34.2,-118.51,2.275
3.5893,35,5.96691,1.11765,868,3.19118,33.88,-118.11,2.76
1.8672,43,3.9881,0.912698,548,2.1746,32.64,-117.08,1.458
5.0621,25,7.46102,1.19661,622,2.10847,36.59,-121.93,3.865
4.1406,39,5.04128,0.974771,1160,2.66055,33.82,-118.31,3.237
5.76,37,6.04184,1.02929,624,2.61088,34.26,-118.31,2.394
2.7515,33,4.23577,1.13008,1785,1.81402,32.74,-117.28,2.477
3.733,23,5.78455,1.04878,1526,3.10163,38.34,-122.69,1.635
1.2049,17,4.3375,1.20625,775,2.42188,32.74,-114.66,0.44
3.7831,38,5.59539,1.04276,872,2.86842,32.83,-116.94,1.478
4.4904,18,6.00312,1.02912,6296,3.27405,32.87,-117,1.504
1.2989,25,2.98093,1.16525,1193,2.52754,34.03,-118.28,2.25
3.244,38,4.49495,1.0101,481,2.42929,37.71,-122.17,1.798
5.6501,4,6.16235,1.10423,4662,2.94504,33.97,-117.74,2.549
3.0529,25,5.05714,1.06286,1466,2.79238,34.02,-118.12,2.658
1.449,30,4.87293,1.09669,1406,3.88398,33.94,-118.27,0.931
3.0057,35,4.09531,1.00587,2255,3.30645,33.79,-118.3,2.353
1.6645,20,5.67181,1.16988,1031,3.98069,36.35,-119.42,0.48
1.4911,18,6.21586,1.45374,494,2.17621,40.75,-122.31,0.758
4.6944,30,6.03002,0.962477,1700,3.18949,34.28,-118.35,2.482
2.319,41,5.36627,1.11325,1129,2.72048,36.78,-119.79,0.591
6.357,4,6.11437,1.07051,7301,2.46323,32.95,-117.22,3.225
2.5042,52,4.76337,1.14403,1113,2.29012,38.1,-122.25,1.479
7.2532,9,6.48123,0.969283,1070,3.65188,33.9,-117.96,3.815
3.1667,52,4.13699,1.03653,1662,7.58904,37.35,-121.94,2.316
3.9844,26,4.94604,1.02878,829,2.98201,33.88,-118.36,2.307
4.8229,23,6.35162,1.05755,3100,2.78777,34.12,-117.81,1.926
2.4297,35,3.64751,1.03831,949,3.63602,33.93,-118.18,1.472
6.7613,29,6.27703,1.06982,1182,2.66216,33.86,-118.38,3.527
3.0638,29,4.70142,1.04581,2452,3.87362,34.07,-117.77,1.136
3.072,15,5.97794,1.23676,1986,2.92059,37.69,-120.97,1.143
5.2848,29,5.45259,0.969828,2494,3.58333,37.67,-122.49,2.603
3.125,40,5.36,1.02,940,4.7,34.07,-118.15,2.427
3.6053,35,4.51014,1,635,2.14527,37.3,-121.92,3.458
3.5189,17,5.4982,1.03777,1497,2.69245,40.55,-122.06,1.01
4.4773,28,5.57091,1.04364,977,3.55273,34.31,-118.45,1.731
3.5893,48,5.62595,1.26718,462,3.52672,34.13,-118.23,2.125
3.1078,33,5.32707,1.11268,1579,2.47105,34.95,-120.42,1.467
2.5379,33,5.84268,1.14728,5650,4.72803,33.89,-117.28,1.527
3.4297,30,6.19598,1.07538,620,3.11558,36.8,-119.95,1.125
4.475,13,6.97031,1.19375,1795,2.80469,35.6,-120.6,2.069
3.1667,34,4.64463,1.0124,717,2.96281,33.83,-118.27,1.869
0.7403,37,4.49143,1.14857,1046,2.98857,37.96,-122.37,0.686
2.8833,19,6.75,1.34868,424,2.78947,39.31,-123.15,1.542
3.9702,27,4.82389,0.955466,2079,4.2085,34.01,-117.9,1.414
3.9712,16,4.62454,1.02945,1986,2.43681,37.95,-122.47,1.875
4.7083,15,7.91806,1.07891,1949,2.95751,38.68,-121.09,2.133
2.9883,41,4.53831,1.04215,1252,2.39847,34.05,-118.37,2.961
4.725,44,5.96995,0.97541,943,2.5765,37.94,-122.08,2.321
2.3359,40,4.47976,1.03448,2144,3.21439,34.02,-118.13,1.893
3.225,44,5.85498,1.20544,946,2.85801,37.75,-122.15,1.358
3.8323,16,5.99782,1.07625,1414,3.08061,40.6,-122.25,1.283
2.4917,43,6.70051,1.09137,512,2.59898,39.47,-122.1,0.771
2.425,46,4.92771,1.01807,772,2.3253,36.33,-119.31,0.849
4.3438,39,4.15068,0.945205,131,1.79452,33.98,-118.37,3.318
2.0133,35,3.02008,0.957831,2059,4.13454,34.07,-118.22,1.458
2.5473,16,4.22551,0.965785,3343,5.19907,38.02,-121.3,1.063
2.6136,47,3.22205,1.04079,2104,3.17825,34.08,-118.25,1.692
2.9899,52,5.07748,1.07506,915,2.2155,37.77,-122.26,2.281
3.4509,24,4.03866,1.01054,2409,4.23374,37.35,-121.82,1.824
7.3718,26,5.48611,1.02778,193,2.68056,37.81,-121.2,2.125
4.3068,26,6.54934,1.08553,1014,3.33553,33.24,-117.23,2.401
2.6724,28,4.13166,1.04438,1825,2.6997,32.59,-117.12,1.445
2.6716,34,3.95885,1.01955,2814,2.89506,34.08,-118.13,2.271
3.0893,22,4.73205,1.14711,2664,4.6655,34.41,-118.92,1.734
2.7431,51,3.85714,1.0026,880,2.28571,37.78,-122.47,3.071
2.5729,14,5.2705,1.01048,35682,7.48207,33.35,-117.42,1.344
2.6696,19,5.15385,1.11026,910,2.33333,37.98,-120.4,1.212
2.8229,52,3.68976,1.11596,1415,2.13102,37.8,-122.41,3.75
3.6875,14,6.63918,1.13402,997,3.42612,36.3,-119.38,0.932
3.0052,29,4.45355,1.12568,590,3.22404,33.88,-118.17,1.667
4.05,35,4.94006,1.01262,1396,4.40379,34.12,-117.89,1.413
10.3416,36,7.525,1.025,740,2.64286,37.9,-122.2,5.00001
2.4461,17,4.9037,1.09074,1193,2.20926,36.92,-121.74,1.517
4.1856,52,5.0049,0.926471,1153,2.82598,37.78,-122.47,4.047
3.0973,13,3.83226,1.06677,4293,2.29327,34.18,-118.3,2.519
1.4524,41,4.29265,1.06241,1852,2.56865,36.33,-119.64,0.517
5.5176,47,5.26449,0.894928,721,2.61232,33.96,-118.32,1.91
3.29,32,4.28168,1.02094,3775,3.95288,34.07,-118.08,2.055
2.7578,46,4.47619,1.05442,880,1.99546,33.98,-118.03,2.368
4.475,13,5.97089,0.991684,1607,3.34096,36.97,-119.85,1.024
3.1691,45,4.96069,0.968059,1104,2.71253,38.9,-121.29,1.087
1.8917,43,3.51397,1.06425,1276,3.56425,34,-118.27,1.069
2.6094,19,14.7404,3.33333,981,2.68033,34.26,-116.85,0.924
4.3365,15,5.02027,1.0473,455,1.53716,37.29,-121.75,2.21
5.7979,52,5.98143,1.08753,823,2.18302,37.88,-122.26,4.153
4.7891,20,5.49383,1.19342,717,2.95062,36.43,-121.62,2.306
3.1625,28,4.31905,1.25238,849,2.02143,34.38,-119.67,3.643
4.5281,35,5.05567,0.980728,1727,3.69807,37.61,-122.1,1.736
3.1958,39,4.66517,1.08315,1738,3.90562,37.71,-122.46,2.321
5.0855,15,6.03901,1.13475,587,2.08156,32.86,-117.23,2.098
4.355,19,5.00989,1.14835,1949,2.14176,33.66,-118.01,4.292
2.4848,35,4.76042,1.03542,1738,3.62083,35.36,-118.96,0.54
4.233,34,4.99436,0.968045,1948,3.66165,34.32,-118.43,1.574
6.8,33,6.53988,1.17178,403,2.47239,38.37,-122.39,2.408
3.0917,48,4.9391,1.00641,819,2.625,33.97,-118.31,1.361
2.4398,11,4.2044,1.2956,1376,4.32704,36.29,-120.27,0.875
3.6875,16,5.76129,1.05806,548,3.53548,37.79,-120.83,1.219
6.7181,15,7.19944,0.941011,1080,3.03371,36.83,-119.85,1.603
1.8208,26,4.73843,1.06841,1047,2.10664,39.13,-121.63,0.795
4.2109,21,4.20833,1.04167,688,1.79167,36.61,-121.87,2.788
2.3462,42,3.75,1.01016,2191,4.45325,34.01,-118.18,1.273
1.7788,14,3.89981,1.05671,934,1.7656,39.76,-121.62,0.858
5.118,33,6.04912,1.02105,943,3.30877,33.81,-117.95,1.952
5.1442,6,6.1472,1.03646,3759,2.53815,38.49,-121.54,1.745
3.3066,36,5.44364,0.96,894,3.25091,34.11,-117.38,0.963
3.9755,16,4.802,0.93,1757,3.514,34.09,-117.59,1.204
4.5625,46,4.84514,1.02761,1872,2.2473,37.97,-122.59,2.752
1.7917,34,4.3985,1.09023,602,2.26316,35.13,-118.44,0.8
1.8355,29,4.48736,1.12635,836,3.01805,36.68,-119.76,0.742
3.3125,49,4.69858,0.98227,764,2.70922,37.74,-122.15,1.18
2.7813,19,4.54567,1.11779,1693,4.06971,33.94,-117.48,1.129
3.5521,35,4.82533,1.08297,2425,3.52984,33.84,-117.89,1.828
4.9013,45,5.63522,0.946541,829,2.60692,37.56,-122.31,3.301
3.4167,35,4.58333,1.16406,984,2.5625,34.15,-118.12,1.982
5.8336,36,7.46,0.96,414,2.76,38.6,-121.37,2.833
1.745,39,5.44807,1.04451,883,2.62018,40.79,-124.18,0.705
3.3816,52,4.48699,1.12268,1008,3.74721,37.75,-122.42,2.625
2.8,23,3.89958,1.03819,1811,2.56153,33.8,-117.94,2.143
3.9224,17,5.00217,1.06392,2303,2.49512,34.39,-119.49,2.306
3.6893,52,2.95366,1.0852,1045,1.56203,37.8,-122.43,4.75
4.0061,30,5.32415,1.00847,1611,3.41314,33.85,-117.97,1.829
4.9107,34,5.58537,0.987805,552,3.36585,33.91,-118.13,2.22
1.5427,49,4.29897,1.05891,1956,2.88071,37.3,-120.48,0.885
5.0814,25,5.29404,1.0545,2123,2.69075,33.8,-118.34,4.468
3.4792,45,4.63985,0.896552,1128,4.32184,33.89,-118.21,1.107
5.5843,31,5.20324,1.07364,1647,2.42563,33.85,-118.38,3.846
2.9728,36,4.29947,0.997326,1217,3.25401,34.18,-118.37,1.902
2.0643,14,4.28176,1.07635,3909,2.64122,37.51,-120.84,1.065
1.1346,42,3.59211,1.02193,899,3.94298,33.93,-118.25,0.854
2.4211,20,3.84454,1.09417,1534,2.29297,33.73,-117.84,1.75
1.7857,25,5.01935,0.870968,340,2.19355,38.81,-121.58,2.583
3.996,36,6.25743,1.0396,937,3.09241,35.41,-118.97,0.855
2.1187,3,3.39479,1.00651,769,1.66811,37.66,-121.89,2.313
3.7252,20,8.70617,1.61235,2197,2.71235,34.37,-117.63,1.671
3.0221,28,4.5943,1.10583,2240,3.03935,34.2,-118.43,2.901
6.1047,7,5.92543,1.01169,6075,3.38063,37.57,-122.05,2.782
1.2098,38,4.41064,1.06383,1657,3.52553,33.93,-118.27,0.884
2.7667,23,4.6167,1.06317,2317,2.48073,38.32,-122.29,1.532
1.7935,29,3.7454,1.13804,1822,5.58896,33.87,-117.93,1.625
1.5278,19,6.43612,1.4978,515,2.26872,39.83,-123.84,1.458
3.7813,36,4.90351,0.960526,625,2.74123,37.69,-122.16,1.922
1.7456,26,5.12792,1.22146,1765,2.42779,34.17,-117.28,0.868
5.761,33,6.89145,1.125,941,3.09539,37.53,-121.94,2.596
2.6087,21,5.19303,1.0429,1002,2.68633,37.25,-121,0.962
3.3169,15,5.81506,1.07856,1684,2.75614,37.78,-120.85,1.312
4.8088,19,6.29709,1.06019,1334,2.59029,38.66,-121.23,1.695
2.525,46,3.94704,1.00935,792,2.46729,37.87,-122.29,1.659
3.0465,43,4.52867,1.10932,1332,2.3871,37.76,-122.51,2.742
1.1786,32,4.52098,1.10839,1109,3.87762,35.35,-118.99,0.456
5.3276,22,8.7512,1.48197,1849,2.22236,36.93,-121.9,3.355
2.0077,20,4.30519,1.09957,1452,3.14286,32.75,-117.08,1.183
2.293,49,5.3653,0.990868,859,3.92237,37.79,-122.23,1.063
4.375,25,6.56667,1.05079,1905,3.02381,32.75,-116.98,2.14
4.0524,13,4.07495,1.04727,2946,1.9892,37.31,-121.92,2.139
4.4688,43,5.35325,1.13506,817,2.12208,37.45,-122.18,4.602
4.5446,36,6.4373,1.16077,913,2.93569,33.96,-118.02,2.447
3.5481,52,5.48806,1.1061,826,2.19098,34.06,-118.34,3.96
4.7557,7,6.87472,1.0395,2916,3.2912,38.41,-121.38,1.504
5,31,10.8214,2.08929,1408,2.79365,34.22,-117.21,1.611
5.2657,35,5.98387,1.01613,916,3.69355,33.83,-117.99,1.914
2.5625,23,3.89952,0.866029,1267,3.0311,32.61,-117.06,1.311
3.0448,30,4.57757,1.08281,2524,2.6457,34.12,-117.85,1.921
1.5273,46,4.76407,1.07623,1368,2.48276,36.75,-119.8,0.59
2.7321,31,5.49115,1.12389,767,3.39381,36.51,-119.81,0.836
6.0922,7,6.92254,1.0493,1335,3.1338,33.08,-117.27,3.424
3.588,32,5.80376,0.981211,1281,2.67432,39.43,-123.37,0.96
6.4789,15,7.90923,1.02538,3868,2.97538,38.77,-121.14,2.878
1.7213,44,4.89435,1.12933,1521,2.77049,35.37,-119.02,0.616
5.6629,33,5.55605,1.02466,1567,3.51345,34.23,-118.42,1.867
9.6465,5,7.90247,0.967977,2315,3.36972,34.21,-118.65,5.00001
2.319,21,3.59016,1.02459,1505,4.11202,34.02,-118.27,0.972
2.8009,46,4.20683,1.03226,1107,2.10057,35.27,-120.66,1.926
13.2935,27,7.60714,1.01267,2336,2.69124,34.11,-118.49,5.00001
1.9655,40,4.47847,1.10845,2357,3.75917,33.95,-118.29,1.023
3.5156,21,4.86486,1.2973,131,1.77027,38.8,-123.01,1.333
3.2388,20,4.13779,1.07599,1637,1.65856,34.16,-118.39,2.563
3.5707,29,5.5038,1.05823,1030,2.60759,34.21,-118.22,3.417
2.3611,31,6.15108,1.56115,280,2.01439,38.46,-123.07,1.125
2.2287,29,3.70787,1.11461,882,1.98202,32.76,-117.09,1.4
5.9716,19,6.68081,0.993637,3671,3.8929,34.02,-117.86,2.621
3.6667,26,6.12234,1.06383,593,3.15426,34.09,-117.66,1.663
3.125,31,4.86375,1.10026,1162,2.98715,37.68,-122.1,1.671
2.4962,37,5.32432,1.10811,835,3.22394,37.75,-122.17,0.918
3.7462,15,4.90031,0.999215,3163,2.48273,37.59,-122.05,2.125
6.0777,35,5.91868,1.08352,1343,2.95165,37.36,-122.06,3.275
6.9794,15,8.59361,1.06393,704,3.21461,32.95,-117.26,5.00001
2.765,13,4.49007,0.98139,1759,2.18238,33.23,-117.3,0.985
3.5055,47,5.27361,1.08569,2177,2.11977,37.97,-122.57,3.821
2.0529,43,3.84588,1.23297,660,2.36559,32.72,-117.14,1.688
5.795,22,7.13972,1.10379,1371,2.73653,38.32,-122.53,3.323
1.6384,42,3.76739,1.04317,1631,3.91127,33.79,-118.18,1.28
3.6875,23,5.07701,1.01246,2136,2.41903,35.4,-118.95,1.017
3.2639,30,3.83266,1.04637,2685,5.41331,33.88,-118.08,1.201
3.25,32,5.22088,0.939759,712,2.85944,34.69,-118.15,1.075
2.7137,7,4.70031,1.21407,1816,2.77676,34.27,-118.77,1.964
2.5329,31,4.05564,1.03759,2220,3.33835,36.67,-121.62,1.352
2.8971,50,5.50746,1.04179,1109,3.31045,34.03,-118.32,1.278
2.6111,13,6.37247,1.3475,4166,2.81107,34.15,-116.09,0.656
2.152,35,3.37912,1.11813,1512,4.15385,33.99,-118.18,1.708
2.4632,24,2.74704,1.08376,2642,2.23519,34.07,-118.28,2.167
2.5637,37,3.74813,0.977556,1886,4.70324,33.98,-118.25,1.25
2.9286,20,2.33796,1,326,1.50926,37.48,-122.21,2.375
6.4415,15,7.07798,1.04817,1262,2.8945,33.83,-117.76,3.007
7.5925,39,7.15046,0.997685,1175,2.71991,32.72,-117.24,4.667
3.0134,29,4.66988,1.04578,1306,3.14699,36.13,-120.36,0.555
2.6631,26,3.80468,1.09006,2246,2.6269,37.66,-122.42,2.44
4.0924,19,5.94222,1.04889,744,3.30667,38.17,-121.28,2.442
5.3526,15,6.21477,1.0604,906,3.04027,34.07,-117.15,1.298
4.7772,34,4.98592,0.975352,980,3.4507,33.81,-117.96,1.825
6.1074,26,6.30409,1.0078,1597,3.11306,34.21,-118.62,2.586
1.6797,52,4.3961,0.987013,379,2.46104,39.73,-121.84,0.948
4.5909,35,5.54595,1.05405,753,4.07027,34.23,-118.41,1.792
4.7731,34,5.83778,1.04,1409,3.13111,33.78,-117.94,1.992
3.6817,21,5.70911,1.03797,4674,2.73014,38.59,-121.32,1.361
4.1845,13,4.95717,0.968699,1439,2.37068,34.26,-119.2,1.995
2.4286,34,3.77285,1.03226,2217,2.97984,33.82,-118.2,2.048
3.8068,19,3.8009,1.09502,964,1.454,33.98,-118.46,5.00001
3.9643,52,4.79798,1.0202,467,2.35859,37.84,-122.26,1.888
1.9688,40,3.8968,1.08541,1322,4.70463,34.04,-118.19,1.5
3.9615,36,5.9646,1.00442,1192,2.63717,34.7,-118.15,1.163
2.6053,33,4.78663,1.10283,971,2.49614,37.8,-121.21,0.992
1.5739,16,5.91457,1.20603,519,2.60804,38.87,-122.64,0.735
1.3801,25,4.7375,1.725,604,2.51667,33.78,-116.46,0.55
3.9091,19,3.55738,0.944262,1009,3.3082,37.4,-122.1,2.76
4.1,30,4.57669,1.05521,1048,6.42945,33.73,-117.9,1.664
2.1116,52,4.41925,1.04731,1751,2.85644,34,-118.31,1.225
2.7813,10,5.30479,1.03275,1003,2.52645,37.39,-119.66,1.241
4.4259,6,4.11413,1.05707,1531,2.08016,37.56,-122.01,1.58
2.4286,32,5.02982,1.07895,1705,2.99123,36.77,-119.83,0.681
4.3839,26,4.71852,1.19815,1098,2.03333,34.16,-118.46,2.991
1.808,52,4.78086,1.06045,1102,2.77582,37.85,-122.28,1.055
1.5774,31,5.39138,1.14483,1345,2.31897,40.14,-120.94,0.58
13.3036,50,7.66077,1.00295,964,2.84366,34.04,-118.49,5.00001
7.8588,34,7.17668,1.05477,1525,2.69435,34.17,-118.07,4.548
5.9399,10,6.03642,1.04857,3083,3.40287,37.3,-121.79,2.419
2.65,30,11.1221,2.20188,510,2.39437,39.24,-120.04,1.238
3.5258,13,6.09971,1.0455,3840,3.71733,37.02,-120.06,0.849
1.6214,17,6,1.27726,1054,3.28349,37.33,-121.01,0.715
3.9667,25,5.00899,1.03596,2998,3.36854,37.53,-122.04,2.185
3.0943,10,5.51971,1.03942,2044,2.98394,34.53,-117.33,0.971
3.015,50,3.28033,1.04812,764,1.59833,33.99,-118.47,4.143
3.7562,34,5.47522,1.05831,2237,3.26093,37.98,-122.35,1.329
4.125,52,5.79286,1.08095,1070,2.54762,37.77,-122.5,3.595
4.498,34,4.75627,1.08496,1275,1.77577,33.6,-117.87,4.829
4.0911,43,3.78679,0.951952,836,2.51051,37.38,-122.02,2.246
1.448,37,4.32743,1.02655,1316,3.88201,34.06,-117.19,0.728
3.4267,11,5.1287,1.10799,2163,3.1997,34.03,-117.71,1.644
1.6923,52,5.52055,0.986301,200,2.73973,36.97,-122.03,2.625
3.0905,21,4.67463,1.10359,1486,1.97344,36.98,-121.94,2.643
2.5211,46,3.68479,1.07553,4153,4.18228,34.11,-118.2,1.629
3.2069,34,4.60183,1.08991,1549,2.8422,33.89,-118.11,2.365
2.7759,18,4.01335,1.05786,2726,4.04451,33.85,-117.88,2
4.5,17,5.26252,1.01218,2415,3.26793,34.23,-119.19,2.343
3.3565,52,4.51095,1.03285,1531,1.86253,37.76,-122.43,3.864
4.1862,14,4.0747,1.04726,1192,1.81707,33.72,-118.05,1.889
5.5,35,6.60625,0.990625,881,2.75312,32.77,-117,2.414
6.0577,25,6.12005,1.02605,2338,2.64779,37.34,-122.03,4.518
3.0917,48,6.05914,1.01075,530,2.84946,38.87,-121.13,1.281
2.2882,17,4.32639,1.04167,424,1.47222,33.21,-117.33,0.858
1.3365,37,2.31777,1.05566,1846,3.31418,37.76,-122.42,2.25
7.6281,14,13.4081,2.24802,2524,2,33.76,-116.42,3.417
2.8837,38,4.24064,1.03209,601,3.2139,33.83,-118.21,1.761
5.1781,3,7.10712,1.06142,4095,3.06742,38.39,-121.98,1.919
7.7108,39,6.84661,0.99115,880,2.59587,34.18,-118.1,4.5
6.0718,38,5.83193,0.941176,412,3.46218,33.93,-118.33,1.56
4.2531,17,4.43744,1.15684,4748,2.15231,37.32,-121.98,2.798
2.2679,25,3.9717,0.962264,303,2.85849,37.78,-120.85,0.713
2.5129,19,5.18621,1.03218,1469,3.37701,37.38,-120.64,0.846
7.6923,28,7.2844,1.01835,329,3.01835,37.75,-122.12,3.298
4.5701,5,5.96532,1.0501,1760,3.39114,37.65,-121.05,1.464
3.0349,35,3.4111,0.989912,1526,1.92434,34.09,-118.35,2.667
2.5795,12,8.57895,2.02105,1289,2.2614,33.19,-116.37,0.987
5.197,36,5.89017,0.991329,1066,3.08092,33.86,-117.95,1.957
2.2277,26,5.2148,1.03819,1108,2.64439,36.07,-119.04,0.78
2.3214,41,4.73874,0.951952,897,2.69369,38.64,-121.41,0.668
4.9286,43,5.98049,1.19024,491,2.39512,38.1,-122.49,3.07
2.1977,17,2.78058,1.06475,2423,4.35791,34.18,-118.44,1.542
1.4583,36,2.4,0.6,42,1.68,37.98,-122.41,0.675
2.5893,36,5.35681,1.09859,562,2.6385,38,-121.79,1.085
5.8053,24,6.45763,0.981356,1818,3.08136,33.77,-118.03,2.559
5.3495,20,6.05759,0.937173,572,2.99476,36.3,-119.29,1.773
3.0417,25,4.92661,1.17125,554,1.69419,33.67,-117.95,1.373
4.0909,16,5.27835,0.96134,1052,2.71134,36.33,-119.66,0.928
3.6488,21,4.15365,1.04353,1423,1.82202,34.02,-118.42,3.408
6.0901,8,7.53606,1.05068,1555,3.03119,37.95,-122.01,2.982
3.25,29,5.32526,1.19031,556,1.92388,32.68,-117.18,5.00001
4.8096,16,5.51207,1.03748,5130,3.25921,37.65,-122.46,2.62
2.4397,14,4.26103,1.18236,1645,1.96067,32.77,-117.19,1.406
5.208,46,6.0948,1.23547,850,2.59939,37.11,-122.11,2.068
4.5781,9,6.08579,1.063,2235,2.99598,33.18,-117.26,2.256
4.4312,26,5.66082,1.08041,1629,2.38158,37.92,-122.07,2.25
1.7806,24,4.05873,1.06955,2204,3.40649,34.07,-117.68,1.35
1.9074,37,4.09866,1.11706,2824,4.72241,34.01,-118.26,0.996
4.4728,17,6.04286,1.04643,934,3.33571,33.73,-117.92,2.058
3.3208,47,4.3183,0.974937,1216,3.04762,37.72,-122.46,2.386
3.8869,10,7.10485,1.26214,1476,2.86602,33.68,-117.23,1.259
6.8088,20,6.73788,1.00152,2062,3.12424,37.26,-121.9,2.833
1.8438,45,4.99635,1.28102,1046,3.81752,34.12,-117.29,0.721
4.485,30,5.27632,1.01316,1753,3.8443,33.81,-117.97,1.806
4.1548,32,5.22259,1.03764,1718,2.81178,33.79,-118.03,2.166
1.9722,35,3,0.988764,1586,3.56404,34.07,-118.23,1.563
2.9647,16,7.53702,1.635,3048,2.27973,33.85,-116.53,1.109
4.2679,26,5.62757,1.01173,1326,3.88856,32.59,-117.05,1.319
2.683,15,6.36571,1.34857,653,1.86571,33.83,-116.98,1.393
7.8118,17,7.34783,1.02174,200,4.34783,33.93,-117.59,2.442
2.8194,8,5.75978,1.12291,606,3.38547,33.85,-117.24,1.363
3.1543,29,4.93395,1.06737,1873,2.47424,36.61,-121.92,2.538
2.3182,25,4.13605,1.13061,1580,2.14966,33.98,-118.04,1.821
2.6319,15,4.87773,1.05677,551,2.40611,39.02,-120.83,0.977
1.9483,50,4.41385,1.07815,1354,2.40497,37.86,-122.29,1.505
4.3646,42,5.21277,1.06619,1392,3.29078,34.04,-118.13,2.114
3.75,22,4.16212,1.02247,1249,2.00482,37.29,-121.94,2.125
5.5507,17,6.53902,1.10732,830,2.02439,33.47,-117.71,3.457
3.3608,5,5.00973,1.04156,3139,2.77542,38.47,-121.44,1.089
2.35,14,5.34188,1.16239,721,3.0812,38.51,-119.54,0.957
2.9025,20,3.93114,1.14072,2475,2.47006,34.2,-118.47,2.291
4.375,35,5.96167,1.04704,1690,2.94425,34.23,-118.54,2.329
1.4773,36,4.78161,1.13793,814,4.67816,35.37,-118.99,0.574
3.8095,28,5.87458,1.0602,1658,2.77258,40.72,-124.02,1.199
5.0113,22,6.93548,1.02419,1149,3.08871,34.88,-120.43,1.586
4,24,7.28804,1.16304,667,3.625,35.26,-118.95,0.945
3.4261,16,5.16038,1.11321,945,2.9717,33.63,-117.71,2.197
2.5938,39,5.78808,1.0894,831,2.75166,37.66,-120.99,1.356
3.6458,37,5.18208,1.05202,1534,4.43353,37.63,-122.08,1.566
2.4821,37,5.25071,1.04274,1207,3.43875,33.88,-118.24,1.11
4.51,9,5.73622,1.07351,2630,2.84324,34.08,-117.16,1.358
4.1,36,6.48718,1.15556,1742,2.97778,34.14,-117.27,0.964
3.045,16,2.7088,1.05643,648,1.46275,32.86,-117.23,1
2.1588,34,4.79083,1.02865,1059,3.03438,35.37,-118.95,0.613
4.97,52,6.68506,1.12013,800,2.5974,37.57,-122.35,5.00001
1.1141,39,4.56696,1.08482,550,2.45536,37.97,-121.27,0.544
6.5576,38,7.60182,1.05775,805,2.44681,37.91,-122.28,3.585
4.6445,17,6.04562,0.980792,2084,2.5018,34.15,-117.23,1.372
7.6917,32,7.17984,1.00395,1393,2.75296,37.88,-122.17,4.018
2.5562,43,6.07246,1.15942,1056,3.82609,36.65,-119.53,0.932
3.0259,26,3.89728,1.0297,1320,1.63366,32.74,-117.15,2.117
1.4904,26,1.59813,1.05296,1204,3.75078,34.06,-118.27,2.75
3.2039,8,5.03495,1.03091,2161,2.90457,38.65,-121.46,1.034
4.5943,10,4.46944,1.10758,1356,3.3154,37.29,-121.83,1.235
4.5208,32,4.60646,1.07656,1456,1.74163,34.03,-118.49,4.421
4.6406,19,6.10737,0.936842,1414,2.97684,33.74,-116.94,1.189
4.0625,18,5.25954,0.896947,818,3.12214,38.46,-121.43,1.003
2.6667,14,3.49564,1.08095,2729,3.39851,34.21,-118.39,1.724
3.9318,7,5.33848,1.03087,2857,3.14994,38.71,-121.38,1.33
1.2917,43,3.83103,0.927586,613,2.11379,38.61,-121.46,0.663
3.6296,16,3.61684,0.983158,896,1.88632,34.2,-118.61,1.609
4.3687,33,5.70386,1.14163,683,2.93133,37.75,-121.42,1.287
2.56,36,3.85621,1.08715,1225,2.66885,37.6,-122.39,2.731
4.1926,12,3.89098,1.10338,1216,2.28571,37.25,-121.81,2.445
3.8239,34,5.2427,1.06452,2223,3.41475,34.21,-119.19,2.082
4.2716,9,5.78956,1.03165,1889,2.98892,38.53,-122.78,2.508
3.5664,19,5.03082,0.941781,1010,3.4589,32.68,-117.05,1.504
5.8324,17,6.45796,1.06082,1734,3.10197,36.9,-121.29,3.742
3.691,30,4.97561,1,989,3.44599,37.86,-121.61,1.544
2.1836,24,3.10744,1.06116,2646,4.37355,33.98,-118.18,1.62
4.0301,14,4.53661,1.02842,3163,3.45683,34.31,-118.44,1.543
2.5735,31,4.62243,1.08924,1408,3.22197,38.43,-122.72,1.311
2.8287,28,4.71429,0.974026,919,2.98377,36.58,-119.6,0.731
1.9309,23,2.92683,1.11621,2235,3.2066,34.06,-118.29,2.333
3.7049,23,5.23964,1.05325,1105,3.26923,36.84,-121.41,1.922
5.1775,35,5.87588,1.00564,2354,3.32017,33.84,-118.01,2.134
2.3375,30,3.37168,1.00885,840,3.71681,34.29,-118.45,1.542
3.7344,33,5.31738,1.0806,1067,2.68766,34.59,-118.15,1.114
3,52,3.96042,1.09375,1856,3.86667,34.11,-118.2,1.564
3.5586,33,5.58088,0.985294,857,3.15074,32.8,-116.92,1.604
2.3789,24,3.58487,1.09117,1685,1.63434,34.11,-118.29,2.667
2.25,18,4.4326,1.09457,1943,3.90946,32.57,-117.08,1.032
7.6659,35,6.84063,0.959375,800,2.5,37.29,-121.92,4.269
2.375,52,3.41,1.15,804,2.01,34.43,-119.7,2.938
5.2861,6,6.43596,1.03408,8222,3.22052,33.85,-117.58,1.951
6.1668,9,7.59615,1.37981,465,2.23558,36.37,-121.66,4.058
3.375,23,4.34917,1.08471,1218,2.51653,32.83,-117.18,1.841
2.6193,28,4.23864,1.05227,1182,2.68636,34.27,-118.46,1.723
9.1228,17,7.81114,1.04155,6214,2.9339,34.16,-118.67,5.00001
2.125,37,4.91943,1.05213,521,2.46919,37.8,-121.22,0.919
3.609,50,4.78788,0.977961,837,2.30579,38.01,-122.12,1.357
6.0487,24,7.20708,1.03009,1834,3.24602,34.26,-118.78,2.545
4.6065,22,5.38953,1.01357,1291,2.50194,37.23,-121.97,4.459
3.7796,21,5.257,1.03732,2827,2.39779,38.67,-121.16,1.59
1.725,52,3.38622,1.08843,1798,2.3381,37.88,-122.26,2.875
1.8438,32,5.13982,1.07295,1457,4.42857,34.14,-117.32,0.666
7.2147,19,8.61894,1.01322,1646,3.62555,33.6,-117.68,3.039
2.3599,36,4.77197,1.26722,1620,1.92399,32.8,-117.2,1.684
5.1637,36,5.29116,1.10052,1234,2.13865,34.03,-118.41,5.00001
3.0833,10,6.34783,1.15761,1003,2.72554,40.32,-122.23,0.813
4.7176,35,6.70332,1,1074,2.7468,34.08,-117.65,1.664
3.2396,5,5.76297,1.15007,3062,4.29453,37.48,-121.12,1.252
2.8788,38,5.8622,1.05773,1378,2.56611,36.35,-119.65,0.855
6.2935,26,7.49831,1.04054,1881,3.17736,34.21,-118.87,2.58
6.2976,52,7.60401,1.01754,1158,2.90226,34.18,-118.27,4.984
2.7411,27,4.68421,1.05882,1346,4.16718,35.78,-119.25,0.598
2.1774,40,3.88754,0.960486,1438,4.37082,34.04,-118.19,1.576
3.5,33,4.48,1.04,843,4.215,33.84,-118.29,1.83
2.3611,52,2.36,0.786667,269,3.58667,34.07,-118.04,1.313
1.5603,41,2.70927,1.03195,1428,4.5623,34.02,-118.26,1.096
3.3478,42,5.79508,1.12295,629,2.57787,37.69,-122.08,1.849
2.2847,41,3.52814,1.09091,775,3.35498,34.01,-118.11,1.9
1.8261,52,4.25161,0.993548,1368,4.4129,37.95,-121.27,0.546
4.7386,36,5.98108,1.04324,950,2.56757,37.95,-122.06,1.864
2.8375,21,5.2864,1.15513,1792,4.27685,34.09,-117.95,1.665
3.066,17,5.3463,1.08171,1174,2.28405,39.71,-121.71,1.026
4.5,52,6.5,1.7,24,2.4,36.96,-122.06,2.583
3.3214,33,4.41981,1.01887,1216,5.73585,34.27,-118.42,1.313
4.73,45,5.92257,1.01977,1686,2.77759,34.19,-118.14,2.01
2.6582,15,4.54021,1.1438,2554,2.41627,34.1,-117.63,1.228
3.0833,46,5.13057,1.07962,921,2.93312,33.98,-118.32,1.033
2.9213,42,3.89908,1.00459,997,2.2867,34.01,-118.42,3.05
3.9506,11,5.51675,1.00478,1308,3.12919,38.72,-121.31,1.222
2.6823,19,4.14897,1.14273,2917,2.60214,33.97,-118.36,1.425
2.5224,39,4.11097,1.03531,3130,3.94704,36.67,-121.61,1.192
3.3153,36,6.10067,1.08389,953,3.19799,38.25,-122.06,0.99
5.3671,16,7.04781,1.01195,1778,7.08367,34.18,-117.4,1.818
2.735,18,4.04931,1.1094,2276,3.50693,33.88,-118,1.708
2.9955,40,4.42784,1.00773,1312,3.38144,37.73,-121.43,1.347
1.8878,30,4.27295,0.923077,1467,3.6402,36.56,-119.62,0.516
0.4999,36,2.5,0.833333,15,2.5,33.9,-118.04,1.625
1.516,28,4.40328,1.08197,1331,4.36393,36.59,-119.44,0.567
3.2723,9,6.34641,1.13987,2098,2.74248,34.09,-116.4,0.978
5.0787,45,5.79063,1.025,945,2.95312,33.84,-118.17,2.192
4.3553,15,6.09559,1.01618,1872,2.75294,39,-121.15,2.206
3.3884,17,4.29332,1.10891,2762,3.41832,37.43,-121.88,2.458
2.197,30,5.10494,1.0216,1894,2.92284,36.8,-119.75,0.745
3.575,44,5.1383,1.03191,676,2.39716,37.33,-121.93,2.922
2.0372,35,3.44498,0.993528,2376,3.84466,33.95,-118.21,1.608
4.9222,7,6.27962,1.01014,6657,3.55229,38.25,-122,1.429
1.9562,18,3.40909,1.33566,650,2.27273,33.19,-117.37,1.925
1.1645,44,5.15194,1.15194,1159,4.09541,33.99,-118.3,0.982
2.2925,44,4.66933,1.05272,1371,2.1901,39.73,-121.82,0.858
3.2059,47,4.55814,1.10853,564,2.18605,37.72,-122.47,3.5
2.8594,48,5.30734,1.13303,677,3.1055,34.07,-117.76,1.272
7.0217,25,8.02314,0.979434,1278,3.28535,33.89,-117.8,3.579
0.8478,39,3.85981,0.994393,2015,3.76636,33.93,-118.23,1.049
2.1976,52,4.59032,1.1371,1519,2.45,38.11,-122.25,0.979
4.2421,43,5.83553,0.997807,1384,3.03509,37.69,-122.48,2.575
4.7381,26,6.00749,0.917603,751,2.81273,38.66,-121.31,1.405
6.1642,13,6.54135,0.992481,1432,2.69173,38.78,-121.18,2.778
2.8058,47,3.54972,1.08149,3107,4.29144,37.48,-122.22,2.295
2.6842,11,5.74673,1.12247,2336,2.77765,39.13,-121.65,0.891
2.0893,21,4.83673,0.967347,960,3.91837,37.93,-121.24,0.65
5.3755,20,7.09375,1.03125,601,2.68304,38.13,-122.59,2.909
3.0435,40,5.0098,1.01961,771,2.51961,35.36,-119.04,0.695
1.5313,19,5.60949,1.20073,617,2.25182,39.49,-121.53,0.503
3.75,27,4.13768,1.11077,1901,1.96791,37.77,-122.28,2.428
4.5132,27,5.49251,1.0257,1227,2.62741,38.38,-122.82,2.599
2.8924,52,5.35535,1.04556,1169,2.66287,36.67,-121.65,1.696
3.1736,23,2.49515,1.01942,367,1.78155,37.4,-122.1,1.813
7.2379,15,6.47222,0.940972,1006,3.49306,33.91,-117.6,2.51
3.3958,38,5.26645,1.15789,711,2.33882,33.79,-118.31,2.5
4.7973,28,5.96441,0.988136,1720,2.91525,32.75,-116.97,1.869
5.8322,15,5.74016,1.01509,4784,3.13911,37.39,-121.85,2.766
3.8269,18,4.87336,0.960699,1091,2.3821,36.87,-122.05,2.76
3.8185,27,5.32636,0.940028,2447,3.41283,33.14,-117.06,1.372
2.1447,26,3.48595,1.07603,2120,3.50413,33.79,-118.27,1.587
3.087,20,9.78736,1.68966,409,2.35057,39.2,-120.1,1.969
4.4615,20,4.35701,0.955854,1070,2.05374,33.83,-118.38,3.848
5.6276,35,6.55824,0.98022,1435,3.15385,33.83,-117.89,2.008
5.3705,5,6.64607,1.13109,1571,2.94195,33.45,-117.63,3.635
3.8839,35,6.93155,1.1875,966,2.875,34.19,-118.58,2.249
3.1477,52,5.58869,0.966862,978,1.90643,34.1,-117.72,2.912
2.1625,18,5.48814,1.17288,904,3.06441,39.42,-123.35,0.772
5.7509,47,5.21222,1.00965,724,2.32797,34.05,-118.39,4.741
3.8269,31,6.25589,1.23569,701,2.36027,38.07,-122.84,2.707
7.7234,10,8.0169,1.01972,1221,3.43944,34.13,-117.67,3.041
5.6787,52,5.77052,1.0152,1633,2.48176,37.74,-122.47,3.636
2.5909,36,4.81858,1.06195,623,2.75664,32.83,-117.2,1.76
4.25,28,5.6533,0.982808,970,2.77937,36.47,-121.74,2.791
2.5787,35,4.14662,1.09061,1883,3.10214,34.08,-118.13,2.23
1.6094,16,4.29268,1.28049,226,2.7561,39.39,-120.91,0.795
1.9091,29,5.35398,1.10914,1421,4.19174,36.06,-119.19,0.713
4.8482,43,3.95469,0.980583,565,1.82848,33.74,-118.11,5.00001
3.099,30,5.68856,1.125,2778,2.9428,34.83,-117.15,0.668
1.654,17,3.53431,1.19708,2971,4.33723,33.53,-116.12,1
4.0812,45,5.02308,1.12692,585,2.25,33.88,-117.93,2.417
2.5521,36,5,1.01762,614,2.70485,33.9,-118.25,1.131
3.8125,9,7.13091,2.16364,966,3.51273,33.76,-116.24,0.967
4.9429,28,5.83968,0.97996,1500,3.00601,33.8,-117.94,2.548
2.5588,36,3.97718,1.12483,1129,1.51544,34.1,-118.36,5.00001
3.0677,37,4.43902,1.10298,1341,3.63415,33.93,-118.34,1.677
6.5413,12,7.48966,0.967816,1464,3.36552,33.6,-117.69,3.32
4.4474,25,6.34278,1.02266,928,2.6289,38.03,-122.26,2.037
8.0599,31,6.36525,0.996454,872,3.0922,37.35,-122.06,3.818
2.6411,52,5.1704,1.05381,481,2.15695,37.77,-122.24,2.41
2.2961,46,3.43182,0.901515,533,4.03788,34.06,-118.2,1.125
5,32,5.80078,0.984375,1117,2.18164,38.46,-122.69,2.759
4.4125,20,6,1.04566,712,3.25114,38.27,-121.26,1.446
1.9531,27,4.07568,1.08108,746,4.03243,34.09,-117.58,1.008
1.3438,48,3.84848,1.171,1237,2.67749,37.96,-121.29,1.031
2.3482,22,4.00134,1.17181,1751,2.35034,32.8,-117.23,1.906
4.65,15,3.42581,0.993548,469,3.02581,37.2,-121.7,3.857
1.875,18,4.2852,1.11191,1343,4.84838,35.96,-119.04,0.517
5.1064,16,4.14214,1.10821,6270,1.74409,33.96,-118.43,2.832
8.338,52,8.2971,0.963768,334,2.42029,38.54,-121.5,4.058
6.1244,40,5.24042,0.940767,689,2.4007,37.47,-122.24,3.088
1.8245,22,4.40108,1,1157,2.08094,39.76,-121.6,0.855
7.7072,34,7.14449,1.0076,729,2.77186,37.84,-122.02,4.438
3.0284,25,4.2408,0.943144,991,3.31438,32.57,-117.06,1.236
3.7578,24,5.06154,0.957692,781,3.00385,36.8,-119.73,0.692
2.5401,50,4.93915,1.06614,1128,2.98413,37.78,-122.2,1.291
2.3462,16,4.67672,0.935345,356,1.53448,38,-122.05,0.75
2.7279,34,3.40406,1.09029,774,1.74718,37.39,-122.09,3.656
4.625,42,5.30488,1.03659,546,3.32927,34.12,-118,1.738
0.8438,17,2.90798,1.03374,971,1.48926,34.15,-118.14,1.75
3.5833,52,5.15819,1.07156,1312,2.47081,37.77,-122.5,3.229
2.0375,48,4.94461,1.15452,1481,4.31778,37.79,-122.23,1.225
4.2071,14,3.91693,1.05664,3148,1.98112,33.67,-117.92,4.309
6.2987,23,7.17228,1.03745,724,2.71161,34.48,-119.85,3.482
6.5338,13,6.62657,1.05764,1197,3,33.1,-117.28,2.679
7.7006,52,6.60714,1.10714,150,2.67857,37.97,-122.62,3.167
1.6136,14,9.31693,2.4877,1586,2.29522,34.23,-116.62,0.674
2.9063,31,5.50871,1.04181,776,2.70383,40.87,-121.67,0.778
3.7054,28,4.12009,1.01617,1255,2.89838,33.87,-117.97,1.692
7.8336,37,6.1326,0.925414,903,2.49448,37.9,-122.26,3.713
2.5755,52,3.40258,1.05878,2619,2.1087,37.77,-122.42,3.25
3.5114,52,5.58513,1.06715,1144,2.74341,37.77,-122.19,1.512
1.8672,43,5.05013,1.05013,1543,3.86717,33.96,-118.25,0.981
3.4762,15,4.6341,1.03065,1279,2.45019,35.32,-120.84,1.896
3.875,44,4.73926,1.02454,561,1.72086,37.78,-122.44,4.125
8.6718,32,7.07394,0.992958,1400,2.46479,33.99,-118.37,4.391
4.8906,21,5.3569,1.00337,904,3.04377,33.82,-117.89,1.791
3.1458,34,5.7766,1.12766,900,3.19149,32.81,-117.15,1.783
3.25,19,5.80047,1.01174,1040,2.44131,36.08,-119.03,0.806
3.725,32,6.26627,1.02071,1019,3.01479,38.68,-121.42,1.122
4.25,40,4.69175,1.15291,902,2.18932,33.71,-118.29,3.328
2.3243,27,6.34719,1.06357,1100,2.68949,39.38,-121.74,0.855
2.7254,41,3.83483,0.985637,986,1.7702,34.02,-118.47,4.444
3.089,18,3.99713,1.08161,2803,1.61092,38.58,-121.41,1.414
3.7887,52,4.92672,1.11063,1584,2.27586,37.78,-122.46,5.00001
3.18,28,4.27,1.0325,1694,2.1175,38,-122.54,2.77
2.7273,25,3.60155,1.04967,5917,3.26545,37.97,-122.5,1.875
1.8472,39,4.66667,1.16931,697,3.68783,33.96,-118.28,0.991
4.3586,8,5.74427,1.04843,3237,2.75021,38.27,-122.07,1.734
1.6602,31,3.95261,1.08531,616,2.91943,36.62,-119.68,0.612
1.8929,43,3.36259,1.0254,2098,4.84527,34.01,-118.24,0.992
3.8162,18,5.22476,1.04723,1973,3.21336,34.25,-119.2,2.35
4.1573,19,6.16263,1.04844,1677,2.90138,34.63,-118.18,2.281
2.6375,19,3.44417,1.08344,1546,1.89693,33.92,-118.36,2.338
5.5867,35,5.35057,1.04023,516,2.96552,33.86,-117.93,1.825
3.7533,26,6.4603,1.11844,2365,3.18304,35.38,-118.94,0.87
3.8333,48,5.72947,1.02899,487,2.35266,37.74,-122.49,3.408
5.3292,52,5.0299,1.04319,724,2.40532,37.74,-122.43,3.009
3.6667,32,7.01667,0.988889,508,2.82222,33.9,-117.4,3.141
5.4604,24,5.8329,0.97389,1325,3.45953,34.26,-118.75,1.934
2.9583,34,3.81088,1.09585,995,2.57772,34.18,-118.36,1.887
3.7538,4,5.25133,1.06045,2912,3.08802,33.54,-117.16,1.475
3.5573,21,4.10449,1.07416,1510,1.69663,34.07,-118.38,5.00001
1.8523,48,4.4789,1.04219,859,1.81224,38.01,-122.13,1.448
3.2792,40,4.45298,1.07869,1499,2.87716,37.76,-122.51,2.608
4.1528,15,6.19328,0.987395,768,3.22689,35.34,-119.08,1.301
5.1806,45,5.04651,0.949612,621,2.40698,36.97,-122.04,2.664
5.0224,52,5.06433,1.19883,587,3.43275,37.73,-122.44,2.619
3.6534,46,5.29771,1.1145,1047,2.66412,34.18,-118.52,2.16
4.75,52,4.77181,1.0453,1380,2.31544,37.79,-122.47,5.00001
1.8854,30,3.79848,1.0038,1011,3.84411,37.79,-122.23,1.375
2.3784,15,3.88215,1.1797,2683,3.13069,34.17,-118.37,1.854
5.4197,24,5.9235,1.01913,934,2.55191,34.45,-119.83,2.809
3.1028,17,5.13725,1.09244,1253,3.5098,34.08,-117.48,1.064
3.3021,20,4.92105,0.95614,308,2.70175,39.06,-121.53,0.708
3.6742,24,3.71549,1.05037,2645,2.46735,37.4,-122.09,2.75
1.925,41,4.01242,1.03727,1150,3.57143,34.03,-118.2,1.352
3.2481,8,5.53503,1.10191,2425,3.08917,33.7,-117.37,1.238
4.8438,22,5.49031,1.01863,4721,3.51788,33.83,-118.24,2.131
4.0125,46,4.48466,1.02045,1814,3.70961,37.7,-122.45,2.301
4.9286,39,4.89836,0.991803,1466,2.40328,33.93,-118.42,3.414
1.8594,12,3.7554,1.09556,2000,2.27531,32.74,-117.02,1.192
6.6916,2,9.76998,1.44046,1787,2.91517,34.38,-118.61,3.295
6.4562,23,7.62651,1.09639,236,2.84337,38.09,-121.23,2.3
2.087,33,6.14198,1.21605,1221,2.51235,40.12,-123.82,0.824
2.0579,42,4.1016,1.10695,2114,3.76827,33.8,-118.18,1.327
2.8512,43,5.54577,1.14085,740,2.60563,37.69,-122.08,1.81
3.1319,27,5.47716,1.1269,625,3.17259,39.97,-122.14,0.627
2.2161,20,4.84697,1.04485,1498,1.97625,33.74,-116.97,0.769
3.6875,13,4.04917,1.0775,3351,2.7925,34.2,-118.4,2.119
3.0143,44,3.78385,1.04038,3913,4.64727,33.96,-118.23,1.482
2.9628,36,5.66553,1.16638,2388,4.05433,34.13,-117.27,0.878
3.6058,52,4.98324,1.03724,1181,2.19926,32.73,-117.13,2.131
4.6442,36,6.15353,1.09336,1231,2.55394,34.11,-118.09,3.168
1.2176,29,3.89924,1.07634,2669,4.07481,36.77,-119.77,0.619
1.9189,28,3.09756,1.05401,2184,3.80488,34.06,-118.06,1.659
4.7,39,5.53333,1.04058,867,2.51304,34,-118.45,3.347
1.9,15,6.74257,1.26238,378,1.87129,33.63,-117.72,1.625
1.6303,14,4.38065,1.11683,2352,2.95477,35.65,-120.69,1.449
4.739,26,6.464,1.03467,974,2.59733,32.81,-117.17,1.841
2.0809,52,5.631,1.0786,1558,3.40175,34,-118.29,1.096
4.2656,52,4.84146,1.06301,1096,2.22764,37.35,-121.95,2.361
4.2837,16,4.21405,1.10786,3150,2.63378,37.36,-121.96,2.645
2.3152,10,3.40559,1.1049,631,2.20629,37.97,-122.04,1.406
5.4306,33,5.99668,1.00664,838,2.78405,34.23,-118.26,3.266
3.4732,52,5.96286,1.11936,870,2.30769,37.89,-122.29,2.462
3.7991,21,4.90741,1.00617,414,2.55556,38.37,-122.78,1.75
3.375,16,4.57696,1.21152,2147,2.13208,34.23,-119.18,2.188
2.9125,21,5.24096,1.15663,219,2.63855,37.76,-120.83,1.125
2.6103,44,4.06734,1.20202,603,2.0303,34.41,-119.69,5
7.6473,17,7.89176,0.992941,1457,3.42824,37.8,-121.98,3.458
4.933,36,6.37367,1.0276,1322,2.80679,33.84,-118.14,2.289
8.7591,4,7.42205,1.02979,2969,2.94836,33.5,-117.7,4.347
4.5053,34,5.43699,1.13821,1270,2.5813,33.89,-118.32,2.42
3.788,25,5.73084,1.06542,1558,2.91215,39.26,-123.18,1.342
3.8571,37,4.4117,0.980498,1468,1.59047,34.03,-118.51,5.00001
4.8333,34,4.64786,1.01362,1560,3.03502,34.21,-118.59,2.254
2.2141,25,4.37576,0.990909,2940,4.45455,33.67,-116.18,0.667
2.1746,20,4.71111,1.04646,1856,3.74949,39.74,-122.01,0.587
4.2708,15,5.1463,1.08842,1510,2.42765,33.7,-117.92,1.617
3.2778,41,4.5,1.0036,1053,3.78777,33.8,-118.21,1.508
5.8661,16,7.88889,1.10714,770,3.05556,33.06,-117.16,4.045
2.1985,36,3.54033,1.10959,2635,4.01065,33.8,-118.19,1.418
1.1194,27,2.77273,1.13017,844,1.7438,33.98,-117.37,0.958
4.3214,28,6.41469,1.01728,1379,2.9784,38.7,-121.2,1.317
5.3999,18,6.53307,1.05447,783,3.04669,33.46,-117.67,3
2.5048,28,3.98649,1.02534,2623,4.43074,34.04,-117.65,1
4.2857,35,4.85946,0.967568,455,2.45946,37.62,-122.04,1.904
5.3561,29,5.33735,0.971888,1318,2.64659,37.27,-121.98,2.989
4.375,28,6.65674,1.08932,1654,2.89667,37.99,-122.28,1.933
4.5694,28,6.21951,1.03049,504,3.07317,38.38,-122.33,2.875
5.5677,4,5.92191,1.12091,834,2.10076,33.5,-117.7,2.454
3.2292,52,6.56364,1.38182,168,3.05455,37.77,-122.41,2.75
2.625,11,4.9432,1.04991,2644,4.55077,32.68,-115.51,0.727
1.7206,21,3.48333,1.1,401,3.34167,34.07,-117.27,0.821
5.5342,9,4.6107,0.907749,1111,2.04982,33.64,-117.75,1.823
3.8,36,5.7027,1.05135,952,2.57297,37.67,-122.11,1.875
5.1814,46,5.68136,1.09153,846,2.8678,34.19,-118.36,2.095
1.9707,12,5.21377,1.17084,2711,2.42487,33.77,-116.98,1.079
5.2166,17,5.07807,1.00664,2030,3.37209,37.28,-121.83,2.309
2.8929,16,5.08609,1.01325,1283,2.12417,34.51,-117.32,1.156
8.5621,23,7.32986,1.0625,979,3.39931,33.89,-117.99,3.478
2.9866,45,5.44128,1.12811,793,2.82206,38.89,-121.3,0.913
3.8904,21,5.21197,0.994872,2355,4.02564,32.71,-116.99,1.138
3.05,17,5.49345,1.10917,885,3.86463,37.93,-122.36,1.216
4.6563,16,6.09346,0.936449,1973,3.68785,34.04,-117.67,1.62
3.2404,27,4.03598,1.02841,1065,2.01705,34.23,-118.53,2.304
2.5122,45,4.75,1.06198,1437,2.96901,37.76,-122.16,0.955
3.3567,8,5.36712,1.03836,995,2.72603,37.65,-121.04,1.291
5.875,24,10.5,1.75,32,4,33.8,-118.02,1.938
3.858,24,7.66216,1.11486,847,2.86149,38.47,-122.65,2.144
4.3906,26,5.64948,1.01031,801,2.75258,38.31,-122.72,2.48
3.5056,23,3.72053,0.98289,1454,2.76426,33.75,-118.3,2.031
3.5547,34,5.05197,1.0914,1718,3.07885,34.06,-117.92,1.976
1.7675,26,3.84709,1.08256,1829,1.31299,33.77,-118.09,0.613
4.2972,34,4.13346,0.994361,1193,2.24248,37.44,-122.16,4.059
4.8125,15,6.16418,1.02985,440,3.28358,33.87,-117.32,1.739
5.2699,8,7.38681,1.07185,3325,3.27264,37.98,-121.84,2.042
4.8409,31,4.67559,0.913043,884,2.95652,34.62,-118.32,2.649
3.775,40,5.74074,1.02963,798,2.95556,33.94,-118.31,1.538
1.7448,23,5.38462,1.17751,370,2.18935,41.41,-122.39,0.801
2.6402,43,3.70732,1.03659,705,2.86585,34.03,-118.38,1.857
2.2417,15,10.5153,2.37245,573,2.92347,38.72,-119.93,0.979
2.2946,34,4.16172,1.0396,1027,3.38944,33.95,-118.27,0.888
2.3974,48,3.20115,1.13028,2796,2.00143,34.11,-118.32,4.107
3.2147,7,5.39824,1.18262,2014,2.21562,36.84,-119.78,1.119
6.2064,29,5.78024,0.977853,1471,2.50596,34.17,-118.58,3.349
3.2448,20,4.20453,1.07889,4031,2.94449,34.21,-118.44,2.212
1.4889,19,4.48074,1.07304,1412,1.87517,38.55,-121.45,0.776
3.0739,36,4.179,1.04535,1175,2.8043,33.88,-118.29,2.186
2.2396,44,4.67097,1.0129,861,2.77742,33.98,-118.32,1.086
3.9028,35,5.71376,1.06972,1974,3.62202,34.69,-118.16,1.268
3.2845,16,4.64213,0.997955,709,1.4499,33.61,-117.75,2.276
3.3333,11,6.4104,1.16416,2466,3.37346,33.67,-116.31,0.918
7.0215,6,6.53409,0.829545,318,3.61364,33.94,-117.56,2.571
4.9861,26,6.62366,1.0172,1257,2.70323,38.04,-121.25,2.018
2.8868,37,4.7844,1.15603,2909,4.12624,37.47,-122.14,1.566
1.2281,25,5.50398,1.15385,991,2.62865,39.77,-123.23,0.603
2.5598,16,5.11781,1.04247,1942,2.66027,37.07,-120.83,1.202
1.939,21,4.73563,0.911877,601,2.30268,39.06,-122.91,1.003
4.445,52,5.53459,1.15094,742,2.33333,37.77,-122.43,4
3.0444,36,4.55975,1.08176,1087,2.27883,38.46,-122.71,1.672
2.3194,32,4.38967,1.02582,1142,2.68075,32.58,-117.13,1.594
4.7578,31,5.67105,1.01754,599,2.62719,32.85,-116.94,1.61
6.7274,5,5.91093,0.964912,1913,2.58165,33.84,-117.77,2.664
4.6793,14,5.83333,1.12,852,2.84,33.68,-117.78,2.368
1.4063,42,3.77143,1.02857,310,4.42857,37.49,-120.85,0.615
3.5714,38,4.49118,0.976471,1303,3.83235,34.28,-118.45,1.52
1.9034,27,4.76667,1.09394,847,2.56667,40.54,-123.22,0.496
4.0313,36,6.33028,0.963303,299,2.74312,37.75,-122.14,1.955
2.2577,26,3.58507,1.18727,3792,4.64137,34.06,-118.02,1.738
3.7958,33,5.6968,1.06865,2575,2.94622,34.09,-117.72,1.525
3.9018,35,5.65136,1.00418,1595,3.32985,34.16,-117.25,0.915
3.1453,23,5.48358,0.991045,1064,3.17612,36.2,-119.31,0.745
1.7991,43,4.33261,1.01944,1687,3.64363,34.03,-118.15,1.588
3.3086,7,5.18103,1.10221,11973,3.04424,34.57,-118.1,1.381
2.1797,26,5.61728,1.15432,1001,3.08951,33.16,-116.68,1.563
6.2712,47,6.94909,1.02909,697,2.53455,37.94,-122.32,2.677
2.5321,35,4.1966,1.06311,1308,3.17476,34.06,-118.12,1.972
6.2083,17,7.40394,1.05172,1291,3.1798,34.12,-117.65,2.427
0.8702,11,3.71726,0.931548,625,1.86012,34.02,-118.33,1.705
4.4653,33,5.87291,1.05686,1971,3.29599,34.02,-117.98,1.932
3.7663,37,4.30769,0.991453,1545,4.40171,34.22,-118.36,1.603
3.6389,28,6,1.08297,769,3.35808,37.97,-121.17,1.304
1.3587,20,4.31135,1.09894,1622,2.13984,35.41,-119.04,0.675
8.1111,13,7.94672,1.0123,928,3.80328,33.71,-117.77,3.798
2.9484,15,5.57516,1.06708,2114,2.62609,38.83,-121.18,1.244
3.0938,25,4.03913,1.07174,865,1.88043,34.4,-119.7,3.125
1.7425,43,3.35821,1.01279,1980,4.22175,34.01,-118.25,1.005
5.0917,52,5.62846,1.14229,550,2.17391,37.82,-122.25,2.625
6.1324,20,8.22093,1.32558,282,3.27907,37.54,-120.82,1.648
4.2042,20,5.24138,1.05247,3221,2.41454,38,-122.12,1.664
3.4722,34,5.11446,1.07831,2108,4.23293,34.04,-117.98,1.546
1.3451,30,4.66443,1.21141,1116,3.74497,35.38,-118.99,0.575
2.4259,40,4.28097,1.02115,1068,3.22659,34.01,-118.12,1.646
1.025,49,3.77249,1.06878,462,2.44444,37.84,-122.26,1.188
4.0968,30,3.93546,1.16434,2136,1.42116,33.74,-118.18,3.1
4.7109,35,5.92,1.00571,1001,2.86,37.62,-122.03,1.987
6.2427,19,6.44629,1.02572,2621,3.9652,33.85,-118.08,2.887
10.3354,5,8.83004,1.01186,894,3.5336,32.91,-117.07,4.776
3.5806,52,5.17492,1.11386,1213,2.00165,34.11,-118.3,3.919
1.8242,47,4.25799,1.06164,1916,4.37443,33.99,-118.26,0.95
5.2359,9,6.70335,1.06938,955,2.28469,39.23,-121.2,2.133
2.5833,37,4.15854,0.982927,1839,4.48537,33.92,-118.21,1.327
4.3542,5,4.47982,1.12108,1185,2.65695,33.57,-117.65,1.956
5.2101,18,5.81731,1.05529,1278,3.07212,37.08,-122.14,3.34
3.9673,24,4.29115,1.06271,1613,1.80627,34.05,-118.43,4.773
8.0448,35,7.67218,0.997245,1001,2.75758,37.88,-122.12,4.333
1.4415,36,3.96774,0.903226,737,3.96237,36.56,-119.6,0.544
2.7813,35,5.49375,1.06458,1181,2.46042,39.23,-121.09,1.092
4.6,24,13.1042,2.25,235,2.44792,38.92,-119.94,1.368
1.7579,10,3.7448,1.07279,9851,2.1341,33.98,-117.34,1.034
4.2329,5,5.73408,1.01732,5871,3.27989,34.56,-118.07,1.455
1.8229,17,4.90335,1.17472,384,1.42751,37.99,-122.06,1.375
4.0556,49,4.9686,1.03865,1103,2.66425,34.1,-118.12,2.826
5.791,36,5.00405,0.927126,880,3.56275,37.39,-122,2.394
2.0714,18,5.81325,1.14458,1643,2.4744,36.31,-119.31,0.926
2.4132,11,4.1989,1.03683,6083,3.73419,33.64,-117.84,1.983
3.9518,4,5.47254,1.08881,4323,2.93085,38.33,-122.67,2.203
1.6611,48,4.97525,1.10149,1208,2.9901,33.98,-118.3,0.958
4.3625,29,6.24713,1,430,2.47126,38.67,-121.28,1.588
3.1944,50,4.99751,1.04229,1130,2.81095,34.05,-118.34,2.135
1.4552,52,1.90209,1.05939,1007,1.61637,37.79,-122.4,4.5
5.2114,40,5.33849,1.00155,1498,2.3153,37.43,-122.13,4.384
2.8929,36,4.18455,1.04292,809,3.4721,34.05,-117.73,1.181
2.9402,33,5.55062,1.0716,1461,3.60741,35.3,-118.99,0.562
4.6327,34,5.55282,0.957746,880,3.09859,33.93,-117.44,1.16
3.1061,19,5.49007,1.07064,1110,2.45033,39.76,-121.58,1.102
3.7721,25,4.00885,1.13176,1719,1.69027,34.05,-118.46,3.375
4.5129,16,6.17476,1.04612,1199,2.91019,38.95,-121.19,1.963
2.4474,19,5.20043,0.985075,1416,3.01919,36.45,-119.86,0.756
9.4667,32,7.32576,1.03788,1558,2.95076,34.17,-118.02,5.00001
4.125,36,6.03093,1.01031,1213,3.12629,34.01,-117.73,2.13
4.0625,47,5.1223,1.07914,632,2.27338,34.05,-118.36,2.952
6.53,10,7.06027,0.950685,1193,3.26849,33.04,-117.08,2.641
2.2466,15,5.74267,1.28998,4507,2.49419,34.15,-116.06,0.668
3.3315,18,5.34557,1.03058,921,2.81651,40.45,-122.37,0.854
5.5138,7,6.94986,1.11111,2824,3.82656,38.15,-122.22,1.711
3.1118,29,4.49337,1.02209,1942,2.86009,34.2,-118.43,2.381
6.9261,24,7.15075,1.03518,1954,3.27303,33.69,-117.95,2.846
4.5066,16,5.42062,1.01237,1265,2.60825,38.56,-121.35,1.402
5.7657,26,5.43119,1.03211,815,3.73853,37.41,-122.07,3.223
2.9545,47,4.19583,1.02083,581,2.42083,37.36,-121.9,2.375
3.4228,7,4.46654,1.0717,2534,2.42256,34.05,-117.3,1.157
4.9063,15,6.01336,1.0245,1432,3.18931,34.08,-117.6,1.598
6.3824,41,5.42484,0.888889,353,2.30719,37.45,-122.27,5.00001
1.9937,40,4.07602,1.00131,1557,2.04063,34.08,-118.36,3.671
11.615,34,7.21483,1.02046,843,2.15601,34.12,-118.37,5.00001
3.5192,36,5.85969,1.06633,1070,2.72959,32.75,-117.04,1.44
4.1719,36,5.35349,1.00465,727,3.3814,37.61,-122.04,1.87
7.7062,18,7.66209,1.03846,937,2.57418,36.81,-119.84,1.883
1.9038,34,2.34123,1.1346,2326,2.20474,34.06,-118.31,3.25
1.9583,7,5.3628,1.44207,1064,3.2439,34.1,-117.46,1.088
2.7917,48,6.44712,1.14904,671,3.22596,36.79,-120.04,0.828
2.3,42,5.28527,1.13166,737,2.31034,33.96,-118.33,1.892
5.0796,36,6.02513,0.994975,485,2.43719,37.38,-122.08,3.734
3.8633,27,4.26007,0.97619,1697,3.10806,33.84,-118.28,1.879
4.6937,26,5.48401,1.00872,2103,3.05669,34.13,-117.84,1.98
5.8143,45,5.1749,0.958175,581,2.20913,33.96,-118.39,3.407
5.2447,10,6.75594,1.0066,2568,3.38786,38.39,-121.36,1.481
2.73,33,5.58122,1.02284,1245,3.1599,36.34,-119.19,0.969
3.7054,47,5.33666,1.05985,1105,2.75561,37.75,-122.49,3.085
2.7778,25,5.09909,1.10691,1580,2.05997,32.77,-117.08,1.841
6.6354,41,6.38933,1.06719,1251,2.47233,37.45,-122.13,5.00001
5.1473,16,6.66369,0.962798,1990,2.96131,37.66,-120.95,1.884
7.9767,16,7.0656,1.00532,1327,2.35284,33.78,-118.11,5.00001
7.2982,4,7.18442,1.01039,3651,4.74156,37.33,-121.81,3.43
6.8198,30,5.82517,1.14685,358,2.5035,37.85,-122.62,4.938
3.0253,29,5.67326,1.00733,3316,2.4293,39.75,-121.82,1.114
3.1635,34,5.76765,1.07574,2335,2.99743,34.52,-117.3,0.743
2.2269,17,5.02044,1.05586,1714,2.33515,38.74,-120.83,1.283
3.375,47,4.47368,0.943609,540,2.03008,37.72,-122.15,1.983
3.0625,8,5.28319,1.10399,2887,2.68059,39.73,-121.79,1.163
10.4399,23,8.31067,1.02324,3585,3.0852,34.14,-118.56,5.00001
6.2578,9,7.32597,1.08564,1355,3.74309,32.67,-116.89,2.931
2.6071,26,5.60669,1.06695,662,2.76987,39.44,-121.53,0.571
3.8456,51,4.66732,1.00389,1160,2.25681,33.83,-118.32,3.189
3.6719,49,4.93496,1.06707,1110,2.2561,37.76,-122.24,2.298
1.3571,21,2.81471,1.01907,2548,3.47139,38.56,-121.42,0.55
6.057,21,6.67436,1.0359,1350,3.46154,33.85,-117.82,2.359
3.1047,32,4.5,0.998408,1767,2.81369,38.4,-122.68,1.414
10.0707,22,7.90682,1.01818,1252,2.84545,32.85,-117.24,5.00001
2.5434,36,4.60051,0.991094,1994,2.5369,36.78,-119.77,0.673
3.0313,45,4.24933,0.882038,981,2.63003,37.95,-122.33,1.358
1.972,13,4.83824,1.04412,1276,3.12745,33.71,-117.09,0.905
2.95,13,4.51515,1.17749,1356,2.93506,33.87,-118,1.656
3.0375,42,5.6523,1.08621,1459,4.19253,34.03,-117.73,1.181
4.0781,8,5.30093,1.11574,447,2.06944,38.66,-121.26,1.243
3.934,18,5.26816,1.18994,544,3.03911,37.03,-121.79,2.286
3.145,37,5.34783,1.03432,948,2.16934,33.98,-117.39,1.691
3.4583,41,4.58295,1.08527,1212,1.87907,34.02,-118.45,4.219
2.9576,16,3.61336,1.10896,847,1.48858,32.77,-117.15,0.922
6.2558,16,6.14054,1.05946,481,2.6,32.76,-115.39,1.463
6.0712,22,5.65801,0.980519,1240,2.68398,37.23,-121.91,2.718
2.5262,21,3.02162,1.05766,4426,3.98739,33.78,-118.27,1.673
10.0285,22,8.95766,1.12903,1573,3.17137,34.41,-118.4,5.00001
2.9459,32,4.65693,1.05109,2161,3.94343,34.12,-117.92,1.444
3.3675,33,4.84145,0.984701,1726,2.40056,32.78,-117.02,1.582
2.1458,29,5.84848,1.17172,218,2.20202,36.18,-120.43,1.042
3.0134,41,3.91304,0.928571,1535,4.76708,33.91,-118.18,1.281
3.7188,34,5.2853,1.08646,1450,4.17867,37.36,-121.82,1.615
3.2793,37,4.52601,1.08382,1223,3.53468,37.35,-121.87,1.745
3.2813,10,6.03093,1.15979,537,2.76804,39.16,-121,1.632
2.7188,43,5.18876,1.23293,647,2.59839,38.75,-121.27,0.853
3.3008,26,4.17778,1.07475,1434,2.89697,37.55,-122.01,2.242
4.239,39,5.09677,1.04963,1205,2.99007,34.1,-118.19,2.13
3.625,37,5.32589,0.915179,488,2.17857,34.03,-118.44,3.576
8.9955,39,6.97623,0.979398,1616,2.56101,37.44,-122.19,5.00001
1.5781,16,4.98855,1.09733,1163,2.21947,34.4,-118.9,1.344
5.9285,17,6.51306,1.04751,986,2.34204,37.45,-122.26,4.96
1.4712,12,5.25194,1.11434,1724,3.34109,36.98,-120.06,0.604
4.5568,12,6.30484,1.09402,1097,3.12536,38.65,-120.93,1.701
3.4091,41,4.94699,1.04819,873,2.10361,37.9,-122.3,2.23
3.6186,52,4.47233,1.03861,1518,1.95367,37.77,-122.44,5.00001
1.7333,19,5.4252,1.12598,355,2.79528,40.45,-120.36,0.7
3.0486,34,5.44363,1.06863,1131,2.77206,35.34,-119.03,0.685
2.1923,52,3.01068,0.964413,1153,4.1032,34.04,-118.21,1.55
2.2917,14,6.10559,1.01242,399,2.47826,39.22,-121.24,1.451
1.8382,40,3.85015,1.10703,1499,4.5841,34.02,-118.26,1.264
4.1406,6,4.56651,1.05164,1911,2.99061,37.54,-122.03,1.782
4.1473,22,4.82609,1.13343,1479,2.21739,37.35,-122.02,3.544
10.1007,30,7.84322,1.00847,631,2.67373,37.34,-122.07,5.00001
2.0304,51,4.64203,1.06236,1355,3.12933,34.02,-118.32,1.334
3.3625,47,4.63202,0.921348,1183,3.32303,37.71,-122.4,2.237
3.5735,30,4.78209,0.961194,1130,3.37313,32.82,-115.37,0.711
1.76,52,2.63636,0.818182,48,2.18182,38.31,-122.28,1.667
5.2769,34,5.37423,0.920245,424,2.60123,37.31,-121.92,2.411
5.2852,25,6.74,1.05,660,3.3,33.99,-117.96,2.976
7.8521,52,7.79439,1.0514,517,2.41589,37.86,-122.24,5.00001
2.7303,51,4.97201,1.0709,1258,2.34701,37.83,-122.27,1.097
5.5591,36,5.41071,0.991071,775,3.45982,33.88,-118.26,1.365
4.6207,35,4.95568,0.971098,1172,2.25819,33.78,-118.3,3.041
6.4664,25,6.19231,0.878698,983,2.90828,37.31,-121.78,2.715
3.1551,16,3.78992,1.11485,1211,3.39216,34.17,-118.3,2.05
3.8581,35,5.3598,0.990074,1694,4.20347,34.03,-117.93,1.631
1.7344,35,4.44915,1.0678,918,3.88983,33.93,-118.35,1.469
5.5,16,5.09732,1.09489,963,2.34307,33.66,-117.94,2.241
6.8722,16,6.68227,1.0301,818,2.73579,33.68,-117.79,3.261
1.7262,30,4.23109,1.09244,1112,4.67227,33.9,-118.22,1.156
3.1187,25,5.90529,1.06128,588,1.63788,33.01,-117.07,1.694
3.1755,15,5.33258,1.09502,1110,2.51131,35.65,-117.74,0.817
3.9559,42,4.65287,0.961783,986,3.14013,33.88,-117.99,1.611
2.165,34,5.30495,1.05545,1287,2.54851,39.53,-122.19,0.587
5.7984,20,7.18696,1.09348,1374,2.98696,38.28,-122.45,2.976
9.1415,5,7.2053,0.975717,1607,3.54746,37.54,-122.26,5.00001
2.1792,18,4.55977,0.991254,1161,3.38484,32.79,-115.69,0.552
3.015,39,4.03134,1.05128,1467,4.17949,34.11,-118.25,1.563
6.4018,42,5.48092,1.0687,324,2.47328,34.12,-118.58,5.00001
4.8977,41,5.95779,1.00974,683,2.21753,34.28,-119.26,3.582
2.5833,25,3.46725,1.08051,3781,2.98421,34.23,-118.45,1.837
5.1365,14,6.75492,1.03757,1877,3.35778,33.82,-117.52,2.15
3.5082,11,4.4421,1.07605,7096,3.48184,34.24,-118.45,1.365
7.3715,17,5.0061,0.993902,229,1.39634,34.15,-118.16,2.63
5.1205,42,5.72796,1.0806,1255,3.16121,37.67,-122.42,2.263
2.4596,35,2.87255,1.06863,1741,4.26716,33.99,-118.19,1.547
1.933,30,4.295,0.9875,914,2.285,37.66,-120.99,1.07
6.9584,16,6.31071,0.957143,1061,3.78929,37.4,-121.87,3.516
3.3462,32,5.71567,1.04716,2590,3.59223,35.37,-118.91,0.676
9.8098,39,8.07988,1.08284,1034,3.05917,34.16,-118.03,5.00001
3.0846,47,5.93333,1.13333,832,2.64127,36.34,-119.65,0.761
4.6776,8,6.87164,1.0911,2710,2.80538,35.13,-120.59,2.955
5.7519,27,6.29819,1.01205,1037,3.12349,33.88,-117.89,2.434
6.091,20,7.22917,1.02083,1319,3.05324,33.69,-117.96,2.904
5.7295,35,5.64505,0.974775,1449,2.61081,37.28,-122,3.461
3.2879,32,6.09781,1.06408,2131,3.59359,34.09,-117.36,0.955
2.465,40,4.30667,1.10286,903,1.72,32.75,-117.15,1.987
1.7986,40,4.21961,0.956863,705,2.76471,33.92,-118.26,0.989
1.4867,35,3.97644,1.03387,3444,5.07216,34.27,-118.42,1.24
4.2059,52,5.57851,0.99449,957,2.63636,33.73,-118.31,3.5
2.1221,50,5.50971,1.09466,1000,2.42718,33.97,-118.3,1.194
5.5208,33,6.83372,1.0281,1085,2.54098,38.51,-121.51,1.713
4.95,36,5.73851,1.02299,772,2.21839,37.75,-122.45,3.226
3.5129,25,5.72549,0.995098,1172,2.87255,38.71,-121.44,1.012
3.5039,29,5.9215,1.10239,805,2.74744,36.22,-119.33,0.899
4.8611,15,6.44207,0.97733,2540,3.19899,38.45,-121.83,1.464
1.5844,31,3.60613,1.05908,898,1.96499,33.78,-118.19,1.625
1.7467,41,4.60063,1.06604,1066,3.3522,35.37,-118.96,0.524
3.2016,37,5.89974,0.98153,974,2.56992,39.75,-121.82,0.97
3.4038,29,5.88144,1.13402,684,3.52577,32.99,-115.41,1.078
2.2243,32,5.68522,1.0096,1542,2.95969,38.69,-121.45,0.892
5.0779,34,5.48718,0.990138,1219,2.40434,37.93,-122.52,3.339
1.722,14,3.43279,1.11374,1026,1.51551,38.46,-122.73,1.5
2.1406,45,3.1988,0.987952,722,4.3494,34.06,-118.05,1.625
10.2311,31,8.24084,1.01047,551,2.88482,37.25,-122.01,5.00001
7.6877,21,8.27974,1.04102,3645,2.99016,37.91,-122.01,3.677
1.3281,40,5.05435,1.08152,564,3.06522,37.79,-122.23,1.133
2.5331,31,4.09668,0.978852,1301,3.93051,33.11,-117.08,1.151
4.7361,22,6.08022,1.03626,2474,2.71868,37.7,-121.8,2.168
4.0686,18,3.43333,0.938333,1144,1.90667,37.43,-122.14,3.786
3.1667,36,5.56064,0.974828,1199,2.74371,38.53,-121.43,0.819
1.9405,36,4.92549,1.05882,910,3.56863,36.86,-121.4,1.454
1.6033,19,5.69945,1.11475,505,2.75956,40.58,-122.3,0.988
1.8661,38,3.4774,0.977401,1217,3.43785,33.97,-118.25,1.066
3.1946,5,5.61862,1.06106,3569,3.57257,34.57,-117.93,1.327
5.1033,15,6.36771,1.1151,1701,2.5426,34.17,-118.88,4.107
2.7798,15,5.19522,1.04582,1351,2.69124,35.48,-120.68,2.058
2.0672,37,2.83084,1.05656,3895,2.07844,34.1,-118.3,2.833
3.7143,52,4.85915,0.957746,847,2.98239,37.72,-122.44,2.6
3.5845,17,4.63895,1.00811,1240,2.51521,38.44,-122.74,1.643
5.1998,5,6.9715,1.16033,1917,2.27672,33.01,-117.07,2.941
4.9044,35,5.48225,1.10947,878,2.59763,34.41,-119.72,3.353
4.2171,32,4.12434,1.02102,1605,2.81086,33.89,-118.29,2.182
2.5352,13,9.79303,1.86492,1149,2.50327,38.25,-120.37,1.137
4.2136,26,4.69684,1.13218,1427,2.05029,37.33,-121.96,2.883
3.4032,37,4.17284,1.05556,691,2.13272,37.68,-122.1,1.969
1.7328,44,4.05306,1.16939,1044,2.13061,38.56,-121.47,0.881
5.1155,35,5.68936,0.995745,692,2.94468,33.91,-118.02,2.137
2.6036,44,3.95055,1.04725,1831,2.01209,37.97,-122.53,2.875
2.0096,22,4.02703,1.04505,754,3.3964,33.9,-118.26,1.107
3.6492,8,4.57745,1.23544,1297,1.60719,32.76,-117.18,1.589
1.9236,37,3.71023,1,827,4.69886,37.38,-120.73,0.644
4.3261,36,5.60656,0.992974,1490,3.48946,34.21,-118.52,2.067
2.3269,35,4.61475,1.0847,1135,3.10109,32.73,-117.11,0.973
6.2895,45,6.5,1.10169,254,2.15254,34.04,-118.38,3.404
3.0543,23,4.58425,1.17287,1858,4.06565,36.33,-121.23,0.924
5.9062,35,6.53593,1.05749,1313,2.6961,37.47,-122.25,3.832
3.1654,25,5.26761,0.929577,564,2.64789,38.6,-121.28,1.116
2.5417,43,4.18639,1.02593,1544,2.50243,34.15,-118,1.783
4.023,14,5.59474,1.09158,2228,2.34526,38.42,-122.66,2.084
1.7125,27,5.75676,1.18919,464,3.13514,39.94,-122,0.582
3.1373,52,4.62745,1.1201,830,2.03431,38.05,-122.16,1.851
7.3151,34,6.20418,1.00928,1087,2.52204,33.9,-118.4,4.922
1.4318,36,3.84239,1.24457,1762,2.39402,34.9,-117.06,0.596
3.2011,48,4.94146,0.946341,464,2.26341,37.78,-122.45,4.283
3.6121,29,4.00696,1.11137,741,1.71926,34,-118.48,5
3.8036,33,4.21649,0.982818,848,2.91409,37.65,-122.06,1.582
7.3841,40,6.69841,1,158,2.50794,37.65,-120.98,1.722
3.5,32,4.31667,0.933333,1156,3.85333,37.6,-122.02,1.543
4.2614,16,5.52926,1.01527,1460,3.71501,32.92,-117.13,1.696
3.0875,26,4.72554,1.09239,599,1.62772,34.44,-119.83,1.984
2.9693,13,4.45231,1.02927,2420,2.28517,38.54,-121.32,1.044
4.5687,32,4.62233,0.996716,1338,2.19704,33.82,-118.37,3.812
7.0913,23,5.95,0.908824,678,1.99412,33.03,-117.06,2.654
1.8972,17,4.38283,1.08933,2393,2.7761,38.66,-121.38,1.005
4.3696,7,6.52793,1.12746,4189,3.29583,37.71,-121.42,1.707
1.9327,52,4.56404,1.01124,958,2.15281,37.86,-122.28,1.699
4.95,43,5.69565,1.08507,1525,2.8828,33.81,-118.2,1.94
3.7986,21,4.26874,1.06124,1914,1.74954,34.14,-118.37,3.677
3.4196,43,5.0234,1.04043,824,1.75319,32.76,-117.15,3.022
1.4679,26,5.90566,1.33423,679,1.83019,39.09,-122.83,0.947
5.2077,7,5.47664,1.1028,232,2.16822,33.77,-118.02,1.813
2.8828,36,5.7,1.06667,861,2.87,37.94,-121.7,1.311
10.0968,20,7.7907,1.06977,345,2.67442,37.01,-122.02,5.00001
2.6333,33,3.74353,1.08471,794,1.86824,32.76,-117.13,1.4
10.2233,10,6.87228,1.07569,2528,2.39167,33.77,-118.12,5.00001
2.0673,18,5.41379,1.1092,424,2.43678,36.32,-119.82,0.875
2.1719,42,3.82331,0.951128,798,3,38.01,-121.82,0.991
2.9306,37,5.43636,1.06182,858,3.12,37.04,-120.35,0.463
2.75,22,5.4717,1.05818,1541,2.42296,37.17,-118.3,0.945
5.7157,26,6.29263,1.00842,1596,3.36,33.75,-118.02,2.312
2.1083,20,4.20415,1.10207,1142,1.82137,37.96,-122.03,1.625
5.542,24,6.83572,1.00603,4558,3.43482,33.85,-118.26,1.975
4.3631,43,5.36259,0.965358,1106,2.55427,34.2,-118.33,2.846
1.9318,30,2.44384,0.940217,2646,4.79348,33.79,-118.17,1.159
3.5977,23,5.43991,1.0515,1327,2.84764,34.1,-117.86,1.806
2.0714,19,4.4142,1.13018,1190,2.34714,33.75,-116.95,0.858
2.3565,11,5.3358,1.10617,820,2.02469,37.32,-119.65,1.223
4.1544,16,6.40557,1.0159,1425,2.833,36.95,-120.09,1.194
2.0694,31,6.09091,0.963636,154,2.8,38.09,-121.3,1.75
2.8125,24,3.50467,1.06231,579,1.80374,34.15,-118.13,1.417
3.2121,37,4.61721,1.06231,1304,1.93472,32.69,-117.18,3.208
2.5195,23,3.33148,1.00418,3074,4.28134,36.9,-121.73,1.369
1.8993,17,4.69937,1.09177,823,2.60443,40.95,-124.1,0.784
2.7045,38,4.45455,1.16186,1449,3.21286,33.86,-118.19,1.554
2.4053,17,5.47702,1.11029,4115,3.78217,34.12,-117.38,1.052
1.947,24,3.88077,1.04511,2002,2.15038,32.64,-117.09,1.475
5.726,41,5.26724,1.02011,847,2.43391,33.97,-118.37,2.878
2.7601,25,4.55374,1.07243,602,1.40654,33.6,-117.71,0.725
1.9028,47,3.78493,1.13603,2033,3.73713,34.07,-118.25,2.179
2.065,19,4.32734,1.08988,3045,2.88079,32.8,-116.96,1.241
2.7813,19,5.31048,1.16952,1365,2.6,36.74,-119.67,1.203
5.2586,17,6.94504,1.13121,1809,3.20745,38.69,-121.26,1.37
1.2,35,3.98773,1.09202,1216,3.73006,33.93,-118.3,0.992
3.7277,33,4.76584,1.06336,994,2.73829,34.03,-118.41,5.00001
15.0001,42,8.5625,0.964286,632,2.82143,34.05,-118.49,5.00001
4.0221,16,5.5948,1.07807,1649,3.06506,33.61,-117.69,2.362
2.9821,46,4.39896,0.992228,726,1.88083,38.55,-121.44,0.97
4.3182,36,5.62625,1.04,2196,2.745,38.01,-122.45,2.527
1.875,48,3.4026,0.995671,917,3.9697,32.7,-117.13,0.756
3.1875,13,7.21617,1.34398,1486,2.79323,38.02,-120.27,0.998
1.4766,36,4.16438,0.986301,842,3.84475,36.76,-119.74,0.528
2.2094,20,4.93844,1.06235,2795,2.206,36.8,-119.76,0.837
1.3371,29,7.70513,1.85897,383,2.45513,34.2,-116.06,0.669
1.0349,6,4.16522,0.982609,734,3.1913,36.19,-119.35,0.678
6.2162,16,6.63966,0.987207,1641,3.49893,33.71,-117.79,2.832
3.7303,31,4.84018,1.04399,1532,2.24633,33.84,-117.88,2.238
2.3043,32,5.64961,1.09055,690,2.71654,40.02,-122.06,0.684
4.0987,37,4.80491,1.06069,1468,2.12139,37.58,-122.36,4.34
5.8527,22,6.30949,0.970451,2204,3.42768,33.81,-118.04,2.41
2.8,18,5.13508,1.10507,1128,2.11632,35.65,-117.67,0.72
6.1768,33,5.98635,0.908382,1348,2.62768,32.76,-116.97,2.289
3.1361,16,5.33933,0.997429,1155,2.96915,40.09,-122.38,0.848
1.6875,52,3.08929,1.14031,1102,2.81122,36.91,-121.75,1.614
3.8292,21,5.76353,1.08016,1387,2.77956,33.1,-117.09,1.77
4.0484,15,5.38992,1.08739,1414,2.37647,33.8,-117.82,1.656
4.1923,47,5.15269,1.02695,834,2.49701,34.19,-118.34,2.312
1.0179,42,3.66071,1.04464,706,6.30357,38.94,-121.1,1.25
2.2019,13,4.33333,1.15046,1927,4.46065,34.25,-118.4,1.342
5.422,13,6.28761,1.05879,4071,2.57332,33.69,-117.9,3.166
1.9408,42,4.70726,1.15691,1203,2.81733,34.04,-118.34,1.346
4.3393,43,5.07195,1.01356,3134,3.26799,37.73,-122.39,2.173
4.0125,37,5.73859,1.07469,808,3.3527,37.61,-122.03,1.614
2.1964,30,2.34392,0.899471,903,4.77778,33.93,-118.22,1.25
3.2216,34,6.25262,1.04933,1891,2.82661,40.86,-124.06,0.981
1.1835,30,3.35051,1.06869,1794,1.81212,38.1,-122.26,1.333
3.8846,52,5.30584,1.08451,1159,2.33199,37.74,-122.43,3.331
3.1397,33,4.4,0.970149,1205,3.59701,33.93,-118.1,1.668
2.7432,35,5.20441,1.04609,1231,2.46693,38.62,-122.86,1.74
7.6166,16,7.21041,1.03905,1470,3.18872,37.96,-121.99,2.604
6.4894,16,7.38166,0.97929,1118,3.30769,38.37,-122.02,1.98
1.8575,27,4.24766,1.07243,1182,2.76168,38.12,-121.26,0.738
4.4306,52,5.4665,1.067,1238,3.07196,34.09,-118.15,2.258
4.2647,26,5.94346,1.00707,1806,3.19081,38,-121.85,1.334
5.4364,34,5.45683,1.0036,2208,2.64748,37.61,-122.47,2.793
6.5249,34,6.66784,1.02473,815,2.87986,38.03,-122.56,3.248
6.227,45,5.65027,0.95082,844,2.30601,37.46,-122.16,4.178
4.6908,37,5.97995,1.02506,1101,2.7594,33.85,-118.12,2.182
1.7969,48,5.73731,1.2209,1026,3.06269,37.84,-122.27,1.104
3.1393,14,6.31079,1.1554,1947,2.30961,33.97,-116.95,1.163
3.35,18,5.71064,1.01844,1731,2.45532,40.49,-122.31,1.184
1.8419,18,6.94627,1.91642,799,2.38507,35.74,-118.31,0.923
4.4397,16,5.61502,1,1764,2.81789,38.06,-122.17,1.871
4.8185,26,5.96,0.9625,1323,3.3075,34.85,-120.4,1.579
5.4829,15,6.07517,1.03832,4453,3.2815,34.43,-118.49,1.996
2.875,44,5.43465,1.11854,933,2.83587,37.95,-122.34,1.334
6.7978,24,6.58919,0.956757,610,3.2973,33.99,-117.95,3.25
5.1171,36,6.64545,1.05909,664,3.01818,33.83,-118.11,2.253
5.0796,35,6.11236,1.10112,1158,2.60225,34.19,-118.5,2.283
7.9814,26,7.25769,1.0141,2493,3.19615,34.15,-118.62,4.099
2.8,27,4.42049,0.996466,503,1.77739,34.44,-119.74,3.53
3.2589,9,11.4585,2.05616,2811,2.35624,37.84,-120.2,1.379
2.8125,42,4.40299,0.958955,877,3.27239,37.77,-122.18,0.973
5.2527,25,6.77049,1.01025,1464,3,38.28,-122.04,1.306
6.7027,8,6.60141,1.02469,1633,2.88007,37.76,-121.97,3.819
4.1974,44,5.35411,0.995012,1175,2.93017,37.68,-122.13,1.793
5.6512,33,6.76437,1.05536,3798,2.69553,38.02,-122.57,3.14
2.3438,42,2.88698,1.0516,1593,3.914,34.07,-118.27,2.133
2.9327,42,4.72705,0.939614,985,2.37923,34.18,-118.39,2.402
4.225,28,5.57686,1.09437,1820,2.77017,33.94,-117.93,2.247
3.1964,13,4.75133,1.01281,2740,2.92423,37.82,-121.22,1.415
4.125,37,5.10979,1.04451,648,1.92285,37.93,-122.53,3.103
8.1125,16,7.39917,1.0325,3468,2.89,34.28,-118.55,4.286
2.462,19,4.54897,1.01546,868,2.23711,38.39,-122.83,2.603
3.5353,34,6.31416,1.16814,1211,2.6792,37.97,-122.3,1.647
1.6112,25,2.43548,1.0639,4865,3.01799,34.1,-118.3,2.625
1.7708,22,4.36766,1.18126,1929,1.98661,36.82,-119.78,0.535
3.1513,14,5.5261,1.09395,989,2.06472,34.14,-117.2,1.6
4.6875,33,4.23973,0.952055,1217,8.33562,33.74,-117.89,1.544
7.3031,24,7.17538,1.07385,761,2.34154,34.06,-118.56,5.00001
1.3807,27,4.08333,1.06522,839,3.03986,36.05,-119.01,0.531
3.9712,46,6.41033,1.17629,922,2.80243,37.79,-122.18,2.081
2.4505,25,4.22539,1.07513,1045,2.70725,33.2,-117.24,1.475
2.3,30,3.65,1.025,164,4.1,36.32,-121.26,2.063
3.6106,18,4.39347,1.02644,1590,2.47278,33.92,-117.95,1.536
5.3064,15,6.42358,0.992453,3060,2.88679,38.66,-121.79,1.65
2.2538,7,3.22222,1.15904,1057,2.30283,34.95,-120.45,1.625
3.4375,21,4.80066,0.986857,2689,2.94524,33.82,-118.29,2.188
4.0313,13,5.07912,1.07423,3739,3.04976,34.21,-118.58,2.993
4.4477,4,5.75263,1.02526,2844,2.99368,33.17,-117.06,1.748
3.4955,15,3.70945,0.946524,1617,2.88235,33.77,-117.99,1.609
4.0398,23,5.15478,1.04696,3570,3.10435,33.77,-117.85,2.331
4.5125,35,5.36334,1.06752,807,2.59486,34.21,-118.5,2.003
3.6875,36,5.32753,1.01045,1271,4.42857,33.99,-118.1,1.752
6.4599,15,7.8125,1.02206,857,3.15074,38.07,-122.17,2.197
5.5842,13,5.03943,0.9319,737,2.64158,33.08,-116.77,2.391
7.0001,26,6.96016,1.03022,1996,2.74176,37.46,-122.26,5.00001
4.5,24,5.62823,0.998012,1462,2.90656,38.28,-122.26,1.583
2.189,40,5.21758,1.0989,1772,3.89451,34.07,-117.19,0.725
3.7619,47,4.99736,1.07652,1629,4.29815,34.04,-118.2,1.276
2.1217,38,5.55738,1.1541,1279,4.19344,33.73,-116.22,0.685
4.0256,28,5.96788,1.04925,1684,3.606,33.94,-117.49,1.271
3.75,28,5.13625,1.06427,1124,2.88946,34.11,-117.77,1.809
2.8519,17,5.04781,1.02988,1764,3.51394,37.43,-120.79,0.807
6.3669,47,6.52027,1.06419,692,2.33784,37.91,-122.27,3.155
6.3406,41,7.60177,1.0767,913,2.69322,38.58,-121.39,4.483
12.1387,23,8.26189,1.00732,3840,2.80907,37.36,-122.14,5.00001
2.2813,29,4.47634,1.14511,1696,5.35016,34,-118.25,1.013
3.1433,25,4.35545,1.16588,1014,1.6019,34.01,-118.52,5.00001
2.5885,52,4.84264,1.08629,1271,3.22589,34.01,-118.3,1.362
5,32,6.51139,1.02785,1128,2.8557,37.54,-122.01,2.876
3.0977,24,4.27608,1.07479,2360,2.17913,34.24,-118.54,2.64
2.5663,19,3.90043,1.07539,1396,1.98578,34.1,-118.13,1.975
4.475,5,5.62937,1,458,3.2028,32.81,-115.58,0.963
2.7401,41,5.412,1.144,751,3.004,33.94,-118.31,1.317
4.801,26,3.98123,1.08293,2937,1.77785,34.06,-118.47,5.00001
4.6625,11,5.23267,1.10933,3561,2.374,34.25,-118.52,2.909
2.0888,45,3.13093,1.13912,1552,2.5401,34.1,-118.33,2.375
2.225,41,5.15789,1.05263,68,3.57895,37.64,-122.42,2.125
8.5677,28,6.97073,1.01951,1498,2.43577,34.13,-118.37,5.00001
2.2552,14,2.42929,1.16919,2226,2.81061,34.07,-118.28,2.659
5.0166,21,5.32946,1.00388,728,2.82171,34.42,-118.48,2.29
3.7015,27,4.37604,1.08542,2372,2.20241,34.19,-118.31,2.879
1.75,45,4.20561,1.00935,1798,2.40053,37.93,-122.37,0.379
5.6022,31,6.21971,1.02669,1236,2.53799,38.04,-122.2,1.97
2.0368,37,5.66265,1.26506,522,6.28916,34.17,-119.11,2.438
4.1997,17,5.73276,1.06034,2866,3.08836,38.66,-121.76,1.334
3.9871,26,6.38722,1.02256,799,3.00376,34.87,-120.43,1.577
2.7118,25,3.841,1.23598,2723,2.27866,34.2,-118.47,2.817
7.4559,34,7.41806,0.956522,827,2.76589,37.39,-121.81,4.565
3.35,38,4.53292,1.02508,980,3.0721,33.8,-118.27,1.777
2.875,17,4.41704,1.04484,811,3.63677,32.56,-117.05,1.345
4.5417,33,5.70886,0.962025,1079,4.55274,34.06,-117.98,1.603
5,41,6.79012,1.02778,1476,2.27778,37.74,-122.13,2.489
3.556,52,4.34211,1.03947,841,2.21316,37.88,-122.29,1.793
5.5221,11,6.32249,1.00296,916,2.71006,34.63,-120.13,3.949
3.212,31,5.17328,0.968685,1346,2.81002,34.83,-114.61,0.704
2.1927,43,4.32995,1.01184,1820,3.07953,38.68,-121.77,1.079
4.0549,34,5.75885,1.0253,1464,2.4688,32.76,-117.01,2.237
5.878,39,6.3356,1.0068,1319,2.99093,33.82,-118.37,3.878
2.5664,52,4.35854,1.04146,1107,2.7,34.16,-118.13,2.15
4.89,9,7.26106,1.45575,1720,1.90265,33.46,-117.74,4.541
2.25,19,4.43671,1.02532,1327,4.19937,36.52,-119.28,0.532
2.227,30,3.7037,1.09804,1719,3.7451,34.06,-117.76,0.919
3.125,38,4.9,1.01,402,4.02,34.24,-118.41,1.759
5.4719,38,5.89008,0.957105,1228,3.29223,37.52,-122.28,3.979
8.9088,7,8.014,0.996705,4160,3.42669,33.89,-117.78,4.153
2.1827,52,4.34423,1.03269,957,1.84038,38.45,-122.71,1.888
3.9615,37,4.87921,1.03652,1061,2.98034,34.23,-118.43,1.737
1.8911,52,4.15176,1.10569,782,2.11924,38.56,-121.47,0.859
6.6659,7,6.53212,1.09455,2232,2.70545,37.23,-121.83,5.00001
5.0353,12,4.65755,1.0554,2516,1.81007,37.56,-122.29,3.058
1.875,30,5.66895,1.30822,1172,2.6758,34.17,-117.3,0.897
2.8482,39,4.14865,0.918919,1204,3.25405,37.48,-122.21,2.472
1.8704,20,6.26984,1.2619,753,2.9881,39,-122.85,0.885
3.625,25,5.30556,1.0216,1098,3.38889,34.09,-117.7,1.218
4.5625,40,4.125,0.854167,151,3.14583,39.05,-121.48,1
3.1576,47,5.33333,1.24359,419,2.6859,34.11,-118.07,2.25
2.4028,19,4.34783,0.917391,572,2.48696,34.1,-117.39,1.125
2.694,28,4.35252,1.08777,1328,1.91079,32.76,-117.14,1.641
3.6058,46,5.23465,1.07018,1181,2.58991,34.14,-118.19,2.579
2.8203,8,3.32584,0.930337,856,1.9236,37.41,-122.09,2.841
1.2813,26,3.18211,1.16294,366,1.16933,33.76,-118.08,0.467
3.1645,27,4.35938,1.06771,1427,2.47743,32.58,-117.13,1.56
3.4138,14,6.01203,1.06917,1509,2.26917,34.13,-117.2,1.267
3.3906,42,5.41697,1.0369,571,2.10701,38.53,-121.49,1.242
1.6531,30,3.70036,1.10702,2739,3.25684,33.98,-118.33,1.185
3.5972,52,6.21526,1.0109,839,2.2861,36.78,-119.81,0.899
2.5887,13,5.311,1.03349,602,2.88038,39.08,-121.1,1.444
6.8482,34,6.29672,1.03661,1463,2.81888,34.17,-118.62,3.083
4.7583,35,6.60943,1.04377,919,3.09428,34.23,-118.48,2.586
3.8125,35,4.90299,0.880597,328,2.44776,37.62,-122.04,2.042
2.3167,31,5.98065,1.17742,883,2.84839,40.57,-123.96,0.926
4.5553,37,5.95652,0.956522,632,2.49802,37.71,-122.16,1.91
3.1382,21,4.90767,1.00284,1605,2.27983,38.67,-121.32,0.916
2.725,23,5.63374,1.16869,1938,2.94529,34.01,-117.35,0.953
3.1573,12,4.9783,1.10651,2209,2.1785,37.96,-121.98,1.267
1.505,22,5.17751,1.10651,1113,3.2929,35.86,-119.46,0.427
3.3393,45,4.257,0.959288,1078,2.743,37.76,-122.5,2.723
13.367,37,8.70948,1.00306,852,2.6055,37.47,-122.18,5.00001
6.2475,12,7.42132,1.09898,1193,3.02792,33.31,-117.22,3.313
6.8112,25,7.07669,1.00797,2519,2.50896,33.98,-118.38,5.00001
2.6179,35,2.96901,0.979339,2113,4.3657,33.96,-118.22,1.588
5.2338,38,5.748,1.088,590,2.36,33.92,-118.41,3.58
8.3065,14,7.97998,1.05673,2782,3.09455,37.24,-121.88,3.942
6.0308,38,5.85778,1.05333,547,2.43111,33.82,-118.38,4.167
1.4028,37,4.59615,0.942308,308,5.92308,33.93,-118.23,1.054
2.2132,34,4.85804,1.0347,1037,3.27129,34.13,-117.91,1.385
3.4063,52,4.55819,0.95962,1483,3.52257,37.75,-122.41,2.539
2.5,21,4.08788,1.06667,1188,3.6,34.08,-118.1,1.821
1.6331,35,4.18293,1.09756,850,2.59146,38.61,-121.47,0.675
3.5909,25,4.05581,1.08446,1229,1.8537,34.05,-118.47,5.00001
2.5769,35,4.87009,1.06949,887,2.67976,37.95,-122.32,1.461
1.9427,42,4.13667,1.03,821,2.73667,37.78,-122.29,1.022
3.3214,42,4.45483,1.05296,1269,3.95327,33.96,-118.04,1.488
7.2707,8,6.77193,1.03947,1799,3.94518,37.33,-121.77,3.553
4.3523,42,5.58865,1.10993,697,2.47163,34.1,-118.06,2.836
1.5817,52,5.43802,1.17355,875,2.41047,37.85,-122.27,1.536
6.4744,23,8.11328,1.19531,705,2.75391,34.45,-119.78,5.00001
2.425,40,4.95039,1.08616,950,2.48042,33.74,-118.3,2.55
3.5357,22,4.8595,0.983471,1379,3.7989,34.05,-118.09,1.99
2.6613,26,5.19,1.00333,986,3.28667,38.49,-121.49,0.777
2.5556,27,1.875,0.875,332,2.96429,34.09,-118.32,1.75
3.2321,11,7.04147,1.15311,1520,2.42424,38.71,-121.19,3.908
4.0603,37,6.16467,1.04491,825,2.47006,33.83,-118.1,2.252
3.6435,18,3.25806,1.07258,866,1.74597,33.89,-117.88,1.191
3.1875,46,5.36066,1.13115,576,2.36066,34.08,-117.32,0.84
3.1523,14,5.22669,1.01291,2070,2.96987,37.53,-120.84,1.418
3.1691,16,3.27438,1.01134,2329,5.28118,33.74,-117.88,1.594
2.5547,36,3.64754,0.985246,2755,4.51639,33.94,-118.35,1.504
0.536,52,5,1,13,2.6,32.75,-117.19,1.625
5.2719,46,5.4067,1.09569,698,3.33971,34.07,-118.11,2.444
5.6263,39,5.68928,1.03392,1833,2.48711,37.97,-122.54,3.521
5.0126,16,5.91444,1.04278,505,2.70053,39,-121.1,1.923
6.799,21,7.07745,0.998279,1886,3.24613,33.69,-117.97,2.92
2.6385,26,3.67603,0.984881,2776,5.99568,33.73,-117.86,1.802
2.1908,46,5.52399,1.14022,787,2.90406,34.83,-114.6,0.481
6.6009,49,6.7218,1.00376,735,2.76316,34.16,-118.19,3.757
6.02,19,5.36879,1.04965,361,2.56028,33.87,-118.37,3.042
3.25,36,4.21114,0.988399,1280,2.96984,37.68,-122.07,2.181
2.9583,50,5.38028,1.11737,579,2.71831,33.98,-118.06,1.726
2.1524,36,3.65312,1.22206,2446,3.55007,34.09,-118.31,1.875
10.2666,24,8.06355,1,847,2.83278,37.26,-122.02,5.00001
7.7814,10,7.66595,1.05139,1688,3.61456,33.65,-117.63,2.887
8.5407,22,7.36685,0.956522,1305,3.5462,33.81,-118.07,3.988
4.2917,33,5.24514,1.01167,1098,4.27237,34.04,-118.05,1.612
1.125,18,4.54911,1.14675,1832,2.16805,38.94,-122.63,0.818
3.6995,38,5.2885,0.958785,1308,2.83731,34.1,-118.06,2.601
4.2011,41,5.0542,1.06233,825,2.23577,38.01,-122.68,2.554
3.2617,10,3.92914,1.0519,2032,2.02794,37.45,-121.92,2.522
3.0375,48,4.57522,1.09513,946,2.09292,37.34,-121.93,2.185
2.295,32,3.69536,1.08609,1265,4.18874,33.95,-118.21,1.552
2.7031,36,4.51227,1.10429,1182,3.62577,37.32,-121.87,1.758
2.3929,15,4.4938,1.00744,718,1.78164,38.46,-122.68,1.413
5.0106,33,4.29001,1.06337,1647,1.76907,33.81,-118.44,5.00001
6.5006,16,7.445,1.0275,1531,3.8275,38,-122.25,2.377
5.3836,33,6.59167,1.06667,771,3.2125,33.88,-117.89,2.296
3.2708,46,4.61161,0.995536,462,2.0625,33.53,-117.77,3.847
4.0625,23,5.18045,1.01128,767,2.88346,32.85,-116.92,1.45
1.4886,35,3.30496,1.04255,1153,4.08865,33.99,-118.27,1
1.4034,52,3.56716,1.10116,1146,1.9005,38.58,-121.49,0.903
0.4999,23,6.05455,1.67273,198,3.6,36.09,-119.99,1
1.6319,28,2.53232,1.11279,3199,4.40028,34.05,-118.21,1.516
4.0132,26,5.90411,0.928767,956,2.61918,38.33,-122.31,1.747
5.2596,16,6.05671,1.02268,1818,3.43667,33.02,-116.88,1.715
3.7614,37,3.94118,1.05294,1008,2.96471,34,-118.43,3.143
3.6696,19,4.86881,1.20545,1251,3.09653,33.71,-117.99,2.188
4.1346,26,5.62651,1.12048,244,2.93976,37.48,-121.02,1.875
3.7813,52,5.05776,1.0264,1405,2.31848,37.75,-122.41,2.759
2.1518,44,5.14436,1.0315,1286,3.37533,36.73,-119.77,0.53
4.8,20,5.43023,1.10465,229,2.66279,37.08,-122.04,2.615
4.2297,47,3.87374,1.05764,1808,1.65416,37.45,-122.16,4.25
5.7528,27,6.43736,1.02733,1259,2.86788,37.32,-122.04,4.314
4.8283,4,6.79589,1.05337,5804,3.40411,34.13,-117.42,1.419
2.1782,29,5.32615,1.19677,1254,3.38005,33.88,-118.21,1.268
3.875,33,4.50909,1.08409,1764,4.00909,33.8,-118.22,1.651
2.5417,45,5.0094,0.984326,771,2.41693,34.14,-117.29,0.829
2.6591,33,5.11074,1.31208,753,2.52685,34.11,-118.18,1.838
3.1004,26,3.41408,1.08075,1332,2.75776,34.15,-118.23,2.571
1.9718,46,4.25287,1.02874,1511,4.34195,34.05,-117.75,1.106
2.5363,44,4.40838,1.01047,1423,2.48342,33.97,-118.33,1.588
4.1576,19,5.78824,0.952941,1225,2.88235,37.4,-118.43,1.415
2.2462,52,5.69263,1.16714,1728,2.44759,41.32,-122.09,0.629
3.016,32,4.2,0.898701,1153,2.99481,34,-117.42,0.966
3,18,4.45614,0.912281,393,3.44737,36.96,-120.16,1.563
2.0134,23,4.04615,1.16923,245,1.88462,38.3,-122.28,1.425
7.218,29,6.59423,1.00769,1518,2.91923,37.3,-122,4.007
2.166,18,4.80206,1.15103,2203,2.52059,37.68,-120.98,1.186
6.0661,24,6.32979,0.981763,2194,3.33435,34.27,-119.17,2.348
4.1727,10,4.1015,0.977444,517,1.94361,34.15,-118.45,3.326
2.3125,44,4.39949,1.05344,1240,3.15522,37.78,-122.21,1.028
5.0415,29,6.55556,1.04082,1012,2.29478,38.46,-122.7,2.402
2.9194,41,4.21192,1.11038,1557,3.43709,34.12,-118.2,1.62
2.5685,26,4.51778,1.02889,618,1.37333,33.61,-117.72,0.804
8.3014,21,6.23814,0.97188,2401,2.10984,37.86,-122.22,3.585
4.7845,37,5.53552,1.08743,493,2.69399,33.81,-118.13,2.314
2.125,40,4.05677,1.12227,576,2.51528,38.14,-121.27,1.375
2.5625,23,4.58909,1.06909,5176,18.8218,32.56,-116.97,1.533
3.6445,17,5.84,1.06207,2191,3.02207,32.83,-116.85,1.976
2.875,37,4.40075,0.973783,951,3.5618,37.96,-121.24,0.577
3.6827,34,5.19751,1.14057,1541,2.74199,34.12,-118.08,2.641
3.0788,44,4.59437,0.952113,1197,3.37183,33.94,-118.28,1
4.5859,17,4.43333,0.884848,695,2.10606,37.7,-122.14,1.872
3.7206,12,6.4693,1.06035,3771,3.92404,38.04,-121.35,1.46
1.365,40,4.75668,1.10979,1026,3.04451,35.37,-118.96,0.543
6.2787,18,7.30713,1.01332,4439,2.95736,32.81,-116.99,2.5
4.0114,30,4.87846,0.955224,1240,2.64392,32.83,-117.19,1.698
4.0433,16,5.74219,1.01953,748,2.92188,38.34,-121.99,1.322
2.1038,24,5.01595,1.07289,1052,2.39636,36.3,-119.77,0.62
2.8426,10,4.89724,1.11529,1898,2.37845,38.67,-121.32,1.306
1.7019,26,4.32632,1.2,448,4.71579,33.75,-117.87,3.5
4.6028,18,6.31631,1.15521,1618,3.17878,32.99,-117.09,2.168
3.9643,46,5.52632,1.05263,69,3.63158,34,-118.41,2.75
8.093,29,7.99551,1.00449,1097,2.46517,32.77,-116.98,3.796
1.5743,31,4.54487,0.980769,1219,3.90705,35.36,-118.97,0.467
2.3221,44,4.74336,1.05531,1760,3.89381,33.96,-118.2,1.616
2.3319,13,5.45612,1.12026,2243,2.43012,38.7,-120.79,1.385
2.2042,22,3.55452,1.03427,1189,3.70405,34.01,-118.11,1.625
3.6802,6,4.20022,1.0885,2437,2.6958,37.31,-121.87,1.524
2.8875,17,5.67654,1.12528,1278,2.91116,32.82,-116.92,1.557
4.4896,35,5.54043,1.05319,1465,3.11702,33.9,-118.11,1.846
2.871,31,3.55268,1.038,2397,4.1399,34.22,-118.46,1.844
4.5682,21,5.90598,1.01709,1044,2.97436,37.01,-121.97,3.716
2.0353,32,4.70686,1.19149,1139,2.69267,37.96,-122.35,1.136
3,37,4.89062,1.04297,686,2.67969,38.68,-121.17,1.219
4.9886,8,7.05067,1.11415,5810,3.38381,33.98,-117.47,1.581
2.3611,28,3.73962,0.962264,1145,4.32075,34.05,-118.02,1.67
1.9688,43,4.74066,0.993776,1169,2.42531,40.79,-124.17,0.705
3.1929,27,4.12291,0.98324,1156,3.22905,36.21,-121.13,1.379
3.0729,37,5.39649,1.04561,867,3.04211,32.62,-117.09,1.287
3.6484,31,4.68139,1.03155,927,2.92429,34.09,-117.87,1.896
5.7579,17,5.98197,0.994452,2629,3.64632,37.58,-122.01,2.318
1.9219,52,3.81979,1.09894,904,3.19435,34.12,-118.18,1.651
8.0331,34,7.91031,1.08969,692,3.10314,37.26,-122.02,5.00001
1.2347,16,3.66667,1.08251,930,3.06931,32.75,-117.08,1.281
4.6641,29,6.01197,1.10256,1724,2.94701,37.54,-121.95,2.489
4.6528,27,5.01897,0.968966,1773,3.0569,34.28,-118.71,1.866
3.9167,34,5.85141,0.971888,735,2.95181,37.63,-122.09,1.895
1.875,33,141.909,25.6364,30,2.72727,38.91,-120.1,5.00001
5.9073,35,5.83734,0.97454,1596,2.25743,37.89,-122.53,4.004
3.3182,35,3.90476,0.789116,610,4.14966,33.91,-118.15,1.333
2.3886,16,5.25472,1.16226,1387,2.61698,39.37,-121.24,0.894
3.5278,48,5.09811,1.01887,650,2.45283,37.76,-122.49,3.398
5.0016,19,5.53143,1.02969,6370,3.7078,34.19,-119.2,2.185
0.6831,37,3.90483,0.98243,2865,4.19473,33.95,-118.23,0.875
4.5,17,5.98618,0.97235,825,3.80184,37.3,-121.83,2.358
2.084,39,3.61102,1.08848,1153,1.92487,35.29,-120.66,2.333
3.0625,37,5.275,0.9875,211,2.6375,32.8,-117.16,1.597
3.4811,44,5.01112,0.994438,2296,2.55395,34.17,-118.1,3.005
7.8195,16,8.60235,1.05872,2142,3.59396,33.7,-117.98,3.905
6.2953,26,6.8239,1.09119,849,2.66981,37.92,-122.49,3.862
1.9219,31,3.8714,1.08637,2063,3.95969,33.97,-118.28,1.07
2.9453,28,5.34304,0.987055,780,2.52427,36.81,-119.72,0.722
2.2029,51,5.6784,1.14085,1284,3.01408,36.76,-119.81,0.542
5.6494,34,6.13165,0.936709,1010,2.55696,37.28,-121.93,3.762
2.983,45,5.63306,1.02016,555,2.2379,37.72,-122.14,2.027
4.3646,42,5.33617,0.957447,929,3.95319,33.89,-118.21,1.162
4.0625,31,5.50562,1.06742,1356,3.80899,33.82,-118.01,2.259
1.7716,29,4.13162,1.07725,2949,4.21888,35.24,-118.91,0.455
4.8519,46,5.47098,1.05357,1163,2.59598,37.32,-121.94,2.258
4.1603,17,4.39073,0.907285,1401,3.09272,33.7,-117.98,1.605
3.9265,39,5.88571,1.09143,537,3.06857,37.27,-121.94,2.369
1.0898,45,3.32766,1.14894,1030,4.38298,34.01,-118.25,0.934
2.5459,22,3.51224,1.00759,1804,1.52236,37.94,-122.05,1.793
2.8393,41,4.75418,1.00477,1006,2.40095,35.42,-119.05,0.57
2.0221,25,4.7286,1.01457,1536,2.79781,40.45,-122.31,0.604
2.0139,17,3.64252,1.07944,821,1.91822,32.76,-117.12,1.5
3.1034,29,4.59722,1.03704,2013,4.65972,34.11,-117.95,1.408
4.075,49,5.36131,1.07925,1061,2.47319,38.23,-122.64,2.288
4.6861,16,5.49426,1.05492,7030,2.88115,34.44,-118.45,1.879
5.5073,16,5.17254,1.03697,1718,3.02465,37.41,-121.86,1.789
1.8542,22,4.78912,1.19388,636,2.16327,37.26,-121.96,3.333
6.9414,52,8.06719,1.06719,671,2.65217,37.9,-122.27,4.175
2.125,41,4.78261,1.10145,776,3.74879,33.89,-118.22,1.202
5.828,41,6.14082,0.983673,1053,2.14898,37.91,-122.28,3.244
4.4107,23,5.607,1.0175,2082,2.80215,34.42,-118.49,2.134
2.3578,31,5.29039,1.08589,1227,2.5092,34.1,-117.36,0.886
2,37,3.72961,1.03433,1040,4.46352,33.94,-118.24,0.842
1.4722,27,3.98315,1.17603,1970,3.68914,34.06,-117.71,0.913
3.5234,52,4.57708,1,528,2.08696,33.99,-118.46,3.347
4.0417,43,5.2,1.01695,826,2.8,37.74,-122.16,1.094
4.1523,34,4.64151,1.09434,926,2.49596,34.22,-118.24,2.52
4.9984,12,6.18806,1.0199,4285,2.94097,33.95,-117.51,1.691
3.7083,14,6.30409,1.52632,382,2.23392,36.42,-121.91,2.1
4.0039,36,5.06276,0.987448,981,4.1046,37.48,-122.14,1.489
2.3108,28,5.13436,1.01152,1392,2.67179,36.76,-119.71,0.72
4.7961,4,4.82517,1.12587,755,2.63986,33.12,-117.29,1.688
1.689,31,3.80071,0.964413,1091,3.88256,33.97,-118.28,1.026
1.5882,50,4.59934,1.2053,976,3.23179,34.05,-118.32,3.273
3.3333,42,4.68977,1.08911,659,2.17492,37.35,-121.95,2.379
3.125,9,6.65775,1.25134,517,2.76471,38.94,-122.69,0.934
4.9239,35,5.97561,0.979675,885,3.59756,34.12,-117.89,1.688
4.25,10,5.3014,1.00998,1349,2.69261,35.61,-117.64,0.832
3.7083,10,5.7036,1.06396,3419,3.08018,38.46,-121.82,1.548
5.3922,26,7.08586,0.94697,1617,4.08333,37.64,-122.46,3.537
2.2125,42,5.85522,1.24579,1104,3.71717,33.89,-118.21,1.207
2.4612,45,4.37047,1,1203,3.35097,34.03,-118.14,1.805
3.293,31,4.78868,1.04151,1581,1.98868,37.98,-122.55,3.375
4.2188,28,6.13201,0.994575,1546,2.79566,38.66,-121.3,1.392
6.0097,12,7.04706,1.02353,443,2.60588,38.76,-121.29,1.875
4.1118,5,4.9901,1.29593,2485,2.73377,34.05,-117.8,1.259
3.0521,36,3.76955,1.10905,934,1.92181,34.11,-118.27,2.766
8.3678,34,7.8603,1.04426,1962,2.71369,37.91,-122.12,4.553
2.2583,42,3.76176,1.05294,1254,3.68824,37.33,-121.89,1.925
2.4297,33,3.9566,1.02604,1250,2.17014,32.76,-117.12,1.39
5.4051,27,5.74755,0.972603,1454,2.8454,37.27,-121.99,2.735
4,37,4.15902,1.07595,2128,1.68354,37.45,-122.18,3.943
3.9837,31,5.01865,1.04448,2098,3.01004,33.87,-118.09,2.46
3.2284,18,4.21909,1.04896,3663,4.48348,34.25,-118.41,1.571
7.642,31,6.74301,1.06119,1695,2.96329,34.24,-118.23,3.964
3.9417,42,5.07485,1.03293,719,2.15269,37.94,-122.33,1.391
2.5432,29,3.41357,1.08579,2030,2.59923,33.89,-118.12,1.809
4.875,15,6.72083,1.2625,702,2.925,32.91,-117.15,1.693
3.0568,19,4.2679,0.988453,1130,2.6097,38.47,-122.67,1.903
3.7237,15,4.69591,1.09649,784,2.2924,32.8,-117.13,1.083
1.8095,25,4.1708,0.966423,2076,3.03066,39.28,-121.64,0.641
2.621,28,4.79015,1.0211,1973,2.31301,34.1,-117.76,2.022
4.6875,18,6.34657,1.03249,987,3.56318,32.72,-117.07,1.418
5.8904,24,6.65184,1.02761,1936,2.96933,37.23,-121.86,2.714
2.433,33,5.33498,1.06897,562,2.76847,38.36,-121.98,1.017
6.1463,6,7.18126,1.13849,1378,2.80652,37.3,-121.76,3.355
3.5464,15,5.06509,1.0434,4390,2.80153,38.24,-122.07,1.298
1.9832,26,4.92814,1.06188,1068,2.13174,34.16,-117.28,1.221
2.4583,31,5.32593,1.18519,816,3.02222,34.65,-120.47,1.281
1.5,12,4.17698,1.16955,2357,2.91708,32.71,-117.09,1.063
3.9583,52,8.16981,1.30189,147,2.77358,34.23,-118.12,1.625
15.0001,40,9.80233,1.13566,831,3.22093,37.46,-122.18,5.00001
4.0714,9,6.67928,1.08468,1601,2.88468,38.65,-120.97,3.006
6.6458,31,5.96599,0.994898,1957,3.32823,34.28,-118.49,2.855
3.8117,14,5.01811,1.0143,3278,3.12488,35.33,-119.06,0.828
4.7193,15,6.65714,1.06071,2419,2.87976,34.01,-117.01,1.352
1.0467,33,3.80622,1.11483,1000,2.39234,38.61,-121.44,0.701
1.1386,52,3.91494,1.14943,952,2.18851,40.8,-124.16,0.741
2.5592,37,4.73397,1.02885,888,2.84615,38.52,-121.45,0.703
3.0625,33,4.33803,1.10387,2932,5.16197,34.05,-118.02,1.658
3.3922,26,3.86275,1.0098,620,2.02614,37.28,-121.98,2.691
4.8233,8,6.06136,0.959732,2969,2.8466,38.37,-122.69,2.14
3.6382,25,7.77219,1.14497,1059,3.13314,34.66,-118.23,1.382
4.2813,52,5.41063,1.04348,1232,1.9839,37.88,-122.27,2.849
5.133,17,6.3345,1.04553,1176,2.05954,33.51,-117.72,3.24
4,35,4.9381,0.985714,552,2.62857,37.71,-122.12,1.679
3.6619,17,4.88588,0.964972,1656,1.87119,37.4,-122,2.324
4.3846,15,6.2636,1.04603,827,3.46025,33.14,-117.08,1.542
1.9528,13,4.23143,1.12911,2149,2.61754,37.32,-120.49,0.853
4.1947,26,4.97496,1.10016,2142,3.35211,37.53,-121.98,2.227
1.4923,31,4.59284,1.04027,1193,2.6689,40.07,-122.14,0.444
2.7386,12,5.30516,1.22064,3015,2.68238,33.21,-117.34,2.161
2.2031,22,3.82415,1.00787,2962,3.88714,37.35,-121.84,1.64
4.0625,11,5.71429,0.993304,952,2.125,33.15,-117.29,0.875
2.9392,46,3.8774,0.951923,966,2.32212,34.13,-118.27,2.303
6.0591,19,6.39744,0.968661,2457,3.5,33.87,-117.81,2.335
2.25,10,5.42857,1.26531,154,3.14286,39.1,-122.33,0.75
7.598,21,6.56216,1.03784,500,2.7027,37.27,-121.99,3.478
4.1164,52,5.48544,1.00971,994,2.41262,37.73,-122.16,1.982
4.25,18,6.22236,1.02609,2497,3.10186,37.32,-120.61,1.463
3.5455,34,5.63761,0.986239,1035,4.74771,33.84,-117.95,1.8
6.1949,26,6.84498,1.04803,1474,3.21834,34.19,-118.86,2.435
2.5357,33,5.58511,1.15603,879,3.11702,34,-117.06,0.944
1.8039,42,3.54373,0.965779,900,3.42205,37.77,-122.19,0.923
3.2434,42,5.4015,1.05714,1625,2.44361,37.67,-122.13,1.799
5.0092,17,6.117,1.02028,1895,2.95632,36.82,-121.66,2.387
2.6292,47,3.69314,1.06137,1213,2.18953,37.8,-122.24,1.827
2.9708,27,5.49458,1.12364,1371,2.97397,36.04,-120.14,0.609
2.9444,17,5.36567,1.20896,675,2.51866,38.89,-120.81,1.193
2.5164,30,4.456,1.25067,760,2.02667,36.6,-121.88,1.781
2.825,39,4.5309,1.06742,1113,3.1264,33.99,-118.4,2.767
4.3571,20,6.21277,1.06383,1679,2.74795,37.96,-122.1,2.282
3.748,18,6.213,1.188,2679,2.679,34.15,-119.23,3.804
4.0727,18,3.95785,1.07963,2276,2.66511,33.9,-118.36,2.14
4.9444,12,12.4474,2.21053,1179,2.06842,33.79,-116.42,2.85
4.0962,20,4.03409,1.06818,363,2.0625,37.29,-121.94,2.141
4.8889,5,6.15876,0.942268,1821,3.75464,34.11,-117.39,1.389
5.6986,20,5.67705,1.08411,2310,2.39875,37.9,-122.04,2.758
2.7368,23,4.95644,1.05347,1735,3.43564,33.92,-118.29,1.628
4.8229,20,5.57143,1,149,3.04082,37.78,-121.23,1.583
1.925,20,5.54962,1.24427,624,2.38168,33.57,-114.57,0.655
1.7981,41,3.29659,1.02625,1511,3.96588,34.02,-118.16,1.66
2.425,16,5.08,1.18667,182,2.42667,33.86,-116.08,0.761
3.4193,45,4.53707,1.00601,1970,3.9479,33.73,-117.87,1.77
9.4356,8,6.55882,0.911765,188,2.76471,33.55,-117.43,4.656
6.5954,17,7.68302,1.02642,713,2.69057,33.44,-117.61,3.462
5.7018,24,6.49023,1.01955,2286,3.43759,33.83,-118.05,2.867
2.9821,28,5.91481,1.00131,1593,2.08781,35.39,-119.03,1.187
5.997,19,5.80502,1.03636,3963,2.48464,34.22,-118.35,2.287
4.1328,52,6.71014,1.03188,894,2.5913,34.07,-118.35,5.00001
1.5407,10,4.46154,1.02941,1469,3.32353,36.21,-119.11,0.584
2.4432,24,3.39917,1.05405,2480,5.15593,33.96,-118.16,1.875
1.6571,34,4.45498,1.08768,1358,3.21801,37.94,-122.35,1.052
6.1825,27,6.75664,0.973451,756,3.34513,34.3,-118.7,2.27
2.5792,16,4.91471,1.04118,935,2.75,35.12,-120.61,1.638
6.7962,4,6.20594,1.02412,1525,2.82931,33.67,-117.8,3.291
1.6607,20,4.625,0.984756,1287,3.92378,38.64,-121.46,0.67
2.4049,31,3.54023,1.10658,3558,3.71787,33.97,-118.17,1.59
5.1602,16,4.28049,1,674,1.6439,37.34,-122.03,2.312
3.875,15,5.05841,1.07577,3359,2.65114,34.1,-117.87,1.733
2.4233,5,4.36111,0.888889,880,3.05556,33.69,-117.81,4.5
3.15,35,5.23684,0.868421,313,2.05921,37.74,-121.42,1.532
4.4286,6,4.20317,0.978892,832,2.19525,33.7,-117.79,2.395
2.7714,38,4.20161,1.16532,773,3.11694,37.95,-122.36,1.047
3.0257,52,4.04695,1.00939,994,4.66667,37.78,-122.23,0.808
2.7399,15,6.21891,1.14594,1444,2.39469,38.39,-120.62,1.348
4.1312,35,5.88235,0.97549,1218,2.98529,33.93,-118.02,1.938
5.4746,30,5.99875,1.04266,2568,3.22208,33.84,-118.03,2.264
5.4087,25,5.8435,0.973475,1194,3.16711,34.26,-119.2,2.232
1.3708,8,3.88957,1.03067,1237,3.79448,39.53,-122.23,1.25
4.7024,21,5.22392,1.25014,3162,1.72693,33.63,-117.88,3.454
2.1944,52,5.07429,0.96,360,2.05714,37.8,-122.24,2.115
10.1447,26,7.20341,0.995455,2540,2.88636,33.77,-118.37,5.00001
2.1435,52,2.80952,1,1920,2.53968,34.06,-118.31,3.289
3.8583,11,5.83259,1.02315,3570,3.17898,38.25,-122.01,1.379
3.375,26,5.36949,1,846,2.8678,38.33,-122.7,1.563
2.85,15,2.83952,1.00093,2173,2.01577,34.19,-118.58,1.875
1.6625,43,3.85,1.01176,1182,3.47647,33.94,-118.27,0.887
3.89,36,5.80547,1.06991,1593,4.84195,33.72,-117.88,1.7
2.3352,34,3.45714,0.88254,995,3.15873,33.94,-118.29,1.077
3.0903,42,3.43077,0.913846,1412,4.34462,33.94,-118.22,1.535
1.5608,31,3.9715,0.935233,1518,3.93264,36.4,-119.1,0.517
2.5625,38,8.08531,1.68246,506,2.3981,38.93,-123.53,1.656
2.8529,35,4.93318,1.00922,1053,2.42627,40.77,-124.16,0.856
3.9607,18,5.8327,1.04563,741,2.81749,38.12,-121.29,1.325
4.8526,16,5.95307,1.00361,993,3.58484,33.14,-117.13,1.707
4.3419,22,5.68868,1.09623,2491,4.7,37.32,-121.84,1.763
2.3674,18,5.34845,1.11134,817,1.68454,33.68,-117.96,2.192
3.1929,26,4.31187,1.08048,2806,1.88196,34.17,-118.39,2.652
5.5875,9,7.59367,1.06464,2158,2.84697,34.51,-117.23,1.678
2.1418,13,4.62056,1.13832,1737,2.20431,37.32,-120.48,1.306
0.8571,21,1.62963,1.22222,64,2.37037,32.79,-114.65,0.25
5.4063,36,5.37865,1.01124,2039,2.29101,37.41,-122.13,4.409
4.0882,52,4.31263,1.01656,1224,2.53416,37.79,-122.44,4.688
3.0635,8,3.48071,1.00742,3842,5.7003,33.75,-117.91,1.6
4.2759,33,5.51312,0.973761,932,2.7172,33.81,-117.94,2.38
2.5033,44,4.10619,1.01991,1853,4.09956,34.06,-118.17,1.319
2.4952,32,4.00123,1.10494,1592,1.96543,34.1,-117.72,1.818
4.5382,39,4.97256,0.981707,1034,3.15244,33.92,-118.08,1.657
2.2045,41,5.12222,1.18889,284,3.15556,39.48,-121.55,0.418
4.8152,21,6.34907,1.03204,1722,2.90388,33.19,-117.21,2.185
3.7768,5,5.80204,1.07278,1887,2.74672,38.54,-122.79,2.138
3.2964,5,5.34444,1.01,2242,2.49111,38.68,-120.98,1.769
3.3937,52,4.09572,1.10781,2280,2.11896,37.76,-122.42,2.7
2.4398,22,5.50311,1.07453,595,3.69565,37.09,-120.65,1.5
6.2308,2,8.80101,1.3738,5964,3.00453,33.87,-117.64,2.579
5.1681,52,6.91342,1.03896,566,2.45022,37.73,-122.48,5.00001
4.1552,43,4.96418,0.985075,935,2.79104,37.74,-122.41,2.409
2.9205,31,4.01271,1.09322,1612,2.27684,33.94,-118.14,1.966
6.6087,31,6.5,0.968468,627,2.82432,37.34,-122.05,4.165
6.541,21,7.20244,1.02195,1397,3.40732,34.16,-118.95,2.915
4.0469,45,4.125,0.95,282,3.525,37.75,-122.18,0.807
4.9676,34,5.43099,1.07506,973,2.35593,34.02,-118.42,4.141
3.3482,30,5.68041,0.979381,800,2.74914,37.67,-121.09,2.2
5.2528,25,5.66298,1.03867,1633,3.00737,37.27,-121.98,2.694
4.5656,20,5.14741,1.06109,1334,1.77158,34.15,-118.45,4.784
2.6176,17,5.36134,1.01681,927,3.89496,36.72,-119.82,0.541
2.1875,49,4.57143,1,14,2,34.04,-118.44,2.25
7.0113,16,6.68617,1.07447,2196,3.89362,33.85,-118.07,3.197
0.7445,19,3.56757,1.04505,641,2.88739,36.33,-119.29,1.125
3.5625,27,4.05514,1.04261,2230,2.79449,37.36,-121.95,2.086
2.4375,27,3.16506,1.13953,4165,2.36245,37.46,-122.14,1.89
3.8875,34,4.46735,0.993127,650,2.23368,34.26,-118.47,1.992
3.6719,48,5.48511,1.19149,782,3.32766,37.72,-122.43,2.598
2.1162,35,3.62274,1.03069,1513,2.73105,34.05,-118.31,2.292
6.1834,16,8.26325,1.0265,1902,3.36042,33.09,-117.04,3.356
5.3077,18,6.06577,1.11973,1321,2.22766,37.29,-121.91,3.514
3.1025,28,4.85446,1.14867,1623,2.53991,38.12,-122.26,1.037
5.0861,35,6.05172,1.11034,774,2.66897,33.95,-118.01,2.967
3.5958,29,5.1963,1.02222,1242,2.3,36.8,-119.81,0.888
2.2258,25,3.58159,1.0272,1807,3.78033,34.06,-117.78,1.148
3.0313,43,6.35,1.11667,259,4.31667,33.97,-118.22,1.661
3.851,10,4.93679,1.03593,6474,2.94407,33.97,-117.71,1.372
3.0703,16,5.71065,1.02067,1740,2.7663,38.7,-121.32,1.26
3.7019,37,4.51439,0.856115,671,2.41367,32.78,-116.97,1.386
3.463,8,6.36364,1.1663,1307,2.898,39.08,-121.04,2.017
3.2228,28,3.58004,1.11435,1161,2.41372,34.03,-118.39,2.325
3.1446,13,3.28482,1.03934,2257,1.77577,34.22,-119.06,1.771
2.1979,25,3.73504,1.06838,1193,3.39886,32.8,-115.56,0.639
1.3221,30,5.38353,1.11529,1435,3.37647,36.81,-119.88,0.612
2.5013,52,3.10433,1.0893,2452,2.16799,37.79,-122.42,2.75
3.0224,7,7.14979,1.31013,1268,2.67511,37.33,-119.62,1.478
4.5427,16,3.86326,1.12604,1637,1.94649,37.35,-121.99,1.984
5.2017,24,6.21978,1.08791,676,2.47619,33.91,-117.93,3.646
3.6788,5,5.0427,1.18379,2933,1.81498,38.61,-121.53,1.788
2.1136,40,3.50445,0.994065,1441,4.27596,34.06,-118.2,1.118
2.9344,36,3.98672,1.0797,1756,3.33207,34.03,-118.38,2.221
3.038,31,3.46844,0.946844,762,2.53156,36.6,-121.86,1.953
4.0431,9,5.74082,1.00408,1144,2.33469,34.96,-120.38,2.268
3.1534,20,5.44498,1.05742,459,2.19617,38.83,-122.21,1.234
4.1293,3,5.22115,1.01603,1005,3.22115,32.87,-115.6,0.832
4.175,18,5.70937,1.00712,2333,2.7675,38.4,-121.36,1.444
2.5972,29,4.03797,0.89557,1216,3.8481,34.08,-117.71,1.343
6.0715,24,6.78205,0.948718,676,2.88889,34.04,-117.2,1.734
2.7305,16,5.29866,1.09732,934,3.13423,34.9,-117.16,0.738
3.2833,9,9.62843,2.11721,825,2.05736,33.7,-116.22,1.247
4.5759,43,4.72848,1.07616,836,2.76821,34.23,-118.26,2.092
2.6101,27,3.92142,1.09759,1364,1.72877,37.71,-122.14,1.817
4.0893,38,3.81443,0.881443,599,3.08763,33.99,-118.42,2.489
4.747,12,5.63656,1.03414,5674,3.12445,37.24,-121.77,2.611
4.0083,37,4.98966,1.06552,1279,4.41034,34.13,-117.98,1.429
2.588,40,5.09375,1.09375,607,2.37109,34.13,-117.86,2.095
4.2986,36,6.03673,1.02449,741,3.02449,34.08,-117.92,1.896
2.5893,33,3.8908,1.04598,984,5.65517,33.91,-118.23,0.889
2.3098,39,3.78241,1.00154,2536,3.91358,34.07,-118.04,1.731
2.6036,29,3.3277,1.02341,1886,2.45254,34.25,-118.28,1.621
3.3702,52,4.52732,1.05718,1712,2.17535,37.77,-122.43,3.357
1.7542,31,3.15972,1.14306,2189,3.04028,34.08,-118.31,2.875
3.15,52,4.76571,1.06286,494,2.82286,37.86,-122.27,2.063
5.0362,19,4.49174,1,1645,3.39876,37.44,-121.91,2.551
3.0119,22,3.77201,1.08352,1005,2.26862,34.15,-118.12,1.714
0.9889,40,3.61111,1,1068,3.95556,33.93,-118.25,0.875
6.5842,35,5.76266,1.06013,727,2.30063,33.62,-117.92,4.585
6.5571,10,6.46142,1.06231,2030,3.01187,34.13,-118.76,5.00001
3.6486,29,4.29825,1.03509,2175,3.17982,33.89,-118.35,2.29
1.5357,35,4.8105,1.13703,1145,3.33819,35.34,-119.02,0.565
2.3277,52,3.58756,0.976959,1580,3.64055,37.35,-121.87,1.837
5.928,6,5.73992,1.05743,4783,2.64108,33.65,-117.68,2.399
4.35,44,5.17949,1.07692,142,3.64103,39.17,-122.91,0.683
3.3906,15,4.02361,1.01111,2340,3.25,37.67,-122.48,3.037
5.3168,18,6.63889,1.08333,92,2.55556,37.53,-120.88,1.75
3.6875,47,5.97742,1.1129,757,2.44194,34.18,-118.23,4.22
4.7685,5,4.33135,1.0951,3959,1.96087,37.39,-122.04,2.801
2.7463,18,5.12202,1.00796,1271,3.37135,38.95,-121.08,1.561
0.8952,9,4,1.14035,438,3.84211,33.94,-118.28,0.813
4.6635,28,6.41727,1.11871,735,2.64388,37.64,-122.1,2.067
3.7772,26,5.41241,1.07724,2332,3.21655,33.85,-117.88,2.239
3.0446,26,5.65753,1.11301,790,2.70548,39.5,-121.44,0.908
4.2589,20,5.0614,1.01096,2223,4.875,37.29,-121.83,1.91
2.6051,45,3.96145,1.09751,1680,3.80952,34.09,-118.23,1.555
4.2778,16,6.18837,0.98892,1150,3.1856,36.31,-119.3,0.973
2.275,28,4.21855,1.11321,2047,3.21855,34.02,-117.34,0.854
5.8416,25,7.27338,1.06115,639,2.29856,38.57,-121.4,2.976
3.9545,26,5.87773,1.02766,2065,3.00582,32.75,-117.01,1.781
7.1463,31,6.53463,1.01515,1349,2.91991,34.24,-118.24,3.941
3.6028,33,5.06015,1.06122,2984,3.20516,33.93,-118.02,1.847
7.0907,22,7.50854,0.986717,1774,3.36622,33.69,-117.98,3.502
2.3917,31,5.16923,1.08718,453,2.32308,38.13,-121.29,1.135
0.9817,32,3.22715,0.99169,997,2.76177,34,-118.08,1.663
3.9792,16,5.83807,0.993435,1536,3.36105,36.81,-119.68,0.889
2.2244,36,3.23026,1.1239,2542,2.78728,34.13,-118.25,2.559
2.9375,33,3.7375,0.978125,1448,4.525,33.98,-118.16,1.625
2.9591,2,4.48281,1.01289,1606,2.30086,37.99,-121.96,2.101
1.375,49,5.0304,1.11246,754,2.29179,37.83,-122.27,1.049
1.7427,32,4.75758,1.01713,2060,2.7141,40.69,-122.36,0.606
4.4881,36,5.75978,0.980447,1134,3.1676,33.92,-118.16,2.189
4.1316,15,28.2368,4.75,197,2.59211,39.12,-120.2,2
3.8056,30,4.43553,0.945559,757,2.16905,33.97,-118.35,3.238
5.5275,22,6.42975,0.988981,1298,3.57576,34.26,-119.18,2.289
3.4427,30,4.68761,1.06981,2477,4.32286,34.09,-117.96,1.608
4.9946,10,5.68636,1.02727,1859,2.81667,34.27,-118.67,2.046
2.9688,42,4.53693,1.05966,1311,3.72443,34.08,-118.03,1.628
2.1563,36,6.04219,1.13502,836,3.52743,36.69,-119.69,0.883
9.1508,43,7.03513,1.03044,1088,2.54801,37.44,-122.13,5.00001
3.3445,31,5.28174,0.982609,1834,3.18957,34.13,-117.21,0.929
4.2396,48,5.62963,1.05229,1118,2.43573,34.17,-118.33,2.451
7.7854,15,7.85472,1.01937,1259,3.04843,33.7,-118.03,3.953
4.0795,33,5.31364,1.01364,1697,2.57121,37.6,-122.49,2.706
2.8348,18,4.76682,0.93722,462,2.07175,33.84,-117.97,2.19
4.6904,4,7.31215,1.13677,3886,3.12631,33.45,-117.15,1.742
5.299,12,7.21493,1.04751,1200,2.71493,34.91,-120.44,2.268
2.9375,50,7.00831,1.45152,940,2.60388,38.42,-122.96,1.229
3.4799,16,6.5639,1.27476,1298,2.07348,35.58,-121.12,3.208
2.693,37,4.27893,1.06508,1936,2,32.75,-117.13,1.741
5.2557,25,5.34337,0.962349,2653,3.99548,34.02,-118.06,1.888
3.6111,22,5.61787,0.967742,1056,2.62035,39.14,-121.67,1.123
1.5203,27,4.65311,1.06699,859,2.05502,34.03,-117.06,1.262
3.4679,18,3.84839,1.06024,2192,2.2008,33.73,-117.98,2.197
5.4299,26,6.17241,0.953202,1273,3.13547,37.53,-121.97,2.364
2.5,29,6.33333,1.10569,364,2.95935,41.12,-120.96,0.592
5.2129,34,5.93719,1.01818,2138,3.53388,33.79,-117.93,1.934
3.2875,52,4.05263,0.868421,89,2.34211,37.94,-122.41,2.75
3.9926,14,5.55556,1.0098,1867,3.05065,36.32,-119.77,0.925
5,26,5.76807,1.02108,2780,2.79116,36.67,-121.68,2.023
2.378,34,4.25987,0.991776,1658,2.72697,33.79,-117.84,1.996
2.5784,28,3.27951,1.1082,1799,1.47459,34.09,-118.38,2.729
6.925,18,7.902,1.05568,1506,3.35412,33.78,-117.8,2.903
3.2462,33,3.97446,1.12229,2404,1.86068,34.11,-118.32,4.357
2.5536,37,4.34409,1.12545,1403,5.02867,33.97,-118.24,1.172
4.0893,35,5.26776,0.983607,1056,2.88525,33.94,-117.97,2.157
0.8907,34,2.28571,0.742857,125,3.57143,34.12,-118.24,1.542
3.6331,26,4.91787,0.968599,1343,3.24396,37.07,-120.87,0.886
4.9434,17,3.95443,1.0431,1553,1.91256,37.56,-122.27,2.921
3.3036,26,5.45304,1.00552,1002,2.76796,38.36,-121.82,2.1
3.0426,9,4.548,1.1536,3773,3.0184,33.13,-117.09,1.299
2.4821,26,4.125,1.11824,620,2.09459,32.76,-117.12,1.236
1.7276,50,4.03636,1.075,1807,4.10682,37.78,-122.22,1.023
3.0859,16,8.18153,1.55243,1177,1.84194,33.78,-116.45,1.346
2.775,24,3.10074,1.07423,1492,1.58218,34.02,-118.5,2.917
8.6123,21,8.05645,1,1323,3.55645,33.82,-118.05,3.867
4.125,33,4,0.545455,23,2.09091,38,-122.39,2.125
4.2381,11,11.4029,2.02029,901,2.61159,37.64,-118.96,2.427
2.4196,46,3.8819,1.01714,1250,2.38095,34.08,-118.32,3.581
4.1577,24,4.48459,0.984594,3308,4.63305,33.76,-117.93,1.741
1.9667,26,8.25,1.85556,406,2.25556,38.94,-119.97,0.846
4.55,28,6.03736,0.968391,1061,3.04885,33.92,-117.5,1.468
3.7344,31,5.67702,1.09938,556,3.45342,33.95,-117.44,1.153
3.6087,10,6.31707,1.08362,827,2.88153,39.05,-121.07,1.821
4.4896,31,4.52542,1.0113,1179,3.33051,37.36,-121.86,1.568
1.6705,12,3.14721,1.08883,1441,1.82868,33.69,-117.99,3.5
3.2158,11,4.78106,0.972505,2065,2.10285,34.27,-119.22,2.236
5.6234,42,5.33422,1.1016,794,2.12299,37.46,-122.15,3.796
2.2925,7,6.12907,1.18828,3559,2.10716,33.77,-116.99,1.131
1.7813,34,3.76238,1.08416,968,4.79208,34.02,-118.17,1.45
2.5547,39,4.14831,0.995763,857,3.63136,33.99,-118.29,1.089
3.2604,30,5.55102,1.08163,531,3.61224,37.61,-120.76,0.879
3.3839,52,4.36456,1.05316,1016,2.57215,37.8,-122.41,4
0.536,26,6,1,5,1.66667,33.62,-114.62,2.75
5.25,35,5.78832,0.934307,589,4.29927,33.84,-117.97,1.902
6.005,30,6.65779,1.02281,731,2.77947,37.7,-122.09,2.639
2.9688,19,3.3633,1.05505,2657,2.43761,34.2,-118.45,2.021
3.4133,16,4.05217,1.14716,3285,2.19732,33.71,-117.95,2.909
2.3487,38,4.26765,0.926471,786,2.31176,38.53,-121.48,1.016
2.0878,16,5.27706,1.05688,1859,3.41101,33.77,-117.27,1.013
4.0481,7,22.2283,3.8913,245,2.66304,39.36,-120.23,1.523
2.8798,6,2.68402,0.991023,1087,1.95153,37.33,-121.89,2.25
1.5227,22,5.74627,1.35821,610,2.27612,33.89,-116.63,0.71
10.2264,52,4.8,0.6,41,4.1,34.06,-118.22,1.125
3.6625,22,5.74747,0.996633,822,2.76768,39.75,-121.87,1.266
3.5089,31,4.45889,1.05968,1939,2.57162,34.05,-118.15,3.058
3.1607,20,6.16185,1.2659,536,3.09827,32.92,-116.84,1.193
3.6875,18,5.1,1.2314,2164,1.78843,34.17,-119.23,5.00001
3.2574,30,4.18634,1.03416,885,2.74845,33.88,-118.3,1.953
3.4505,30,4.53155,0.98665,1834,2.22573,37.29,-121.95,2.6
3.3462,14,18.3488,3.13167,616,2.19217,40.25,-121.15,1.452
1.9881,12,4.51389,0.998843,2145,2.48264,40.56,-122.35,0.852
5.7039,19,5.67429,0.994286,572,3.26857,33.85,-118.1,2.776
3.3864,45,4.82418,1.06154,1265,2.78022,34.08,-118.36,3.979
3.1513,35,4.75621,1.08352,2241,5.05869,33.93,-118.05,1.5
5.6304,18,7.16891,1.0691,1504,2.88676,38.3,-122.35,2.431
5.8718,6,6.50596,0.936968,1738,2.96082,38.77,-121.28,2.014
3.4896,24,4.70322,1.00731,1196,1.74854,37.4,-121.99,2.267
1.8432,28,4.30279,1.18725,524,2.08765,34.44,-119.75,3.273
6.213,50,6.86667,1.04444,121,2.68889,34.21,-118.23,2.85
1.69,18,4.42353,1.14588,994,2.33882,34.14,-116.32,0.542
3.8194,5,5.94016,0.974803,2097,3.30236,34.54,-117.18,0.985
5.338,52,5.60839,0.91958,594,2.07692,37.9,-122.29,2.709
3.6447,36,6.09955,1.05882,643,2.9095,33.84,-118.16,2.11
3.4482,35,4.42074,0.980431,1340,2.62231,32.83,-117.21,1.625
5.3735,36,5.68182,0.974432,956,2.71591,33.83,-118.1,2.344
1.4668,40,5.01075,1.1147,788,2.82437,40.79,-124.18,0.646
3.488,23,4.73917,1.06398,3232,3.1811,33.94,-118.02,1.918
3.8333,24,5.73333,1.4,79,2.63333,37.67,-119.81,0.938
3.1563,22,8.42069,2.15172,1301,4.48621,36.85,-121.91,3
4.5461,33,4.69613,1.01934,981,2.70994,33.93,-117.97,1.94
3.6449,32,5.88281,1.0293,1288,2.51562,37.97,-122.01,2.115
2.4671,30,4.38673,1.05721,828,1.89474,32.8,-117.24,2.763
3.1094,14,5.86957,1.0942,302,2.18841,39.26,-121,1.361
3.3438,8,6.09687,0.987891,3031,3.05853,34.4,-117.27,1.244
2.9083,32,5.58606,1.11765,1198,2.61002,37.8,-120.99,1.134
2.7019,16,4.9571,1.08251,1948,3.21452,33.19,-117.22,2.169
6.1504,19,5.71045,1.0791,2196,3.10169,37.4,-121.86,2.684
1.9417,20,4.95021,1.09129,1274,5.28631,36.55,-120.51,0.388
4.8424,23,5.38119,1.02263,6034,4.26733,37.34,-121.82,1.953
3.1053,12,3.94245,0.863309,1175,4.22662,37.92,-121.29,0.731
3.9936,5,5.83877,1.04529,3427,3.10417,34.56,-118.12,1.485
2.5,35,3.36697,1.0367,398,3.65138,37.47,-122.22,1.667
5.6235,12,6.25953,0.947368,1754,3.1833,35.41,-119.09,1.306
2.3929,30,3,1.08333,220,4.58333,32.59,-117.08,1.344
6.381,52,6.66234,1.06926,1005,2.17532,37.89,-122.26,3.422
5.249,52,5.90426,0.992908,656,2.32624,33.73,-118.31,3.519
2.5833,37,3.60616,0.900685,1354,4.63699,33.97,-118.24,1.125
4.2083,32,6.96552,1.27586,144,2.48276,37.77,-121.61,1.25
5.5461,36,6.22414,1.18966,158,2.72414,37.71,-122.19,2.625
3.8542,30,6.24936,0.992366,1022,2.60051,32.8,-117.18,1.985
3.8125,39,4.48701,1.02273,1090,3.53896,34.07,-118.04,1.74
4.0631,9,5.67786,1.04617,6241,3.2744,35.3,-119.05,0.882
3.8611,32,5.13298,0.973404,568,3.02128,38.7,-121.46,0.939
3.5486,4,6.20833,1.305,1478,2.46333,36.37,-119.65,1.48
2.25,15,6.11215,1.25545,730,2.27414,35.68,-118.06,0.675
2.1339,20,6.67449,1.42959,2631,2.68469,34.4,-116.94,0.785
1.7172,28,3.37143,1.05306,979,3.99592,33.72,-116.22,0.588
3.375,4,3.76995,1.16901,815,1.91315,33.65,-117.58,5.00001
4.1974,14,6.05804,1.10268,695,3.10268,38.33,-121.1,1.578
7.7364,24,6.57627,0.946328,969,2.73729,37.52,-122.31,4.358
3.075,52,5.32265,1.01282,1098,2.34615,37.85,-122.26,2.135
3.9688,35,4.98198,1.03378,2101,2.36599,34.01,-118.39,3.551
2.1759,16,4.90496,1.07851,1115,4.60744,33.62,-114.61,0.615
2.63,29,3.49621,1.00379,2576,4.87879,33.97,-118.14,1.56
1.9432,39,5.56562,1.04688,841,2.62812,34.14,-117.3,0.89
2.595,29,5.63563,1.05128,2092,2.82321,37.05,-120.87,1.042
2.2604,21,4.17636,1.1257,1085,2.03565,32.76,-117.11,1.263
2.3929,52,4.47143,1.06786,844,3.01429,37.8,-122.23,1.119
5.7072,21,6.28488,0.988253,2216,3.25404,37.53,-122.02,2.422
3.9408,49,4.44479,0.987382,1268,4,33.97,-118.21,1.706
1.5771,12,4.1759,1.01446,1861,4.48434,39.53,-121.56,0.652
1.5,39,3.24281,1.13738,875,2.79553,37.3,-120.48,0.67
3.6292,8,5.59366,1.06052,2864,2.7512,38.45,-122.76,1.836
2.905,41,4.31004,1.0524,965,2.10699,38.46,-122.71,1.593
1.8654,38,4.99007,1.11166,1190,2.95285,34.14,-117.31,0.894
4.7515,18,5.26042,1.08734,3079,2.46715,33.71,-118.01,2.956
3.6848,33,4.81988,0.956522,2288,2.84224,32.74,-117.04,1.407
2.6818,35,4.38801,1.03785,726,2.29022,32.75,-117.14,1.594
1.3125,10,4.43836,0.968037,773,3.52968,33.94,-117.28,1.357
3.5655,52,4.09446,1.10423,1575,1.7101,37.76,-122.43,4.273
3.2215,8,6.26867,1.06208,3213,3.11639,34.45,-117.27,1.088
3.65,49,3.76923,0.923077,59,2.26923,37.87,-121.23,1.625
1.7622,36,3.92872,1.07128,974,1.98371,32.75,-117.25,2.058
2.7644,15,5.24272,1.09847,1632,2.26352,33.18,-117.29,1.114
4.0536,37,4.74185,0.991848,1022,2.77717,33.96,-118.03,1.714
2.2841,52,4.35065,1.07792,152,1.97403,37.85,-122.27,1.063
2.3463,16,4.19681,1.02428,6012,3.84153,36.68,-121.64,1.561
2.4201,46,4.89138,1.05667,2240,2.64463,38.1,-122.23,0.928
2.3849,11,4.98353,1.03412,2410,2.83529,37.59,-120.96,1.22
6.0281,18,6.53807,1.13169,2304,2.37037,36.96,-121.88,3.211
4.1865,25,6.0314,1.08605,2725,3.1686,33.93,-117.55,1.543
1.675,5,4.44,1.04,58,2.32,37.93,-120.13,1.125
2.2429,52,4.63835,1.00728,777,1.88592,32.73,-117.13,2.211
3.8235,47,5.89671,1.08216,1082,2.53991,33.98,-118.35,2.076
1.9511,11,4.81633,1.14842,1765,3.27458,36.85,-119.79,0.54
4.0965,23,4.59698,1.43015,1624,1.63216,34.14,-118.32,5.00001
3.875,27,3.62077,1.02899,755,1.82367,34.14,-118.15,2.583
7.0285,45,6.44019,1.02392,415,1.98565,34.05,-118.49,5.00001
6.4752,42,5.22573,1.08465,2096,1.73942,37.85,-122.48,5.00001
2.0341,32,3.04324,1.03243,626,3.38378,34.09,-118.32,2.5
3.8594,52,4.96296,1.03175,393,2.07937,37.86,-122.28,1.964
5.7368,35,6.23684,0.997368,996,2.62105,33.79,-118.1,2.872
4.4539,28,4.88942,1.02378,3211,3.81807,33.83,-118.26,1.922
5.9493,36,5.73152,0.984436,713,2.77432,33.85,-118.1,2.28
6.48,44,6.04507,1.10986,851,2.39718,34.03,-118.5,5.00001
2.7098,47,4.3306,1.14754,949,2.5929,34.13,-118.22,1.738
2.234,19,5.98835,1.15641,1572,2.61564,41.86,-122.33,0.586
5.2563,17,10.3212,1.84672,673,2.4562,34.24,-117.13,1.441
3.676,12,4.79032,0.986352,2129,2.64144,38.28,-122.04,1.35
6.3245,52,4.73529,1.13603,437,1.60662,37.8,-122.41,5.00001
2.9107,29,4.97509,1.04626,1346,2.39502,38.44,-122.68,1.697
4.1645,32,6.19856,1.03165,2002,2.88058,37.28,-121.89,2.819
1.6964,28,3.30435,1.16247,2145,4.90847,34.19,-119.17,1.75
1.9937,33,3.87924,1.02966,1625,3.4428,34.06,-117.76,1.036
2.3382,11,5.56855,1.20968,644,2.59677,33.96,-116.48,0.894
11.1768,52,6.46177,1.01529,800,2.44648,34.04,-118.41,5.00001
6.979,17,6.70571,0.960961,2166,3.25225,33.67,-117.97,3.307
5.8343,15,6.59873,0.949045,395,2.51592,32.95,-117.26,5.00001
2.3571,17,4.6124,1.06589,1113,4.31395,32.73,-115.52,0.631
1.3302,38,4.37958,1.0445,1116,2.92147,38.63,-121.44,0.622
3.2216,36,5.3198,1.03807,1454,3.69036,36.92,-121.76,2.383
4.0185,22,4.91098,1.02077,1807,2.68101,33.83,-117.97,2.009
5.1741,16,5.80328,1.02049,636,2.60656,33.7,-117.79,2.277
2.1414,46,2.85773,0.942268,1845,3.80412,34.05,-118.3,1.577
2.5224,19,3.56063,1.01102,3545,5.58268,33.74,-117.88,1.485
1.7823,17,4.05505,1.08716,1079,2.47477,33.76,-117.88,2.053
3.185,30,4.76333,1.02239,4027,4.29318,34.04,-117.99,1.683
2.2245,29,4.96588,1.06,2294,2.69882,38.51,-121.45,0.759
5.5551,9,6.70951,1.06514,1518,2.67254,35.55,-117.68,1.425
4.7193,4,5.6645,1.03502,3455,2.81352,34.12,-117.56,1.787
2.4191,24,4.42276,1.08943,1095,4.45122,32.6,-117.06,1.073
5.1121,19,5.61885,1.04781,2006,2.74044,37.06,-122.01,3.081
5.4625,9,6.99907,1.04457,3450,3.20334,33.85,-117.4,2.236
3.52,23,4.69822,1.03429,2202,3.02058,34.14,-118.01,1.873
3.9028,28,4.85328,1.08221,1963,2.04266,34.16,-118.42,3.679
4.945,11,6.66197,1.00704,1331,3.12441,38.41,-122,2.984
3.756,31,4.97762,1.02657,2975,4.16084,34.05,-118.1,1.833
1.9309,31,3.76282,1.10043,1810,3.86752,33.75,-117.86,1.734
4.3667,52,4.90896,1.04342,1374,1.92437,37.77,-122.44,5.00001
6.8742,25,5.90048,1.03837,1913,2.29376,37.88,-122.53,4.131
0.4999,16,21.6316,6,26,1.36842,39.42,-122.89,0.735
7.5699,19,8.12757,1.02058,2302,3.15775,33.66,-117.96,3.333
3.3036,24,3.75,0.991525,1519,2.14548,33.88,-117.87,1.839
4.0333,16,14.6713,3.13986,342,2.39161,34.13,-116.98,1.339
2.6019,31,3.82915,0.962312,1257,3.15829,34.42,-119.72,2.5
2.1336,19,5.89399,1.14488,841,2.97173,41.92,-124.16,0.75
2.35,40,3.97183,0.830986,213,3,35.24,-118.99,0.917
2.4016,41,5.56476,1.15074,1074,2.28025,32.74,-117.22,2.875
3.2279,34,5.19134,1.05656,2361,2.84116,34.44,-119.29,2.431
2.0557,34,2.2634,1.03369,1976,3.02603,34.09,-118.32,2.25
4.8269,25,5.35135,0.897297,522,2.82162,37,-121.97,2.729
6.5515,18,6.55212,0.9943,4276,3.48208,33.88,-118.1,3.196
4.1378,24,4.58231,1,2819,3.15677,33.83,-118.29,2.165
3.1672,8,5.52483,1.02819,1785,2.39597,34.04,-117.61,1.502
3.4426,7,5.41639,1.02842,3006,3.28525,37.73,-121.16,1.39
1.8375,36,4.72063,1.00261,807,2.10705,40.58,-122.38,0.748
3.0417,24,4.53409,1.10227,1329,3.77557,34.14,-117.98,1.48
1.6892,52,5.58696,1.11957,939,3.40217,34,-118.31,1.291
4.2891,24,6.08219,1.12603,894,2.44932,38.42,-122.55,2.117
1.8856,17,4.62157,1.17451,1423,2.7902,32.74,-117,1.188
7.6832,11,7.26776,0.961749,1226,3.34973,33.06,-117.26,3.198
5.1857,18,6.27407,1.02222,1276,3.15062,38.8,-121.18,2.201
3.2943,32,4.90779,1.11996,3426,3.06714,34.08,-117.9,2.044
2.6618,19,4.66667,1.14213,2047,3.46362,33.88,-118.28,1.797
3.625,33,10.9091,2.22727,63,2.86364,40.63,-120.35,2
4.0208,8,2.5,0.625,309,19.3125,34.22,-119.09,0.525
5.1788,34,5.34058,1.01449,362,2.62319,36.55,-121.59,2.7
2.8661,36,4.64547,1.03657,2392,3.80286,34.07,-117.77,1.24
2.9926,9,5.59935,1.08724,2356,3.80614,35.65,-120.64,1.582
4.2361,35,5.34097,1.02292,1189,3.40688,37.68,-121.76,1.775
9.3834,21,8.7,1.06071,1811,3.23393,37.22,-121.93,5.00001
5.1837,32,5.73849,1.21731,1105,2.03499,33.53,-117.77,4.456
3.5,10,5.92996,1.13413,1834,2.73323,35.55,-120.7,1.721
4.325,31,4.68819,1.04945,2326,3.19505,33.85,-117.9,1.871
2.8042,26,4.01798,1.07992,2457,2.45455,33.81,-117.97,2.063
5.061,34,5.08155,1.0835,1396,2.71068,33.84,-118.29,2.18
5.0237,52,5.25592,1.03555,1211,2.86967,34.16,-118.12,2.419
2.4,28,4.5084,1.01261,652,2.7395,38.44,-122.73,1.462
4.1042,35,5.00187,0.947761,1580,2.94776,37.69,-122.12,1.791
2.375,20,3.69811,1.08176,864,2.71698,34.22,-118.38,1.777
2.213,22,4.35818,1.07867,781,1.61698,38,-121.32,0.875
7.652,36,6.39257,0.95756,934,2.47745,37.43,-122.24,5.00001
3.8,26,6.87649,1.15139,672,2.67729,38.29,-122.49,2.421
2.5362,29,4.17391,1.11957,1021,1.84964,37.69,-122.07,2.038
6.6988,26,7.2,0.956627,1371,3.30361,34,-117.99,3.825
10.8082,42,7.41045,0.970149,368,2.74627,34.04,-118.52,5.00001
5.7476,19,8.04536,1.17279,1412,3.04968,37.73,-120.97,2.486
1.5625,38,5.09751,1.29461,1516,3.14523,37.75,-122.16,0.917
2.6165,52,5.17442,1.06977,1145,2.66279,37.87,-122.29,1.5
4.5724,6,11.8655,2.17391,2006,2.72554,34.83,-119.15,1.684
2.1471,32,2.32258,0.978495,702,3.77419,34.04,-118.29,1.25
2.1679,34,4.79241,1.05063,884,2.23797,38.53,-121.45,0.754
1.7386,50,4.99317,1.20819,912,3.11263,34.01,-118.31,1.094
1.4886,15,3.10476,1.17143,490,4.66667,34.06,-118.26,1.75
2.9054,37,3.46656,1.02676,2544,4.25418,33.99,-118.19,1.563
4.125,6,7.21429,1.03571,75,2.67857,33.82,-117.54,2.167
2.0089,44,4.46124,1.01938,518,2.00775,38.56,-121.48,1.136
1.6833,18,4.6,1.06842,572,3.01053,37.35,-120.62,0.71
9.2175,35,6.26873,0.927649,937,2.42119,33.62,-117.91,5.00001
3.0357,38,4.07216,1.41753,664,3.42268,34.09,-118.28,1.75
2.7778,32,6.98507,1.22886,544,2.70647,39.61,-120.08,0.729
2.3087,11,5.36452,1.05968,28566,4.69681,36.64,-121.79,1.188
1.8801,38,4.65027,1.03825,1191,3.2541,35.37,-119.01,0.578
6.7694,29,6.65461,1.08553,747,2.45724,34.15,-118.59,3.697
1.1868,47,3.91246,1.10774,3020,5.08418,34.06,-118.19,0.938
4.1029,19,4.03299,1.06853,1118,2.83756,33.65,-117.91,2.134
3.875,35,5.54657,1.04657,1001,2.45343,32.84,-117.19,1.72
3.1289,42,4.5086,1.04398,1065,2.03633,34.16,-118.38,3.206
2.6812,43,5.84302,1.16279,492,2.86047,37.98,-121.27,0.728
3.8703,23,3.76593,1.1437,1720,2.54815,33.73,-117.82,1.37
1.9866,30,3.78682,1.02326,736,2.85271,34.19,-118.38,1.774
3.0179,42,3.75746,1.03358,1060,3.95522,34.01,-118.14,1.537
3.3603,29,4.58491,1.12938,1616,4.3558,34.27,-118.44,1.424
4.625,31,5.7697,1.01515,2430,3.68182,33.94,-118.04,1.739
7.9556,52,7.56,0.992727,684,2.48727,37.9,-122.27,3.744
3.9531,17,4.41153,1.05258,1640,1.65824,37.89,-122.52,4.176
2.0833,42,4.91458,1.05,1131,2.35625,37.64,-120.97,0.955
3.1205,30,4.13253,0.971888,753,3.0241,36.97,-122,2.405
13.4196,33,8.25532,1.02926,1111,2.95479,34.15,-118.5,5.00001
3.4103,26,6.25267,1.08185,905,3.22064,34.11,-117.21,0.909
2.5978,17,4.31692,1.04566,3868,3.46285,33.83,-118.07,1.429
1.9952,36,4.7085,1.09919,2073,4.19636,33.9,-118.19,1.129
2.25,50,4.20723,1.15663,1149,2.76867,37.8,-122.23,1.235
6.2319,10,6.41552,1.01768,2975,2.9224,34.01,-118.03,4.037
9.1569,22,7.25267,0.925267,773,2.75089,37.28,-122.01,5.00001
3.25,35,5.90258,1.03579,1555,3.09145,34.11,-117.36,1.071
6.3434,52,6.94789,1.01985,1061,2.63275,37.85,-122.23,3.736
2.6477,32,5.88596,1.45614,856,7.50877,35.13,-117.28,0.533
2.2422,33,4.06408,1.08094,2106,3.55143,33.97,-118.17,1.682
4.76,14,6.09667,1.02,1951,3.25167,36.83,-121.37,2.16
3.6401,21,4.36135,1.23842,3637,2.07947,37.31,-121.97,2.675
4.7357,24,6.01699,0.997877,1815,3.8535,34.05,-117.7,1.625
4.317,29,5.40811,1.00811,956,2.58378,37.98,-122.01,1.94
1.8723,46,5.04494,1.05618,854,3.1985,36.73,-119.76,0.526
5.3908,8,5.3961,1.02597,740,4.80519,32.69,-117.05,1.655
4.7422,23,5.40684,0.988593,1092,4.15209,33.71,-117.89,2.024
4.25,43,4.17647,0.955882,167,2.45588,33.82,-118.18,2.075
4.3088,34,5.89636,0.952381,973,2.72549,32.75,-117.01,1.525
2.0216,32,5.68571,1.12653,999,4.07755,36.55,-119.79,0.768
2.4922,23,4.76471,1.04175,1052,1.9962,38.52,-122.78,1.92
2.5574,32,5.83093,1.14639,1655,3.41237,38.52,-121.42,0.726
7.6348,4,6.53408,1.06002,2607,2.65209,32.98,-117.24,3.37
3.75,52,6.01896,1.30806,609,2.88626,33.88,-117.92,2.325
3.2589,18,6.37215,1.12329,1187,2.71005,38.32,-120.88,1.03
3.055,33,3.77541,0.959811,1888,4.46336,33.87,-117.92,1.578
6.2028,35,6.32653,1.01361,1167,2.64626,33.72,-118.3,3.615
2.9562,14,6.03808,1.08814,1822,1.98259,39.54,-121.46,1.423
2.3056,25,5.74,1.14,118,2.36,37.86,-120.35,1.625
3.4952,19,4.60385,1.16488,1510,3.2334,34.07,-118.17,1.5
3.0227,16,4.51525,1.24746,1534,5.2,33.87,-117.87,2.971
3.5848,18,4.4878,1.02439,1047,2.32151,33.68,-117.99,1.869
1.7038,28,4.59877,1.07044,1530,2.34303,41.73,-124.22,0.783
1.8899,23,4.66423,1.20803,1200,2.18978,32.77,-117.05,1.477
3.0173,19,3.63934,1.10383,1837,2.00765,34.04,-118.45,3.938
3.6964,47,4.11725,1.09019,1438,1.6212,34.06,-118.4,5.00001
3.2708,40,6.85714,1,46,3.28571,34.1,-117.12,1.625
3.1176,33,4.29341,1.11976,1511,1.80958,37.23,-121.98,3.963
7.7197,4,6.15385,0.769231,55,4.23077,33.89,-117.42,1.938
1.6833,27,6.75652,1.6087,318,2.76522,40.98,-120.38,0.4
5.5797,35,6.33846,1.02051,1171,3.00256,37.67,-122.15,1.981
3.8547,17,5.66471,1.15098,1931,3.78627,33.39,-117.14,2.083
3.125,35,4.32075,1.03396,1651,6.23019,33.89,-118.07,1.203
2.1411,52,4.45658,1.04202,817,2.28852,38.1,-122.25,0.972
4.6302,19,6.72512,1.04229,1927,2.39677,38.64,-121.31,1.954
2.1731,38,4.4697,1.05303,620,4.69697,33.96,-118.14,1.438
3.2083,21,4.15027,1.06011,1203,3.28689,33.87,-117.88,1.453
3.5625,17,4.77652,1.06998,662,1.49436,33.61,-117.74,1.808
2.6146,37,5.58911,1.0495,509,2.5198,34.04,-118.14,2.432
3.4531,44,5.7788,1.16129,498,2.29493,37.98,-122.03,1.489
3.6769,31,4.2349,1.08456,1208,1.62148,34.03,-118.49,4.5
2.1985,17,5.15421,1.11682,1140,2.66355,38.9,-123.69,0.953
3.7917,16,6.15529,0.992941,1090,2.56471,39.26,-120.99,1.792
3.3536,17,4.242,1.07345,2111,1.98776,33.15,-117.34,2.833
1.4241,16,4.28529,0.957958,642,1.92793,39.23,-121.02,1.25
1.7514,34,2.66014,1.09109,2991,2.92948,34.09,-118.29,1.875
4.4821,42,4.45,0.895,555,2.775,34.24,-118.26,2.719
4.9464,43,6.21695,0.989831,997,3.37966,33.93,-118.31,1.503
5.756,13,6.96552,1.30345,679,2.34138,33.47,-117.69,3.056
4.8693,45,5.98675,1.04305,800,2.64901,33.83,-118.17,2.777
3.4722,30,4.5788,0.855978,1290,3.50543,34.96,-120.44,1.125
6.1785,5,7.19778,1.24367,1238,1.95886,33.51,-117.73,2.959
4.4391,14,5.28056,1.03407,1150,2.30461,33.68,-117.8,3.067
1.2634,28,3.27273,0.979545,2178,4.95,36.34,-119.29,0.506
5.5,16,6.69146,1.06612,1293,3.56198,37.27,-121.84,2.532
2.2734,47,6.00278,1.22222,966,2.68333,38.09,-122.22,0.887
4.7821,14,4.66667,1.08827,2222,2.30737,33.72,-118.04,1.694
9.8589,18,7.10072,0.935252,808,2.90647,33.64,-117.82,5.00001
2.3617,6,4.72644,1.15513,2447,2.04087,34.51,-117.34,1.031
3.3839,36,5.62162,0.995495,672,3.02703,38.26,-122.06,1.059
5.7768,49,6.27504,1.00282,1606,2.26516,32.77,-117.1,2.816
6.6494,35,5.06266,1.13033,724,1.81454,33.88,-118.44,5.00001
6.6897,22,7.40878,1.00169,1915,3.2348,33.89,-117.86,2.898
2.6417,35,4.23256,0.906977,115,2.67442,38.55,-121.42,0.989
5.2402,52,6.20089,0.946429,510,2.27679,37.81,-122.21,2.964
1.7388,12,5.76884,1.33562,1315,2.25171,33.94,-116.51,0.66
6.299,16,7.62865,1.03714,1089,2.88859,37.93,-121.93,2.869
2.1383,30,4.99755,1.0866,2768,2.26144,36.78,-119.76,0.788
6.1321,27,6.70819,1.01957,1606,2.85765,34.13,-117.82,3.097
2.0817,41,2.27241,1.00345,1224,4.22069,34.04,-118.29,1.325
2.6929,16,4.94297,1.06314,794,1.61711,34.11,-117.69,1.193
3.2687,22,4.72889,1.06,1420,3.15556,32.58,-117.08,1.31
2.9432,52,4.94946,1.13718,986,3.55957,33.98,-118.3,0.94
2.8125,30,4.66839,1.03886,776,2.01036,32.77,-117,1.735
4.369,34,4.96875,1.07639,1162,4.03472,33.96,-118.08,1.654
5.1782,33,6.22857,0.967347,906,3.69796,33.84,-117.88,2.25
3.4044,48,5.09309,0.925532,1060,2.81915,33.97,-117.39,1.179
6.0238,23,4.91071,1.1994,541,1.61012,37.89,-122.49,5.00001
4.3351,21,4.21199,1.05701,7273,2.38303,37.4,-122.06,2.674
3.0189,29,5.55707,1.08152,912,2.47826,32.8,-117,1.441
4.0365,18,5.97425,1.00143,2164,3.09585,38.21,-121.15,1.742
4.1161,34,5.46875,1.12695,1353,2.64258,37.04,-122.08,2.209
4.2308,19,5.63636,1.05263,1291,3.08852,33.75,-118.3,4.161
3.0958,39,5.00949,1.10443,857,2.71203,37.77,-122.16,1.458
3.4612,29,5.01093,0.989071,379,2.07104,34.15,-118.39,4.25
4.2375,7,3.88924,1.08112,951,1.48362,32.71,-117.17,2.05
2.5795,42,3.93333,1.13333,54,1.8,38.03,-122.14,2.25
5.3261,38,6.26752,1.08917,429,2.73248,37.53,-122.3,3.768
6.6013,39,6.5506,1.01887,1361,2.33448,32.72,-117.24,3.964
3.7426,19,6.12929,1.04749,963,2.5409,39.18,-121.08,1.627
3.911,4,4.50846,1.21646,1591,1.79369,37.99,-122.33,1.125
4.1944,8,2.90909,0.818182,26,2.36364,33.63,-117.8,2.708
4.7813,17,7.31768,1.0663,1057,2.91989,34.9,-120.37,3.268
6.4335,7,7.38308,1.26724,4446,2.39547,32.83,-117.08,2.606
3.1845,47,4.7619,0.963585,922,2.58263,37.96,-121.32,0.872
7.2013,12,7.35569,1.08943,1506,3.06098,33.5,-117.63,3.536
6.065,5,5.62687,1.06219,1016,2.52736,33.55,-117.68,3.155
1.7284,29,4.362,1.053,2053,2.053,39.75,-121.84,0.745
2.1944,50,2.36842,1.17105,356,4.68421,34.02,-118.25,1.583
1.3615,43,3.71869,1.05339,2123,4.35934,34.02,-118.21,1.333
5.9359,24,6.78631,1.05394,1496,3.10373,32.81,-117.23,4.222
4.4187,35,5.34834,0.998043,1814,3.5499,34.16,-119.19,1.834
4.1875,15,6.53547,1.07969,3139,3.05053,35.41,-120.65,2.616
3.8803,6,5.76249,1.0466,6163,3.46042,34.58,-117.78,1.2
7.4323,16,7.83729,1.02712,1158,3.92542,37.26,-121.85,3.118
2.8125,39,6.76687,1.07362,446,2.7362,37.26,-121.93,2.913
2.8614,30,5.10185,0.970679,1623,2.50463,38.56,-121.73,1.452
5.0828,14,6.79108,0.995943,1584,3.21298,36.83,-119.73,1.114
3.8462,49,5.36512,1.02725,977,2.66213,34.18,-118.33,2.313
8.4045,7,7.63523,1.04404,12203,3.29722,37.53,-121.92,4.511
3.8304,34,5.0403,0.97733,1461,3.6801,34.09,-118.04,1.83
2.6979,33,4.07524,0.980583,933,2.26456,34.17,-118.43,2.66
4.4091,36,6.22672,1.03644,671,2.7166,37.62,-122.42,3.179
1.5885,30,2.31806,1.03141,2188,2.86387,34.06,-118.27,1.542
1.2347,41,3.83652,1.04671,1731,3.67516,34,-118.29,1.117
3.9963,33,5.67197,1.03822,913,2.90764,34.65,-118.19,1.268
5.888,13,5.92245,1.09388,1125,2.29592,33.67,-118.01,4.477
3.9079,52,4.81735,1.03653,816,1.86301,37.76,-122.44,3.7
7.9294,18,7.72249,1.00478,692,3.311,33.57,-117.67,2.803
6.2871,26,7.00917,1.07339,607,2.7844,33.45,-117.64,3.255
6.3703,32,6,0.990196,1159,2.27255,34.16,-118.41,4.658
2.7212,39,3.96732,1.03595,1312,2.14379,33.77,-118.15,2.663
5.0524,17,6.879,1.09253,2630,3.11981,32.87,-116.86,2.854
3.95,52,5.02547,1.05772,1191,2.02207,37.75,-122.43,3.477
4.2672,47,4.65079,0.971429,1119,3.55238,37.72,-122.4,2.194
4.1458,52,5.35417,1.02083,355,2.46528,37.74,-122.16,1.434
0.8691,18,4.03676,1.05147,249,1.83088,38.78,-121.24,1.365
4.7437,52,5.4202,1.06352,1260,2.05212,37.74,-122.43,3.31
6.4685,22,6.72137,1.03626,1706,3.25573,33.83,-117.88,2.412
4.2396,4,5.19753,1.05864,920,2.83951,36.35,-119.63,0.906
4.0125,28,5.15468,0.971223,1001,3.60072,34.97,-120.43,1.301
6.1133,34,6.87342,1.24684,509,3.22152,33.85,-118.36,3.493
1.9694,14,6.85375,1.1962,1876,2.23068,34.05,-117.07,1.732
2.1442,35,3.41339,0.970472,2053,4.04134,34.02,-118.16,1.492
3.0625,42,4.82667,0.993333,420,2.8,34.19,-118.31,3.617
3.4509,22,5.63575,1.086,1342,2.26307,35.12,-120.6,2.177
2.6392,26,3.83226,1.1047,1821,1.94551,37.78,-122.43,2.875
5.3041,37,5.7416,0.966387,1378,2.89496,33.79,-117.84,2.357
2.1971,52,3.09266,1.05019,639,2.46718,37.75,-122.42,2.75
5.2366,43,6.116,1.244,570,2.28,37.16,-121.9,2.933
3.2546,32,5.04112,0.988785,1417,2.6486,38.79,-123.01,1.341
2.359,40,3.69916,1.06891,2682,4.50756,34.03,-118.16,1.434
5.0871,7,6.40139,1.02917,1660,2.30556,36.81,-121.36,2.905
6,36,6.19658,1.00427,568,2.42735,37.92,-122.29,3.114
0.971,12,3.49937,1.35472,1968,2.47547,33.75,-117.87,1.025
2.5457,38,5.51232,1.09859,1591,2.80106,39.05,-122.92,0.807
15.0001,32,8.11661,1.01413,814,2.87633,37.4,-122.22,5.00001
3.2813,37,4.78495,1.02509,539,1.9319,34.15,-118.44,3.017
7.1198,32,7.39906,1.1831,793,1.8615,36.6,-121.95,4.699
3.7583,33,5.62791,1.10631,1689,5.6113,34.07,-117.79,1.163
3.5938,34,4.58263,1.0028,977,2.73669,33.9,-118.02,2.099
3.7396,30,4.6283,1.08113,1845,3.48113,37.36,-121.88,2.107
4.4,51,4.88345,0.955711,1126,2.62471,37.75,-122.48,3.184
3.0222,17,4.57647,1.28235,1392,2.04706,37.68,-121.78,1.725
5.0762,11,5.91554,1.06757,765,2.58446,35.54,-117.84,0.98
4.1679,41,6.61749,1.37158,915,2.5,37.05,-122.05,2.013
3.5865,52,5.65049,1.18641,1508,2.92816,37.78,-122.48,3.114
2.8092,17,4.7284,1.05761,583,2.39918,38.66,-121.34,1.375
2.8403,24,4.25659,1.07314,2828,3.39089,33.81,-117.83,2.256
4.119,32,4.65123,0.910494,1326,4.09259,34.04,-117.97,1.633
1.5536,39,3.29659,1.09619,1339,2.68337,33.77,-118.18,1.55
1.8047,29,4.69368,0.965964,1809,2.93193,39.48,-121.54,0.538
3.1771,5,7.62553,1.61702,1097,2.33404,33.72,-116.29,1.674
3.2311,34,5.28101,1.0557,1501,3.8,33.94,-117.47,1.056
4.5,18,6.14286,1.07295,912,2.77204,38.46,-122.91,2.519
2.3169,28,3.68047,1.05621,2891,4.27663,33.72,-116.21,0.689
1.8973,20,4.07854,1.00766,1845,3.53448,36.97,-120.04,0.516
3.0377,47,4.59042,1.14919,3348,3.02712,34.1,-118.21,1.868
2.3284,30,4.04878,1.05488,577,1.75915,32.81,-117.26,2.906
3.8929,52,4.73012,1.03614,1197,2.88434,33.79,-117.85,2.11
5.2838,36,5.9,1.06,664,3.32,37.64,-122.09,1.726
3.6797,20,5.34802,1.04185,1145,2.52203,36.97,-122.05,2.638
13.1867,34,8.75,1.01667,511,2.83889,37.36,-122.11,5.00001
4.0167,35,4.96637,1.02915,1594,3.57399,34.21,-118.41,1.932
3.4695,6,6.4024,1.12462,2005,3.01051,34.42,-117.56,1.388
3.1375,32,4.80938,1.00151,1878,2.84115,34.11,-117.38,1.012
1.881,25,5.56354,1.1105,1160,3.20442,35.96,-119.19,0.525
3.3967,25,6.17614,1.21591,603,1.71307,33.42,-117.65,2.494
1.6823,21,4.2619,0.97619,933,2.77679,39.13,-121.61,0.838
2.5868,16,5.61741,1.10818,932,2.4591,34.11,-117.64,1.469
2.8906,16,5.41304,1.03416,652,2.02484,32.85,-116.89,1.583
2.3832,39,5.13024,1.09393,6852,4.29054,34.59,-117.37,0.35
5.1834,26,5.03788,1.01515,1550,1.95707,37.94,-122.54,4.055
1.077,17,3.05487,1.0168,1670,1.8701,37.78,-122.43,1.15
6.8233,18,7.22892,1.00964,1155,2.78313,37.67,-122.04,3.326
2.0781,41,4.79812,0.981221,741,3.47887,36.75,-119.82,0.488
4.9485,11,5.99489,1.05236,2223,2.83908,32.95,-117.11,2.318
3.6025,15,5.1213,1.01121,3208,3.27013,34.08,-117.44,1.164
4.4375,22,5.41897,1.21245,1947,1.92391,32.95,-117.26,5.00001
2.7868,15,5.33813,1.00959,1004,2.40767,38.7,-121.33,1.178
4.5375,18,6.75789,1.01579,621,3.26842,36.72,-119.59,1.306
6.6605,29,7.8254,1.0381,859,2.72698,38.03,-121.25,2.207
3.625,52,4.29009,1.09434,1068,2.51887,33.84,-118.31,2.707
2.9559,36,4.65243,1.04078,1225,2.37864,38.61,-121.39,1.366
2.0417,24,6.97991,1.50446,1015,2.26562,39.08,-122.86,0.788
3.2125,37,5.45312,1.23438,276,4.3125,34.05,-118.19,1.25
2.2976,32,3.2487,1.03368,1281,3.31865,33.93,-118.34,1.557
2.137,37,3.85294,1.15756,1967,4.13235,33.79,-118.19,1.266
4.1387,4,4.47017,1.18496,1606,1.91647,37.55,-121.96,1.625
4.5052,52,4.94228,1.06901,1737,2.17942,37.77,-122.45,5.00001
2.5437,43,4.66261,1.16717,1231,3.74164,33.99,-118.3,0.945
5.1545,37,4.54037,0.950311,678,2.10559,34.43,-119.7,4.184
3.415,52,4.62764,1.0096,2165,4.15547,33.74,-117.87,1.725
2.5357,19,5.99455,1.12807,950,2.58856,41.76,-122.73,0.942
3.0742,23,6.20259,1.12804,1993,3.23015,35.27,-119.5,0.579
3.5547,25,6.17241,1.09195,882,3.37931,37.49,-120.82,1.224
2.9474,37,4.86905,1.01389,1165,2.31151,34.07,-117.66,1.396
1.6346,18,5.46753,1.08052,974,2.52987,39.5,-121.62,0.633
3,51,3.74448,1.00552,1607,2.21961,37.32,-121.93,1.847
2.83,22,5.65424,1.30849,1215,2.51553,38.93,-119.96,1.105
3.6161,11,5.64045,1.03371,1248,2.80449,36.72,-119.57,0.995
6.0992,24,6.06364,1.10606,1170,3.54545,34.4,-119.91,2.688
1.4301,47,3.26372,1.07631,1148,1.53681,38.57,-121.48,1.417
3.3869,40,3.62295,1.01639,1930,4.51991,33.99,-118.19,1.573
2.1912,37,2.42308,1.12821,714,4.57692,33.99,-118.23,1.125
4.0298,44,6.04762,0.916667,791,2.35417,36.32,-119.31,1.09
3.2813,46,4.39252,1.02336,599,2.79907,33.89,-118.16,1.909
4.5625,36,5.63636,1.03209,546,2.91979,37.35,-121.98,2.4
3.5022,24,3.77168,1.09249,1322,1.9104,34.02,-118.41,2.813
2.9076,24,4.2205,1.11646,3018,4.68634,34.24,-118.53,2.753
3.25,29,4.50567,1.01133,1603,2.27054,33.94,-117.41,1.125
2.2898,42,4.56398,1.0237,471,2.23223,36.96,-120.07,0.661
4.4063,13,28.7573,5.30097,252,2.4466,38.26,-120.33,1.558
2.569,10,4.70118,1.01442,1398,1.83224,35.4,-118.91,1.13
4.8516,34,5.34343,1.07828,972,2.45455,33.86,-118.12,2.136
2.7727,19,5.0913,1.10616,1266,2.6879,38.31,-122.48,1.868
1.6955,24,4.35338,1.12594,1829,3.43797,34,-117.4,0.868
4.8125,37,5.81215,0.983425,1495,2.75322,37.67,-122.14,1.883
2.7171,38,8.29545,1.76705,569,3.23295,38.7,-123.24,1.313
1.8625,40,2.42205,1.03802,1150,4.37262,34.06,-118.26,1.313
7.5992,15,7.63485,0.975104,855,3.54772,32.91,-117.11,3.106
0.536,16,4.5,1.5,3,0.75,34.04,-118.44,3.5
1.9125,36,3.33272,1.02941,1501,2.75919,34.14,-118.24,2.38
5.3015,40,6.6963,1.11852,746,2.76296,37.71,-122.07,2.549
4.7344,29,6.44416,0.994805,1188,3.08571,34.04,-117.31,1.346
3.2599,47,4.75083,1.04125,2229,3.67822,37.35,-121.89,1.831
3.1992,41,3.30224,1.06343,562,2.09701,33.99,-118.46,3.038
7.5695,16,7.99299,0.997664,1341,3.13318,37.93,-121.94,3.204
2.2095,36,3.66441,1.11525,1337,2.2661,34.16,-118.13,1.767
5.5875,11,5.8533,0.98533,1393,3.40587,37.26,-121.83,2.593
1.4036,31,3.49244,1.06297,1358,1.71033,35.28,-120.66,2.096
3.5833,39,5.27922,1.2013,344,2.23377,33.98,-118.36,2.188
1.6232,7,4.99346,1.14488,2049,2.23203,34.49,-117.32,0.934
2.2083,52,4.10744,1.09091,547,4.52066,34.03,-118.21,1.463
3.125,19,5.375,1.16071,150,2.67857,34.12,-116.05,0.656
3.1856,32,5.47208,1.05076,555,2.81726,37.68,-121.76,1.869
5.223,33,5.58413,0.987302,943,2.99365,34.2,-118.57,2.092
2.5682,36,5.44,1.05556,1268,2.81778,32.71,-117.07,1.091
4.875,33,6.28099,0.987603,658,2.71901,33.78,-117.96,2.693
4.9932,18,6.21181,1.03666,3112,3.16904,33.99,-117.94,2.84
2.3421,48,3.42553,1.04681,633,2.69362,34.1,-118.28,2
2.0192,18,3.39617,1.08946,1033,3.30032,36.94,-121.77,1.713
3.0192,24,4.21475,0.969631,1844,4,36.93,-121.77,1.843
3.8893,25,4.5764,1.04236,1755,2.65507,37.26,-121.88,2.186
3.2317,41,3.86166,1.04743,865,3.41897,37.32,-121.89,1.848
7.2472,30,7.63793,1.04545,1995,3.12696,33.96,-117.97,4.419
8.5888,35,8.05612,1.07143,570,2.90816,37.35,-122.07,5.00001
2.3333,52,3.80737,1.11055,1480,2.47906,34.09,-118.28,1.965
4.6452,27,5.0486,1.03115,5023,3.1296,37.65,-122.47,2.362
2.6875,16,5.30352,1.10569,865,2.34417,36.98,-121.91,2.333
4.2679,25,4.942,1.036,1539,3.078,33.84,-117.97,1.917
6.2778,36,6.16996,0.996047,740,2.9249,33.84,-118.34,3.097
3.7807,9,4.99768,1.0453,2240,2.60163,34.68,-118.16,1.109
1.7929,14,4.08565,1.0364,1195,2.55889,39.16,-123.2,0.823
3.3929,28,5.67396,1.06565,1365,2.98687,38.22,-121.24,1.13
2.2381,35,4.18081,1.09225,774,2.85609,33.86,-118.19,1.375
4.125,30,5.38462,2.92308,20,1.53846,38.92,-122.65,1.125
2.7002,6,4.14925,1.17999,4092,2.28731,34.05,-117.31,0.883
3.1618,17,5.16698,1.08255,1349,2.53096,34.29,-119.14,1.542
3.2929,27,5.06871,1.08712,2002,2.45644,36.71,-121.66,1.575
2.4353,36,5.71721,1.08197,700,2.86885,38.19,-121.57,1.625
2.7411,14,4.28571,1.47619,134,1.59524,37.3,-121.87,1.125
2.2321,36,5.86567,1.44776,573,4.27612,35.52,-119.28,0.375
6.1288,18,8.15455,1.29091,263,2.39091,34.23,-118.66,3.5
6.8753,26,6.98729,0.974576,1241,2.62924,37.36,-122.04,4.03
5.0482,45,5.80092,1.04119,1036,2.37071,34.17,-118.05,3.889
0.9407,40,4.56989,1.22043,764,4.10753,35.36,-119,0.436
4.8304,35,6.96196,1.19022,710,3.8587,33.92,-118.32,1.528
4.3897,36,6.02295,1.0459,810,2.65574,33.8,-118.11,2.35
2.4678,18,4.91716,1.08692,5466,2.47442,36.8,-119.74,0.743
2.8611,31,4.38577,1.20225,603,2.25843,33.03,-117.33,3.143
3.9934,18,4.85714,0.809524,55,2.61905,34.08,-118.68,5.00001
2.2262,25,6.45701,1.11312,772,3.49321,36.2,-119.32,0.645
2.4828,25,4.08565,1.0985,956,2.04711,32.75,-117.14,1.333
2.5625,2,2.77193,0.754386,94,1.64912,37.82,-122.29,0.6
1.3062,10,3.01648,1.06844,1245,1.57795,37.78,-122.43,2.2
3.4211,43,4.6151,0.977901,1230,2.26519,33.8,-118.14,2.039
2.6818,8,4.64967,1.1634,2251,2.94248,34.09,-117.63,1.141
7.3681,13,7.58403,1.15826,2061,2.88655,33.85,-117.77,3.531
3.225,32,4.30571,1.08286,1082,3.09143,33.88,-118.21,1.382
5.7652,18,6.68959,1.09234,1945,3.82122,33.87,-118.07,2.991
3.1333,30,5.92553,1.13121,966,3.42553,36.51,-119.65,1
5.3275,5,6.49006,0.991054,3464,3.44334,33.69,-117.39,1.687
5.0634,52,4.73256,0.986047,1193,2.77442,37.73,-122.45,2.642
3.9696,25,10.3529,1.20588,99,2.91176,34.01,-117.61,5
2.7153,35,3.45928,0.993485,1026,3.34202,34,-118.41,2.655
4.5,30,5.53333,0.977778,167,3.71111,38.04,-121.32,0.928
2.2431,47,6.37117,1.22699,719,2.20552,37.85,-122.27,1.727
3.4701,12,4.91786,1.06071,2272,2.70476,32.65,-117.07,2.049
2.3958,33,4.94131,1.1219,1459,3.29345,34.6,-118.12,0.945
4.5875,32,6.71242,1.05882,843,2.7549,38.33,-122.77,2.907
1.9387,30,3.65529,1.16941,3543,4.16824,33.79,-118.19,1.417
3.724,15,5.15128,1.06865,5008,3.04253,38.14,-122.24,1.316
3.0043,24,16.7933,3.42737,780,2.17877,39.32,-120.26,1.221
2.7958,32,5.06326,1.14842,1342,3.26521,37.95,-121.23,0.59
2.288,19,3.70378,0.988072,868,1.72565,32.8,-117.24,2.1
2.1173,34,4.12323,1.04444,1479,2.98788,34.03,-118.31,1.566
3.125,48,6.43071,1.14981,610,2.28464,34.14,-117.29,0.976
10.5142,23,7.68343,0.991124,922,2.72781,37.34,-122.08,5.00001
3.1875,26,3.92184,1.18621,894,2.05517,34.03,-118.43,3.727
3.7333,36,6.30025,1.20102,1213,3.08651,38,-122.05,1.364
4.3164,6,3.35347,0.977629,1754,3.92394,33.99,-118.22,1.432
6,40,5.9902,1.00654,751,2.45425,37.53,-122.3,3.842
6.0266,8,6.46628,1.02053,777,2.27859,32.83,-117.04,1.774
4,49,4.3617,0.978723,1008,3.06383,37.73,-122.43,2.64
2.375,26,6,1,13,1.625,35.87,-120.13,0.713
2.59,21,5.84076,1.02229,1120,3.56688,36.71,-119.52,0.693
2.6397,32,4.67832,0.965035,859,3.0035,36.34,-119.66,0.597
2.4757,26,5.9,1.11786,762,2.72143,40.38,-120.42,0.856
3.9338,17,5.60218,0.997275,1259,3.43052,36.8,-119.71,0.847
4.7566,18,5.9587,0.976087,1507,3.27609,37.99,-121.83,1.425
1.2857,36,3.72458,1.11017,1034,4.38136,34.01,-118.25,0.993
3.3713,29,4.35981,1.06807,1747,2.83144,33.87,-118.15,1.982
3.9667,27,5.793,1.09038,961,2.80175,36.95,-122.04,2.658
4.2743,28,6.07734,0.992806,1543,2.77518,38.68,-121.34,1.24
1.75,43,4.05357,1.03571,1005,4.48661,34.04,-118.17,1.34
2.5763,28,3.43065,1.00806,3160,5.09677,34.06,-118.06,1.739
4.7125,27,6.42151,1.02616,1034,3.00581,34.21,-118.58,2.509
4.1477,38,5.53037,1.1215,891,2.08178,32.83,-117.31,5.00001
4.918,19,5.93056,1.01042,906,3.14583,38.03,-121.33,1.306
4.3644,19,5.85478,1.0117,3517,2.42051,38.56,-121.39,1.374
2.4117,16,4.93366,0.985437,1675,2.71036,38.35,-122.72,1.625
2.9097,31,4.26385,0.98153,739,1.94987,37.72,-122.15,2.109
3.0139,45,4.79661,1.0678,1076,2.27966,38.23,-122.63,1.941
2.0549,44,3.89768,1.18726,1243,2.39961,37.35,-121.89,1.938
3.0079,25,4.17023,1.0313,2758,2.10534,37.3,-121.97,2.773
1.8819,16,6.68649,1.46468,1802,2.23296,35.58,-118.45,0.697
3.1667,22,3.80384,1,1952,2.08102,33.66,-117.9,1.61
3.1917,6,7.05801,1.44199,1938,2.6768,34.57,-117.1,1.128
3.5962,36,6.09542,1.14885,632,2.41221,40.31,-121.24,0.936
5.979,19,6.86056,1.02258,2374,3.15272,33.91,-118,2.852
6.1572,25,7.05114,1.02273,960,2.72727,33.63,-117.97,3.44
1.7411,52,5.43554,1.22997,670,2.33449,38.11,-122.26,0.984
2.1167,48,4.53618,1.07566,696,2.28947,34.69,-118.14,0.949
2.3182,24,5.57493,1.20436,812,2.21253,33.17,-117.36,5.00001
4.87,19,5.66211,0.974609,1356,2.64844,33.03,-117.27,2.209
3.3801,20,4.18699,1.08672,2109,2.85772,34.1,-118.11,1.925
1.7212,43,3.86806,1.14583,573,3.97917,37.95,-121.27,0.59
6.0538,20,6.2326,0.962649,1944,3.30051,37.24,-121.82,2.41
2.5694,27,3.14377,0.955272,777,2.48243,34.43,-119.72,2.75
3.6193,35,4.25192,1.15515,1277,1.9616,33.78,-118.15,2.5
4.8021,45,5.92754,1.04348,340,2.46377,37.74,-121.42,1.335
2.8649,4,4.95848,1.12111,1311,2.26817,34.93,-120.43,1.865
1.2826,48,2.38655,0.87395,422,3.54622,33.96,-118.21,1.455
3.5046,18,5.63481,1.05461,856,2.9215,39.75,-121.86,1.183
5.4618,13,36.0606,7.10606,309,2.34091,34.23,-116.86,1.478
2.7875,30,4.70742,1.06332,1023,2.23362,36.99,-122.02,2.45
4.6042,31,5.53982,0.995575,714,3.15929,33.84,-117.98,2.207
4.3229,18,5.3986,0.951049,825,2.88462,37.75,-121.52,3.273
2.6133,49,5.16376,1.10044,1131,2.46943,38.11,-122.25,1.031
4.03,15,6.05337,1.10674,857,2.4073,38.77,-120.58,1.412
3.3846,15,2.93033,0.877049,1394,5.71311,33.74,-117.91,1.625
5.222,42,5.84746,1.05273,1253,2.3597,34.05,-118.39,5.00001
3.2636,22,4.625,1.05543,2901,3.15326,33.78,-117.98,1.802
3.3021,36,5.03212,1.06852,1105,2.36617,37.69,-122.08,1.957
7.3195,37,7.50677,1.08317,1315,2.54352,37.89,-122.2,3.675
4.9342,23,5.7358,1.0532,4580,4.12985,34.04,-117.93,1.81
3.3984,36,5.73913,1.0163,829,2.25272,40.78,-124.15,0.9
3.5164,47,5.97064,1.07427,1700,2.9361,34.18,-118.14,2.265
3.3438,8,5.45517,1.12414,2184,3.01241,34.09,-117.38,1.276
1.3286,17,5.27297,1.23097,820,2.15223,33.9,-116.81,0.818
1.4688,40,4.32,1.06667,761,3.38222,33.91,-118.24,0.882
6.912,29,6.61563,1.01276,1638,2.61244,37.49,-122.28,4.572
10.2264,52,4.66667,0.888889,37,1.37037,37.74,-122.39,2.25
1.7083,44,4.34928,0.985646,1680,4.01914,36.75,-119.77,0.483
3.2422,33,4.6722,1.10788,621,2.57676,32.74,-117.11,1.231
3.6176,24,6.47826,1.0087,300,2.6087,38.35,-122,1.585
6.5044,33,6.76724,1.00431,1214,2.61638,34.01,-118.36,3.504
2.3696,17,5.76574,1.1335,1182,2.97733,39.04,-120.99,1.668
2.5523,36,3.93077,1.02179,3097,3.97051,34.09,-118.17,1.565
4.0962,33,6.1308,1.05485,677,2.85654,38.25,-122.62,1.702
0.8198,6,2.66044,1.09034,542,1.68847,34.17,-118.37,3.25
3.6742,9,5.85629,1.01996,1227,2.4491,37.34,-120.47,1.172
1.0972,48,4.80749,1.15508,987,2.63904,37.83,-122.27,1.045
2.8269,40,5.08949,1.05837,901,3.50584,33.9,-118.24,0.98
2.2337,23,5.49143,1.17429,872,2.49143,40.92,-121.63,0.645
5.6558,38,6.15447,1.00813,319,2.5935,37.89,-122.07,2.633
9.0243,14,7.87611,0.99115,764,3.38053,37.92,-121.99,4.277
5.6277,14,5.7241,1.03914,8012,3.07444,37.58,-122.04,2.698
1.9107,13,6.63128,1.42458,442,2.46927,33.5,-116.69,1.557
3.0574,25,3.76586,1.1488,1890,2.06783,34.03,-118.39,3.194
1.875,33,14.7778,3.22222,71,2.62963,34.3,-117.18,0.713
2.6023,22,4.74133,1.088,875,2.33333,38.61,-121.34,1.422
5.2909,52,6.05172,1.07184,743,2.13506,37.79,-122.46,5.00001
7.8392,36,7.76277,1.08394,761,2.77737,34.17,-118.55,5.00001
4.5556,35,5.23624,1.12615,1148,2.63303,37.47,-122.24,3.186
2.6964,33,6.16061,1.13636,914,2.7697,39.16,-121.57,0.685
4.6648,21,6.03683,0.932011,1094,3.09915,34.87,-120.43,1.93
3.0519,30,3.67541,1.05663,2324,3.20994,33.95,-118.35,1.375
4.4628,26,6.05956,0.990596,1001,3.13793,34.65,-120.48,1.344
2.83,22,6.19231,1.15837,1168,2.64253,41.12,-121.47,0.887
3.1667,23,3.77396,1.03255,1809,3.27125,34.19,-118.49,2.02
2.5195,20,5.04971,1.12865,730,2.1345,37.96,-121.33,0.926
2.4708,22,5.64533,1.38235,1384,2.39446,41.13,-124.06,1.194
3.7478,13,6.29744,1.03248,1767,3.02051,34.41,-117.33,1.135
1.6635,14,3.74058,1.12417,762,1.68958,32.79,-115.58,0.644
6.174,52,7.63983,1.01695,572,2.42373,37.9,-122.27,3.588
5.5277,30,5.7819,0.941995,1250,2.90023,32.84,-117.19,1.971
6.5475,25,6.99237,1.10296,2626,2.50334,37.49,-122.28,5.00001
4.9779,23,4.85801,1.01014,1309,2.65517,33.9,-118.34,2.246
1.2206,20,3.94654,1.13208,1201,3.77673,33.79,-118.18,1.625
4.1189,42,5.8399,0.963255,864,2.26772,38.01,-122.12,1.724
1.5625,33,3.62346,1.04938,730,4.50617,36.61,-119.53,0.558
2.0769,17,3.94167,1.21111,1300,3.61111,33.78,-118.18,1
2.975,43,4.11111,1.05413,2086,1.98101,37.77,-122.25,2.434
2.8289,38,4.43815,1.03113,3523,2.81165,36.68,-121.67,1.683
4.3409,39,5.15224,0.99403,892,2.66269,34.09,-117.9,1.918
5.1017,17,5.8951,0.986014,1756,4.09324,37.35,-121.8,2.407
2.6178,52,3.30429,1.03619,2328,3.12064,34.08,-118.28,2.031
2.4896,39,5.11765,1.13725,161,1.57843,37.66,-121.87,2.385
4.5395,21,5.86625,1.06643,3193,2.82817,33.84,-118.04,2.56
1.1687,48,3.29231,0.984615,1586,3.48571,34.11,-117.29,0.708
5.5924,42,5.56215,0.997175,927,2.61864,34.11,-118.08,2.853
3.5072,29,5.15414,0.917293,2477,4.65602,34.1,-117.74,1.219
2.4375,29,6.74497,1.02013,513,3.44295,33.99,-117.64,1.813
3.7143,35,5.20588,0.959559,995,3.65809,34.24,-118.43,1.787
3,18,4.54262,1.036,6071,3.21387,36.68,-121.8,1.622
3.0288,40,5.12551,1.04049,547,2.21457,38.13,-121.73,1.644
5.8652,20,7.11602,0.98895,539,2.9779,34.18,-118.9,3.026
5.533,24,6.68278,1.00302,899,2.71601,34.28,-119.22,2.997
4.0878,22,4.33479,1.03282,1231,2.69365,33.91,-118.11,1.537
4.3359,47,5.07028,1.0502,1514,3.04016,34.14,-118.19,2.092
6.7861,28,7.38686,1.08394,617,2.25182,33.55,-117.77,4.991
6.3088,6,7.03861,1.14383,6223,2.64022,33.48,-117.7,3.403
2.3187,34,5.18473,1.0936,780,1.92118,32.85,-117.27,4.889
3.4801,52,3.97715,1.18588,1310,1.36033,37.8,-122.44,5.00001
